objectID,color,description,hierarchical_categories,price,product_type,showcase_image,tags,taxable,title,units_sold,weight
apparel-sample-data-2314044000,"[""black""]","Discover the simplicity of our classic black t-shirt, designed with a comfortable rounded neckline and short sleeves. Ideal for everyday wear, this versatile tee seamlessly fits into any casual wardrobe.","{""lvl0"": ""clothing"", ""lvl1"": ""clothing > tops""}",25,tops,https://storage.googleapis.com/landingpage-al/91437517_0.jpg,"[""classic"", ""black"", ""casual""]",true,Classic black t-shirt,980,0.53
apparel-sample-data-2314040000,"[""black""]","Introducing our black casual t-shirt, crafted from soft cotton for ultimate comfort. This unique piece features bold white lettering that inspires action, making it a stylish choice for your everyday look.","{""lvl0"": ""apparel"", ""lvl1"": ""apparel > tops""}",25,tops,https://storage.googleapis.com/landingpage-al/91437222_0.jpg,"[""cotton"", ""casual"", ""graphic""]",true,Black Casual T-shirt with Graphic Message,980,0.53
apparel-sample-data-2314029000,"[""white""]","Discover comfort in our White V-Neck T-Shirt. Crafted from soft fabric, this tee offers a relaxed fit that is perfect for laid-back days or pairing with your favorite jeans. Ideal for versatile styling, it’s a wardrobe essential.","{""lvl0"": ""apparel"", ""lvl1"": ""apparel > tops""}",29.99,tops,https://storage.googleapis.com/landingpage-al/91435677_0.jpg,"[""v-neck"", ""short-sleeve"", ""casual"", ""comfortable""]",true,White V-Neck T-Shirt,2380,0.36
apparel-sample-data-2314028000,"[""white""]","Discover the simplicity and comfort of our classic white round neck t-shirt. Made from soft, breathable fabric, this versatile piece is ideal for casual outings and effortless layering.","{""lvl0"": ""apparel"", ""lvl1"": ""apparel > tops""}",25,tops,https://storage.googleapis.com/landingpage-al/91435647_0.jpg,"[""white"", ""casual"", ""comfortable""]",true,Classic White Round Neck T-Shirt,3421,0.32
apparel-sample-data-2314026000,"[""black""]","Discover the ultimate blend of comfort and style with our black distressed t-shirt. Designed with a relaxed fit and a classic round neckline, this soft fabric piece adds a touch of casual elegance to your wardrobe, perfect for everyday wear.","{""lvl0"": ""apparel"", ""lvl1"": ""apparel > tops""}",25,tops,https://storage.googleapis.com/landingpage-al/91435552_0.jpg,"[""black"", ""distressed"", ""comfortable""]",true,Black Distressed T-Shirt,3421,0.88
apparel-sample-data-2314023000,"[""black""]","Discover the essential black crew neck t-shirt, crafted for effortless style and comfort. Its classic design and comfortable fit make it a versatile addition to any wardrobe, perfect for casual outings or layering.","{""lvl0"": ""apparel"", ""lvl1"": ""apparel > tops""}",25,tops,https://storage.googleapis.com/landingpage-al/91434850_0.jpg,"[""black"", ""crew neck"", ""short sleeve"", ""basic""]",true,Classic Black Crew Neck T-Shirt,4523,0.41
apparel-sample-data-2314021000,"[""white""]","Discover comfort in our classic white v-neck t-shirt, crafted from soft, stretchy fabric. Designed with short sleeves, this versatile piece effortlessly transitions from casual outings to dressed-up occasions.","{""lvl0"": ""apparel"", ""lvl1"": ""apparel > tops""}",25,tops,https://storage.googleapis.com/landingpage-al/91434739_0.jpg,"[""casual"", ""comfortable"", ""versatile""]",true,Classic White V-Neck T-Shirt,950,0.55
apparel-sample-data-2314016000,"[""black""]","Discover this stylish black t-shirt adorned with white star prints, perfect for adding a fun twist to your casual wardrobe. Made for comfort and versatility, this piece pairs effortlessly with jeans or shorts for a relaxed look.","{""lvl0"": ""apparel"", ""lvl1"": ""apparel > tops""}",30,tops,https://storage.googleapis.com/landingpage-al/91434079_0.jpg,"[""printed"", ""casual"", ""blue"", ""black""]",true,Black printed t-shirt,875,0.55
apparel-sample-data-2314010000,"[""pink""]","Add a playful touch to your wardrobe with our pink crop top featuring a charming white heart design. Crafted with a ribbed texture and a rounded neckline, this top provides both comfort and a trendy look, making it perfect for casual outings.","{""lvl0"": ""apparel"", ""lvl1"": ""apparel > tops""}",35,tops,https://storage.googleapis.com/landingpage-al/91432858_0.jpg,"[""graphic"", ""casual"", ""stylish"", ""comfortable""]",true,Pink Crop Top with Heart Design,980,0.91
apparel-sample-data-2314009000,"[""black"", ""white""]","Adorned with a captivating starry night design, this black and white t-shirt features a delicate mesh overlay embellished with shimmering silver stars and sequins. Perfect for adding a touch of whimsy to your attire, it effortlessly complements both casual and chic outfits.","{""lvl0"": ""apparel"", ""lvl1"": ""apparel > tops""}",45,tops,https://storage.googleapis.com/landingpage-al/91432766_1.jpg,"[""black"", ""embellished"", ""silk"", ""elegant""]",true,Black and White Starry Night T-Shirt,980,0.45
apparel-sample-data-2314007000,"[""black""]","Discover the perfect blend of comfort and style with our black long sleeve top. Featuring a rounded neckline and crafted from soft knit material, this basic style offers versatility for any occasion.","{""lvl0"": ""apparel"", ""lvl1"": ""apparel > tops""}",45,tops,https://storage.googleapis.com/landingpage-al/91432536_0.jpg,"[""basic"", ""comfortable"", ""soft knit""]",true,Black Long Sleeve Top,982,0.52
apparel-sample-data-2314001000,"[""black""]","Discover the chic style of our black cut-out shoulder top. Crafted from lightweight material, this top features short sleeves and an eye-catching cut-out design that adds a modern twist to your casual outfit.","{""lvl0"": ""apparel"", ""lvl1"": ""apparel > tops""}",45,tops,https://storage.googleapis.com/landingpage-al/91430130_1.jpg,"[""lightweight"", ""cut-out"", ""fashionable""]",true,Black Cut-Out Shoulder Top,958,0.19
apparel-sample-data-2313998000,"[""black""]","Discover the perfect blend of comfort and style with our black loose fit t-shirt. Designed with short sleeves and a classic round neckline, this t-shirt is crafted from soft, breathable fabric. Its versatile design makes it an ideal choice for pairing with jeans or leggings for effortless everyday looks.","{""lvl0"": ""apparel"", ""lvl1"": ""apparel > tops""}",25,tops,https://storage.googleapis.com/landingpage-al/91429852_0.jpg,"[""black"", ""fringed-hem"", ""jersey"", ""comfortable"", ""versatile""]",true,Black Loose Fit T-Shirt,4320,0.23
apparel-sample-data-2313986000,"[""green""]","Add a splash of personality to your wardrobe with our green graphic t-shirt. This comfortable fit features bold white lettering that playfully proclaims 'have fun', making it an ideal choice for casual outings or relaxed weekends.","{""lvl0"": ""apparel"", ""lvl1"": ""apparel > tops""}",30,tops,https://storage.googleapis.com/landingpage-al/91427909_0.jpg,"[""multicolor"", ""graphic"", ""casual""]",true,Green Graphic T-Shirt,980,0.34
apparel-sample-data-2313973000,"[""white"", ""black"", ""red""]","Discover casual comfort with our Graphic Heart Pattern T-Shirt. Crafted from soft cotton, this white tee features a stylish black and red heart design, complemented by a classic crew neckline and short sleeves. Perfect for adding a playful touch to your everyday wardrobe.","{""lvl0"": ""apparel"", ""lvl1"": ""apparel > tops""}",25,tops,https://storage.googleapis.com/landingpage-al/91426225_0.jpg,"[""cotton"", ""multicolor"", ""graphic""]",true,Graphic Heart Pattern T-Shirt,879,0.25
apparel-sample-data-2313971000,"[""white""]","Discover comfort with our white relaxed-fit t-shirt. Designed with a rounded neckline and crafted from soft, lightweight material, this sleeveless tee is perfect for casual outings or layering under jackets.","{""lvl0"": ""apparel"", ""lvl1"": ""apparel > tops""}",35,tops,https://storage.googleapis.com/landingpage-al/91426059_0.jpg,"[""linen"", ""lightweight"", ""relaxed_fit"", ""casual""]",true,White Relaxed Fit T-Shirt,980,0.28
apparel-sample-data-2313959000,"[""white"", ""light pink""]","Discover the charm of our White Floral Lace Top, featuring a beautifully intricate floral design in delicate fabrics. With a round neckline and a chic silhouette, this versatile piece pairs effortlessly with various bottoms, making it an essential addition to your wardrobe.","{""lvl0"": ""apparel"", ""lvl1"": ""apparel > tops""}",45,tops,https://storage.googleapis.com/landingpage-al/91425385_0.jpg,"[""delicate"", ""floral"", ""fashionable""]",true,White Floral Lace Top,982,0.47
apparel-sample-data-2313945000,"[""dark olive green""]","Discover comfort with our dark olive green t-shirt featuring a classic scoop neckline. This tee is crafted from soft material, perfect for layering or wearing on its own, making it a versatile addition to your wardrobe.","{""lvl0"": ""apparel"", ""lvl1"": ""apparel > tops""}",35,tops,https://storage.googleapis.com/landingpage-al/91423096_0.jpg,"[""soft"", ""casual"", ""comfortable""]",true,Dark Olive Green Scoop Neck T-Shirt,875,0.12
apparel-sample-data-2313937000,"[""black""]","Add a touch of whimsy to your wardrobe with our black t-shirt featuring a vibrant blue octopus design adorned with a charming pink bow and a pearl. Crafted from soft material for ultimate comfort, this shirt is perfect for casual outings and making a unique style statement.","{""lvl0"": ""apparel"", ""lvl1"": ""apparel > tops""}",25,tops,https://storage.googleapis.com/landingpage-al/91421446_0.jpg,"[""black"", ""graphic"", ""playful"", ""casual""]",true,Black octopus graphic t-shirt,980,0.24
apparel-sample-data-2313935000,"[""red""]","Showcase your team spirit with this vibrant red women's sports shirt featuring 'Bulls' prominently displayed. Crafted for comfort, this shirt is perfect for both game days and casual outings.","{""lvl0"": ""apparel"", ""lvl1"": ""apparel > tops""}",35,tops,https://storage.googleapis.com/landingpage-al/91419982_0.jpg,"[""women's"", ""nfl"", ""authentic"", ""athletic"", ""v-neck""]",true,Red Bulls Sports Shirt,982,0.46
apparel-sample-data-2313927000,"[""white""]","Discover the charm of our white lace top, featuring an exquisite crochet design and a high neckline complemented by a keyhole cutout. With its loose fit and delicate sheer fabric, this top adds a touch of femininity to any ensemble, effortlessly styled with your favorite white jeans for a relaxed yet fashionable look.","{""lvl0"": ""apparel"", ""lvl1"": ""apparel > tops""}",75,tops,https://storage.googleapis.com/landingpage-al/91417609_0.jpg,"[""lace"", ""feminine"", ""casual"", ""stylish""]",true,White Lace Top with Crochet Design,984,0.78
apparel-sample-data-2313926000,"[""yellow""]","Make a bold statement with our NYC 1989 graphic t-shirt. This loose-fit yellow tee features striking black lettering, perfect for adding a casual flair to your everyday style. Ideal for those who love to express themselves through fashion.","{""lvl0"": ""apparel"", ""lvl1"": ""apparel > tops""}",25,tops,https://storage.googleapis.com/landingpage-al/91417590_0.jpg,"[""multicolor"", ""yellow"", ""casual"", ""graphic""]",true,NYC 1989 Graphic T-Shirt,950,0.31
apparel-sample-data-2313925000,"[""black"", ""brown""]","Discover sophistication with our striped long sleeve top in a refined black and brown color scheme. Crafted from a soft cotton-blend material, it offers both comfort and style, making it an ideal choice for any casual or semi-formal occasion.","{""lvl0"": ""apparel"", ""lvl1"": ""apparel > tops""}",45,tops,https://storage.googleapis.com/landingpage-al/91417548_0.jpg,"[""cotton-blend"", ""long-sleeve"", ""striped"", ""comfortable""]",true,Striped Long Sleeve Top,894,0.62
apparel-sample-data-2313921000,"[""light blue"", ""white""]","Discover the perfect blend of comfort and style with our blue and white striped loose fit tee. Designed with a boxy cut and crafted from lightweight material, this shirt offers ease of movement while presenting a fresh and casual look.","{""lvl0"": ""apparel"", ""lvl1"": ""apparel > tops""}",45,tops,https://storage.googleapis.com/landingpage-al/91416559_0.jpg,"[""breezy"", ""striped"", ""casual"", ""lightweight""]",true,Blue and White Striped Loose Fit Tee,875,0.98
apparel-sample-data-2313913000,"[""white""]","Discover the ultimate in comfort with our white loose fit v-neck t-shirt. Crafted from a soft and stretchy material, it features a stylish small gold zipper on the front, making it perfect for relaxed, everyday wear.","{""lvl0"": ""apparel"", ""lvl1"": ""apparel > tops""}",35,tops,https://storage.googleapis.com/landingpage-al/91414939_0.jpg,"[""casual"", ""comfortable"", ""v-neck"", ""soft""]",true,White Loose Fit V-Neck T-Shirt,982,0.92
apparel-sample-data-2313912000,"[""yellow"", ""green""]","Add a pop of color to your wardrobe with this vibrant yellow high-low t-shirt. Featuring a stylish green neckline and a flattering round cut, this piece is perfect for both casual outings and relaxed weekends.","{""lvl0"": ""apparel"", ""lvl1"": ""apparel > tops""}",35,tops,https://storage.googleapis.com/landingpage-al/91414833_0.jpg,"[""yellow"", ""high-low"", ""casual""]",true,Yellow high-low t-shirt,1023,0.75
apparel-sample-data-2313908000,"[""deep blue""]","Discover the perfect blend of comfort and style with our deep blue ribbed top. Featuring a rounded neckline and short sleeves, this versatile piece is crafted from a soft, stretchy fabric, making it ideal for layering under a blazer or wearing on its own for a relaxed look.","{""lvl0"": ""apparel"", ""lvl1"": ""apparel > tops""}",35,tops,https://storage.googleapis.com/landingpage-al/91414146_0.jpg,"[""blue"", ""ribbed"", ""comfortable"", ""layering piece""]",true,Deep Blue Ribbed Top,890,0.15
apparel-sample-data-2313907000,"[""white""]","Embrace everyday comfort with our Soft Ribbed White T-Shirt. Crafted from soft, stretchy material, this short sleeve shirt features a classic round neckline, making it a versatile addition to your wardrobe. Perfectly paired with jeans or leggings for a laid-back look.","{""lvl0"": ""apparel"", ""lvl1"": ""apparel > tops""}",25,tops,https://storage.googleapis.com/landingpage-al/91414134_0.jpg,"[""ribbed"", ""casual"", ""comfortable""]",true,Soft Ribbed White T-Shirt,987,0.81
apparel-sample-data-2313905000,"[""white""]","Discover the charm of our white lace top, crafted from delicate fabric and featuring a scalloped edge that adds a graceful touch. This piece combines softness and elegance, making it a versatile addition to your casual or dressy outfits.","{""lvl0"": ""apparel"", ""lvl1"": ""apparel > tops""}",45,tops,https://storage.googleapis.com/landingpage-al/91413771_0.jpg,"[""lace-hem"", ""feminine"", ""soft""]",true,White Lace Top,980,0.75
apparel-sample-data-2313893000,"[""black""]","Discover our black workout shirt featuring a stylish mesh overlay adorned with the word 'love' in vibrant pink. Designed in a sports bra style, it includes a rounded neckline and a wide strappy back, perfect for both workouts and casual wear.","{""lvl0"": ""apparel"", ""lvl1"": ""apparel > tops""}",35,tops,https://storage.googleapis.com/landingpage-al/91412444_0.jpg,"[""black"", ""plus"", ""mesh"", ""graphic"", ""sporty""]",true,Black Sporty Graphic T-Shirt,892,0.06
apparel-sample-data-2313878000,"[""red"", ""maroon""]","Discover comfort and style with our red long sleeve shirt. Featuring a unique gold zipper at the front, this piece is crafted from soft linen for a loose fit that's perfect for casual outings or relaxed weekends.","{""lvl0"": ""apparel"", ""lvl1"": ""apparel > tops""}",45,tops,https://storage.googleapis.com/landingpage-al/91411365_0.jpg,"[""long-sleeved"", ""soft"", ""casual"", ""versatile""]",true,Red Long Sleeve Shirt,890,0.19
apparel-sample-data-2313869000,"[""blue""]","Discover comfort and style with our blue relaxed fit t-shirt. Crafted from soft, stretchy material, it features a rounded neckline and short sleeves, making it an ideal choice for casual outings or lounging at home.","{""lvl0"": ""apparel"", ""lvl1"": ""apparel > tops""}",35,t-shirts,https://storage.googleapis.com/landingpage-al/91410542_0.jpg,"[""blue"", ""petite"", ""boat-neck"", ""soft"", ""relaxed fit""]",true,Blue Relaxed Fit T-Shirt,980,0.01
apparel-sample-data-2313864000,"[""red""]","This vibrant red t-shirt features a stunning floral design on the front, complemented by a classic round neckline and comfortable short sleeves. Perfect for casual outings, it combines style and comfort effortlessly.","{""lvl0"": ""apparel"", ""lvl1"": ""apparel > tops""}",35,tops,https://storage.googleapis.com/landingpage-al/91410044_0.jpg,"[""graphic"", ""floral"", ""casual""]",true,Red Floral Graphic T-Shirt,982,0.73
apparel-sample-data-2313862000,"[""white""]","Show your love for London with this stylish white graphic t-shirt. Adorned with a striking black design featuring iconic landmarks like a red double-decker bus, the London Eye, and Big Ben, this casual tee adds a touch of urban flair to any outfit.","{""lvl0"": ""apparel"", ""lvl1"": ""apparel > tops""}",35,tops,https://storage.googleapis.com/landingpage-al/91409779_0.jpg,"[""graphic"", ""casual"", ""urban""]",true,White Graphic T-Shirt,892,0.46
apparel-sample-data-2313852000,"[""white""]","Discover comfort and style with our white v-neck t-shirt, featuring a soft cotton fabric that ensures a relaxed fit for everyday wear. Adorned with a tasteful gray logo displaying 'Calvin Klein' in a sleek, modern font, this t-shirt is a versatile addition to your wardrobe.","{""lvl0"": ""apparel"", ""lvl1"": ""apparel > tops""}",45,tops,https://storage.googleapis.com/landingpage-al/91408710_0.jpg,"[""v-neck"", ""soft"", ""casual"", ""modern""]",true,Calvin Klein White V-Neck T-Shirt,879,0.57
apparel-sample-data-2313848000,"[""black""]","Discover the subtle sophistication of our black lace top, designed with an intricate lace yoke and stylish brown leather trim. This piece features a flattering round neckline and cap sleeves, making it ideal for both casual outings and more formal occasions.","{""lvl0"": ""apparel"", ""lvl1"": ""apparel > tops""}",75,tops,https://storage.googleapis.com/landingpage-al/91408196_0.jpg,"[""lace-yoke"", ""sophisticated"", ""jersey""]",true,Black Lace Top with Leather Trim,984,0.82
apparel-sample-data-2313847000,"[""white"", ""black""]","Discover a modern twist on classic style with our Off White Graphic T-Shirt. Crafted from soft cotton, this white tee features striking black lettering that showcases the bold 'off white' logo. Designed with short sleeves and a comfortable crew neckline, it’s perfect for laid-back days or layering with your favorite jacket.","{""lvl0"": ""apparel"", ""lvl1"": ""apparel > tops""}",30,tops,https://storage.googleapis.com/landingpage-al/91408018_0.jpg,"[""black"", ""logo"", ""graphic"", ""casual""]",true,Off White Graphic T-Shirt,2500,0.43
apparel-sample-data-2313842000,"[""black""]","Discover effortless style with our black plus size jersey top. Featuring a delicate brown lace trim on the round neckline and long sleeves, this top combines comfort and elegance, making it an ideal choice for both casual and dressy occasions.","{""lvl0"": ""apparel"", ""lvl1"": ""apparel > tops""}",45,tops,https://storage.googleapis.com/landingpage-al/91407770_0.jpg,"[""black"", ""plus size"", ""lace trim"", ""jersey"", ""elegant""]",true,Black Plus Size Jersey Top,879,0.69
apparel-sample-data-2313823000,"[""black""]","This black t-shirt showcases a minimalist design featuring a striking white 'U' print. Made from soft, breathable cotton, it offers both comfort and style, making it a perfect choice for everyday wear.","{""lvl0"": ""apparel"", ""lvl1"": ""apparel > tops""}",25,tops,https://storage.googleapis.com/landingpage-al/91393810_0.jpg,"[""printed"", ""cotton"", ""casual""]",true,Black Printed T-Shirt,980,0.87
apparel-sample-data-2313822000,"[""brown""]","Discover ultimate comfort with our brown t-shirt, designed with a round neckline and short sleeves. Crafted from soft, lightweight material, it offers a relaxed fit, making it perfect for casual outings or lounging at home.","{""lvl0"": ""apparel"", ""lvl1"": ""apparel > tops""}",25,t-shirts,https://storage.googleapis.com/landingpage-al/91393182_0.jpg,"[""soft"", ""lightweight"", ""relaxed fit""]",true,Brown Soft T-Shirt,987,0.8
apparel-sample-data-2313805000,"[""brown"", ""black""]","Add a touch of wild elegance to your wardrobe with our leopard print knit sweater. Crafted from soft, breathable fabric, this loose-fit design offers comfort and style, featuring a striking mix of browns and blacks that pairs effortlessly with jeans or skirts.","{""lvl0"": ""apparel"", ""lvl1"": ""apparel > tops""}",49.99,tops,https://storage.googleapis.com/landingpage-al/91391609_0.jpg,"[""leopard print"", ""knit"", ""casual"", ""loose fit""]",true,Leopard Print Knit Sweater,980,0.37
apparel-sample-data-2313802000,"[""black"", ""white""]","Add a playful touch to your wardrobe with this polka dot top. Featuring a rounded neckline and short sleeves, this top is crafted from stretchy material for maximum comfort. The small, scattered polka dots create a charming, modern look perfect for casual outings.","{""lvl0"": ""apparel"", ""lvl1"": ""apparel > tops""}",45,tops,https://storage.googleapis.com/landingpage-al/91391274_0.jpg,"[""polka dot"", ""relaxed fit"", ""casual""]",true,Polka Dot Relaxed Fit Top,890,0.62
apparel-sample-data-2313787000,"[""light green""]","Discover a playful addition to your wardrobe with our light green t-shirt featuring an adorable cat graphic. The vibrant design highlights a charming cat face with a pink nose and bright eyes, making this tee an ideal choice for casual outings or cozy days at home.","{""lvl0"": ""apparel"", ""lvl1"": ""apparel > tops""}",25,tops,https://storage.googleapis.com/landingpage-al/91389382_0.jpg,"[""green"", ""graphic"", ""playful"", ""casual""]",true,Light Green Cat Graphic Tee,895,0.94
apparel-sample-data-2313782000,"[""white"", ""black""]","Discover the perfect blend of comfort and style with our white loose-fit t-shirt. Crafted from soft material, this tee features a stylish black strap that ties at the back, adding a unique touch to an everyday essential. Ideal for casual outings or laid-back weekends.","{""lvl0"": ""apparel"", ""lvl1"": ""apparel > tops""}",45,tops,https://storage.googleapis.com/landingpage-al/91387991_0.jpg,"[""multicolor"", ""casual"", ""v-neck"", ""tie-back""]",true,White loose-fit t-shirt with tie-back,982,0.47
apparel-sample-data-2313777000,"[""black""]","Discover effortless style with the Emilia black loose fit t-shirt. Designed with a round neckline and a small silver zipper at the back, this soft and stretchy piece offers both comfort and versatility. Perfectly paired with jeans or leggings, it's a staple for any casual wardrobe.","{""lvl0"": ""apparel"", ""lvl1"": ""apparel > tops""}",45,tops,https://storage.googleapis.com/landingpage-al/91386817_0.jpg,"[""black"", ""casual"", ""comfortable"", ""loose fit"", ""versatile""]",true,Emilia Black Loose Fit T-Shirt,890,0.21
apparel-sample-data-2313771000,"[""black""]","Discover the perfect blend of comfort and style with this black cropped t-shirt featuring a bold white logo. Crafted from soft fabric, it offers a laid-back look ideal for casual outings or lounging at home.","{""lvl0"": ""clothing"", ""lvl1"": ""clothing > tops""}",40,tops,https://storage.googleapis.com/landingpage-al/91386338_0.jpg,"[""black"", ""logo"", ""cropped"", ""casual""]",true,Calvin Klein Black Cropped T-Shirt,982,0.77
apparel-sample-data-2313755000,"[""black""]","Discover a stylish addition to your wardrobe with our black short sleeve top, featuring an eye-catching multi-colored sequin and tulle detail on the front. Designed with a classic crew neckline and a straight hemline, this top seamlessly combines comfort and contemporary flair, making it perfect for both casual outings and special occasions.","{""lvl0"": ""apparel"", ""lvl1"": ""apparel > tops""}",45,tops,https://storage.googleapis.com/landingpage-al/91381919_0.jpg,"[""black"", ""casual"", ""sequined"", ""short sleeve""]",true,Black Short Sleeve Top with Sequin Detail,875,0.29
apparel-sample-data-2313745000,"[""black""]","Discover the perfect blend of comfort and style with our black ruched one shoulder top. Crafted from a stretchy knit material, this top features a unique twisted off-the-shoulder design and a relaxed fit, making it an ideal choice for both casual outings and elegant occasions.","{""lvl0"": ""apparel"", ""lvl1"": ""apparel > tops""}",45,tops,https://storage.googleapis.com/landingpage-al/91377932_0.jpg,"[""black"", ""ruched"", ""asymmetric"", ""elegant""]",true,Black Ruched One Shoulder Top,946,0.03
apparel-sample-data-2313739000,"[""white""]","Discover effortless style with our white loose-fit blouse. This blouse features a round neckline and long sleeves, crafted from lightweight fabric for a breathable and comfortable feel. Its front zipper adds a touch of modernity, making it a versatile choice for both casual and dressed-up occasions.","{""lvl0"": ""clothing"", ""lvl1"": ""clothing > tops""}",65,tops,https://storage.googleapis.com/landingpage-al/91376538_1.jpg,"[""lightweight"", ""comfortable"", ""versatile""]",true,White loose-fit blouse,875,0.45
apparel-sample-data-2313738000,"[""black""]","Discover the comfort of our black velvet top, designed with a charming ruffled neckline and short sleeves. This loose-fitting style is crafted from soft material, making it a versatile choice for casual outings or relaxed gatherings. It features a subtle logo at the front, adding a touch of sophistication to your everyday look.","{""lvl0"": ""apparel"", ""lvl1"": ""apparel > tops""}",45,tops,https://storage.googleapis.com/landingpage-al/91376228_0.jpg,"[""velvet"", ""comfortable"", ""casual""]",true,Black Velvet Top with Ruffled Neckline,980,0.44
apparel-sample-data-2313736000,"[""white""]","Discover a fresh addition to your casual collection with our MSG graphic cotton t-shirt. Designed in classic white, it features bold black letters that convey a stylish message. Crafted from soft cotton, this t-shirt ensures comfort while making a statement in simplicity.","{""lvl0"": ""apparel"", ""lvl1"": ""apparel > tops""}",35,tops,https://storage.googleapis.com/landingpage-al/91376004_0.jpg,"[""cotton"", ""casual"", ""graphic""]",true,MSG Graphic Cotton T-Shirt,984,0.52
apparel-sample-data-2313719000,"[""blue""]","Discover a blend of comfort and style with the Kenzo blue graphic t-shirt. Crafted from soft cotton, this piece features a relaxed fit, round neckline, and short sleeves, adorned with stylish white lettering that showcases the Kenzo brand. Perfect for casual outings or lounging at home.","{""lvl0"": ""apparel"", ""lvl1"": ""apparel > tops""}",45,tops,https://storage.googleapis.com/landingpage-al/91373026_0.jpg,"[""blue"", ""casual"", ""comfortable"", ""graphic""]",true,Kenzo Blue Graphic T-Shirt,875,0.26
apparel-sample-data-2313718000,"[""white"", ""black"", ""red""]","Discover a stylish addition to your wardrobe with our Striped Women's Tee. Designed in a classic white and black striped pattern, this shirt features a small red and white logo on the front. With a flattering women's fit and short sleeves, this tee is perfect for casual outings or relaxed days at home.","{""lvl0"": ""apparel"", ""lvl1"": ""apparel > tops""}",35,tops,https://storage.googleapis.com/landingpage-al/91372921_0.jpg,"[""multicolor"", ""striped"", ""casual"", ""comfortable""]",true,Striped Women's Tee,920,0.25
apparel-sample-data-2313717000,"[""black""]","Discover comfort and style with our black tank top featuring bold white lettering that reads 'Spiritual Gangster.' Designed with a relaxed fit and round neckline, this piece is perfect for both casual outings and relaxed days at home.","{""lvl0"": ""apparel"", ""lvl1"": ""apparel > tops""}",35,tops,https://storage.googleapis.com/landingpage-al/91372575_0.jpg,"[""black"", ""muscle"", ""casual""]",true,Black Spiritual Gangster Tank Top,875,0.47
apparel-sample-data-2313716000,"[""gray""]","Discover comfort and style with our gray embellished t-shirt. Crafted from soft fabric, it features a relaxed fit and showcases the iconic number 21 in bold black. Perfect for casual outings or lounging at home.","{""lvl0"": ""apparel"", ""lvl1"": ""apparel > tops""}",35,tops,https://storage.googleapis.com/landingpage-al/91372203_0.jpg,"[""gray"", ""relaxed fit"", ""embellished""]",true,Gray embellished t-shirt,876,0.98
apparel-sample-data-2313683000,"[""light gray""]","Discover the perfect blend of comfort and style with our light grey turtleneck sweater. Crafted from soft knit material, this long-sleeved classic features a high neckline that provides warmth and elegance. Ideal for transitioning from casual to dressy occasions effortlessly.","{""lvl0"": ""apparel"", ""lvl1"": ""apparel > tops""}",75,tops,https://storage.googleapis.com/landingpage-al/91363309_1.jpg,"[""gray"", ""soft knit"", ""long sleeve"", ""versatile""]",true,Light Grey Turtleneck Sweater,890,0.74
apparel-sample-data-2313681000,"[""black""]","Discover comfort and style with our black v-neck t-shirt crafted from soft, stretchy material. This shirt features a relaxed fit, making it an ideal choice for casual outings or lounging at home.","{""lvl0"": ""clothing"", ""lvl1"": ""clothing > tops""}",25,tops,https://storage.googleapis.com/landingpage-al/91363157_0.jpg,"[""cotton"", ""black"", ""casual""]",true,Black V-Neck T-Shirt,984,0.28
apparel-sample-data-2313677000,"[""black""]","Discover a stylish blend of comfort and flair with this black sweater adorned with a stunning gold sequin floral design. Featuring a round neckline and long sleeves, this sweater showcases an eye-catching pattern with delicate shapes like stars, flowers, and leaves. Crafted from a soft synthetic blend, it offers a relaxed fit, ideal for casual outings or adding a touch of glamour to your daily wardrobe.","{""lvl0"": ""apparel"", ""lvl1"": ""apparel > tops""}",65,tops,https://storage.googleapis.com/landingpage-al/91362989_0.jpg,"[""black"", ""sequin"", ""embellished"", ""casual""]",true,Embellished Black Sweater,890,0.13
apparel-sample-data-2313672000,"[""white""]","Discover the charm of our white ruffled short-sleeve shirt, designed with a rounded collar and front placket. Crafted from lightweight material, this shirt features a relaxed fit and rounded hemline, offering both comfort and style for your casual outings.","{""lvl0"": ""apparel"", ""lvl1"": ""apparel > tops""}",45,tops,https://storage.googleapis.com/landingpage-al/91362177_0.jpg,"[""multicolor"", ""relaxed fit"", ""lightweight"", ""ruffled""]",true,White Ruffled Short-Sleeve Shirt,890,0.93
apparel-sample-data-2313669000,"[""dark green""]","Discover comfort and style with our oversized dark green knit top. Made from soft knit material, it offers a loose fit that is perfect for casual outings or lounging at home. The rich forest green hue adds a touch of elegance to your everyday wardrobe.","{""lvl0"": ""clothing"", ""lvl1"": ""clothing > tops""}",45,tops,https://storage.googleapis.com/landingpage-al/91361363_0.jpg,"[""multicolor"", ""fine-knit"", ""casual""]",true,Oversized Dark Green Knit Top,932,0.67
apparel-sample-data-2313646000,"[""black"", ""blue"", ""pink""]","Embrace a playful style with this black t-shirt featuring a vibrant blue octopus adorned with a whimsical pink bow and a pearl. Crafted from soft material, this shirt offers both comfort and a unique flair for casual outings.","{""lvl0"": ""apparel"", ""lvl1"": ""apparel > tops""}",25,tops,https://storage.googleapis.com/landingpage-al/91356473_0.jpg,"[""graphic"", ""casual"", ""comfortable""]",true,Black T-shirt with Octopus Design,950,0.95
apparel-sample-data-2313625000,"[""beige""]","Discover the perfect blend of comfort and style with our beige scoop neck t-shirt. This short sleeve design offers a soft and stretchy feel, making it ideal for casual outings or relaxing days at home. Pair it effortlessly with your favorite jeans or shorts for a laid-back look.","{""lvl0"": ""apparel"", ""lvl1"": ""apparel > tops""}",25,tops,https://storage.googleapis.com/landingpage-al/91353011_0.jpg,"[""scoop neck"", ""stretchy"", ""casual"", ""comfortable""]",true,Beige Scoop Neck T-Shirt,890,0.9
apparel-sample-data-2313621000,"[""black"", ""gold""]","Discover a stylish addition to your wardrobe with our black crop top adorned with shimmering gold embellishments and a striking diamond pattern. The top features a subtle Batman logo on the front, crafted from a glossy material that adds flair to any casual outfit.","{""lvl0"": ""apparel"", ""lvl1"": ""apparel > tops""}",45,tops,https://storage.googleapis.com/landingpage-al/91352500_0.jpg,"[""embellished"", ""graphic"", ""casual"", ""trendy""]",true,Black embellished crop top,876,0.49
apparel-sample-data-2313617000,"[""gray""]","Discover a stylish blend of comfort and flair with our gray short-sleeve shirt. Adorned with a glittery silver star on the front, this shirt features a classic round neckline, making it a versatile addition to your casual wardrobe.","{""lvl0"": ""apparel"", ""lvl1"": ""apparel > tops""}",40,tops,https://storage.googleapis.com/landingpage-al/91352269_0.jpg,"[""gray"", ""rhinestone"", ""short-sleeve"", ""casual""]",true,Gray short-sleeve shirt with silver star,890,0.41
apparel-sample-data-2313616000,"[""white"", ""multicolor""]","Discover the playful charm of our white t-shirt adorned with a colorful rocket ship design. Crafted from soft cotton, this short sleeve tee features a cheerful rocket with a pink, yellow, and purple color scheme, complete with a friendly face. Ideal for casual outings or lounging at home, it adds a touch of fun to any wardrobe.","{""lvl0"": ""apparel"", ""lvl1"": ""apparel > tops""}",25,tops,https://storage.googleapis.com/landingpage-al/91352221_0.jpg,"[""colorful"", ""cotton"", ""graphic""]",true,Colorful Rocket Ship T-Shirt,946,0.76
apparel-sample-data-2313615000,"[""white"", ""blue""]","Discover a blend of comfort and style with this white v-neck top designed for versatility. Crafted from lightweight fabric, it's ideal for casual settings and can be effortlessly paired with various outfits, making it a must-have addition to your wardrobe.","{""lvl0"": ""apparel"", ""lvl1"": ""apparel > tops""}",35,tops,https://storage.googleapis.com/landingpage-al/91352106_0.jpg,"[""v-neck"", ""blue"", ""lightweight"", ""casual"", ""versatile""]",true,White V-Neck Top,890,0.99
apparel-sample-data-2313609000,"[""blue""]","Discover a perfect blend of comfort and style with our blue striped short sleeve shirt. Crafted from soft, lightweight material, this classic tee features thin stripes and a round neckline, making it an ideal choice for casual outings paired with jeans or shorts.","{""lvl0"": ""apparel"", ""lvl1"": ""apparel > tops""}",35,tops,https://storage.googleapis.com/landingpage-al/91350690_0.jpg,"[""blue"", ""striped"", ""casual"", ""short sleeve""]",true,Blue Striped Short Sleeve Shirt,890,0.74
apparel-sample-data-2313591000,"[""pink""]",Embrace your love for coffee with our pink graphic tee featuring bold black lettering that reads 'coffee por favor.' This comfortable top is perfect for casual outings and makes a delightful statement.,"{""lvl0"": ""clothing"", ""lvl1"": ""clothing > tops""}",29.99,tops,https://storage.googleapis.com/landingpage-al/91343671_0.jpg,"[""coffee"", ""graphic"", ""casual"", ""plus size""]",true,Coffee por favor graphic tee,875,0.36
apparel-sample-data-2313582000,"[""white""]","Discover unmatched comfort with our white casual t-shirt. This piece features a classic round neckline and short sleeves, crafted from soft, stretchy material for all-day wear. Perfect for pairing with jeans or shorts for effortless style.","{""lvl0"": ""apparel"", ""lvl1"": ""apparel > tops""}",25,tops,https://storage.googleapis.com/landingpage-al/91341945_0.jpg,"[""basic"", ""casual"", ""comfortable""]",true,White casual t-shirt,4023,0.45
apparel-sample-data-2313576000,"[""light blue""]","Discover the charm of our light blue denim t-shirt, designed with a comfortable loose fit and a classic round neckline. Crafted from soft denim material, this piece is perfect for casual outings and pairs effortlessly with your favorite jeans or shorts.","{""lvl0"": ""apparel"", ""lvl1"": ""apparel > tops""}",45,t-shirts,https://storage.googleapis.com/landingpage-al/91341536_1.jpg,"[""blue"", ""embroidered"", ""casual"", ""soft denim""]",true,Light Blue Denim T-Shirt,932,0.27
apparel-sample-data-2313573000,"[""navy"", ""white"", ""black""]","Discover comfort and style with our striped short sleeve top. Crafted from soft knit material, it features a crew neckline and a relaxed fit, making it an ideal choice for casual outings or laid-back weekends.","{""lvl0"": ""apparel"", ""lvl1"": ""apparel > tops""}",45,tops,https://storage.googleapis.com/landingpage-al/91341058_0.jpg,"[""multicolor"", ""striped"", ""casual""]",true,Striped Short Sleeve Top,982,0.59
apparel-sample-data-2313541000,"[""black""]","Discover the perfect blend of style and comfort with our black ribbed half sleeve t-shirt. Crafted from stretchy fabric, this versatile piece features a rounded neckline and a casual design, making it an ideal choice for pairing with jeans or shorts for any laid-back occasion.","{""lvl0"": ""apparel"", ""lvl1"": ""apparel > tops""}",35,tops,https://storage.googleapis.com/landingpage-al/91337682_0.jpg,"[""black"", ""ribbed"", ""casual"", ""half sleeve""]",true,Black Ribbed Half Sleeve T-Shirt,920,0.79
apparel-sample-data-2313536000,"[""white"", ""red""]","Add a playful touch to your wardrobe with our white graphic t-shirt, featuring a charming red heart and the whimsical phrase 'fry day I'm in love.' Perfect for casual outings or relaxed weekends, this shirt combines comfort with a fun design.","{""lvl0"": ""apparel"", ""lvl1"": ""apparel > tops""}",25,tops,https://storage.googleapis.com/landingpage-al/91337244_0.jpg,"[""graphic"", ""casual"", ""multicolor""]",true,White Graphic T-shirt,875,0.18
apparel-sample-data-2313534000,"[""white""]","Discover ultimate comfort with our white t-shirt, designed with a classic round neckline and short sleeves. Crafted from soft, stretchy material, this relaxed fit tee is perfect for everyday wear.","{""lvl0"": ""apparel"", ""lvl1"": ""apparel > tops""}",25,tops,https://storage.googleapis.com/landingpage-al/91336715_0.jpg,"[""casual"", ""comfortable"", ""relaxed fit""]",true,Relaxed Fit White T-Shirt,1023,0.48
apparel-sample-data-2313528000,"[""white""]","Introducing the chic white graphic tee, featuring bold black lettering that proudly displays the phrase 'chic tee shirt.' This versatile piece effortlessly combines comfort and style, making it an essential addition to your wardrobe.","{""lvl0"": ""apparel"", ""lvl1"": ""apparel > tops""}",25,tops,https://storage.googleapis.com/landingpage-al/91335417_0.jpg,"[""black"", ""chic"", ""graphic""]",true,Chic White Graphic Tee,890,0.38
apparel-sample-data-2313507000,"[""black""]","Discover comfort and style with our black oversized t-shirt, featuring a classic round neckline and a distinctive white stripe along the neckline. Crafted from a soft cotton blend, this t-shirt is perfect for casual outings or lounging at home.","{""lvl0"": ""apparel"", ""lvl1"": ""apparel > tops""}",35,tops,https://storage.googleapis.com/landingpage-al/91331878_0.jpg,"[""black"", ""sporty"", ""oversized"", ""cotton blend""]",true,Black Oversized T-Shirt,890,0.39
apparel-sample-data-2313498000,"[""blue""]","Discover the comfort of our deep blue cotton v-neck t-shirt, designed with soft, breathable fabric and short sleeves. Its classic style makes it a versatile addition to your casual wardrobe, ideal for everyday wear.","{""lvl0"": ""apparel"", ""lvl1"": ""apparel > tops""}",29.99,tops,https://storage.googleapis.com/landingpage-al/91329976_0.jpg,"[""cotton"", ""casual"", ""comfortable""]",true,Deep Blue Cotton V-Neck T-Shirt,980,0.74
apparel-sample-data-2313496000,"[""red""]","Embrace a fresh look with our red floral v-neck top. Crafted from stretchy material, this top features a delightful floral pattern with small pink and red flowers, making it a versatile addition to your wardrobe for both casual and semi-formal occasions.","{""lvl0"": ""apparel"", ""lvl1"": ""apparel > tops""}",45,tops,https://storage.googleapis.com/landingpage-al/91329703_0.jpg,"[""floral"", ""stretchy"", ""v-neck""]",true,Red Floral V-Neck Top,987,0.44
apparel-sample-data-2313494000,"[""deep burgundy""]","Discover comfort and style with our deep burgundy v-neck t-shirt. Crafted from a soft cotton blend, this tee offers a relaxed fit and features a simple design with a rounded neckline and short sleeves, making it a perfect choice for everyday wear.","{""lvl0"": ""apparel"", ""lvl1"": ""apparel > tops""}",25,t-shirts,https://storage.googleapis.com/landingpage-al/91329673_0.jpg,"[""multicolor"", ""slub"", ""v-neck"", ""casual""]",true,Deep Burgundy Relaxed Fit T-Shirt,890,0.9
apparel-sample-data-2313483000,"[""pink""]","Discover the allure of our elegant pink cowl neck t-shirt, designed for comfort and style. The soft draping fabric gracefully frames the neckline, making it a versatile option for both casual and semi-formal occasions.","{""lvl0"": ""apparel"", ""lvl1"": ""apparel > tops""}",45,tops,https://storage.googleapis.com/landingpage-al/91325606_0.jpg,"[""pink"", ""elegant"", ""comfortable"", ""stylish""]",true,Elegant Pink Cowl Neck T-Shirt,890,0.62
apparel-sample-data-2313477000,"[""black"", ""white""]","Discover the charm of our black and white tank top, featuring a stylish contrast design with a white front panel and a sleek black back. The comfortable white strap adds a touch of elegance, making it a versatile choice for layering or wearing solo.","{""lvl0"": ""apparel"", ""lvl1"": ""apparel > tops""}",35,tops,https://storage.googleapis.com/landingpage-al/91323784_1.jpg,"[""multicolor"", ""layering"", ""versatile""]",true,Black and White Tank Top,980,0.52
apparel-sample-data-2313475000,"[""black""]","Discover the comfort of our black v-neck t-shirt, crafted from luxurious soft material. This relaxed-fit tee is perfect for casual wear, blending style and ease effortlessly.","{""lvl0"": ""apparel"", ""lvl1"": ""apparel > tops""}",45,tops,https://storage.googleapis.com/landingpage-al/91321986_0.jpg,"[""black"", ""soft"", ""relaxed"", ""v-neck""]",true,Black soft v-neck t-shirt,890,0.03
apparel-sample-data-2313473000,"[""maroon"", ""white""]","Discover a stylish addition to your wardrobe with our maroon t-shirt, featuring a bold white NY logo. Designed with a relaxed fit and a classic round neckline, this t-shirt offers ultimate comfort while making a trendy statement.","{""lvl0"": ""apparel"", ""lvl1"": ""apparel > tops""}",25,tops,https://storage.googleapis.com/landingpage-al/91320366_0.jpg,"[""graphic"", ""relaxed fit"", ""casual"", ""trendy""]",true,Maroon NY Logo T-Shirt,987,0.33
apparel-sample-data-2313443000,"[""brown""]","Discover comfort and style with our soft brown long-sleeve tee. Designed with a relaxed fit and crafted from a gentle material, this versatile top is perfect for casual outings or lounging at home. Pair it with your favorite jeans for an effortless look.","{""lvl0"": ""clothing"", ""lvl1"": ""clothing > tops""}",35,tops,https://storage.googleapis.com/landingpage-al/91313380_0.jpg,"[""comfortable"", ""casual"", ""versatile""]",true,Soft Brown Long-Sleeve Tee,890,0.7
apparel-sample-data-2313440000,"[""white""]","Add a touch of style to your casual collection with our white graphic t-shirt. This comfortable piece features a round neckline and short sleeves, adorned with a striking black graphic on the front, perfect for everyday wear.","{""lvl0"": ""apparel"", ""lvl1"": ""apparel > tops""}",25,tops,https://storage.googleapis.com/landingpage-al/91312236_1.jpg,"[""graphic"", ""casual"", ""comfortable""]",true,White Graphic T-Shirt,879,0.51
apparel-sample-data-2311294000,"[""black"", ""pink""]","Discover the perfect blend of style and support with our floral print sports bra. Crafted for high-impact workouts, it features a padded design for added comfort and a unique black and pink camouflage pattern. The stretchy material ensures flexibility, while the adjustable black straps provide a secure fit for your active lifestyle.","{""lvl0"": ""apparel"", ""lvl1"": ""apparel > tops""}",45,tops,https://storage.googleapis.com/landingpage-al/91437617_0.jpg,"[""sports"", ""floral"", ""high-impact"", ""comfortable""]",true,Floral Print Sports Bra,1023,0.91
apparel-sample-data-2311287000,"[""black"", ""blue""]","Enhance your wardrobe with this stunning black and blue top featuring a playful heart print. Crafted from stretchy material for a comfortable fit, it showcases a flattering v-neckline and vibrant hues of red, yellow, and black that effortlessly transitions from day to night.","{""lvl0"": ""apparel"", ""lvl1"": ""apparel > tops""}",45,tops,https://storage.googleapis.com/landingpage-al/91436538_0.jpg,"[""leaf-print"", ""casual"", ""v-neck""]",true,Black and Blue Heart Print Top,890,0.24
apparel-sample-data-2311280000,"[""black""]","Discover comfort and style with our black tank top featuring a round neckline and a relaxed, long fit. Crafted from stretchy, shiny material, this essential piece is perfect for layering or wearing on its own for a chic, effortless look.","{""lvl0"": ""apparel"", ""lvl1"": ""apparel > tops""}",45,tops,https://storage.googleapis.com/landingpage-al/91435291_0.jpg,"[""blue"", ""loose fit"", ""basic""]",true,Black loose-fit tank top,890,0.96
apparel-sample-data-2311275000,"[""white""]","Discover our white knit tank top, designed with comfort and style in mind. This top features a distinct black zipper at the front, enhancing its modern appeal. Crafted from a soft, stretchy material, it offers a perfect fit and ribbed texture, complemented by a classic round neckline. Ideal for a casual day out or layering with your favorite jackets.","{""lvl0"": ""apparel"", ""lvl1"": ""apparel > tops""}",45,tops,https://storage.googleapis.com/landingpage-al/91434341_0.jpg,"[""knit"", ""modern"", ""casual""]",true,White Knit Tank Top,875,0.13
apparel-sample-data-2311273000,"[""black""]","Discover sophistication with our Black Lace High Neck Top. This elegant, sleeveless design features a fitted silhouette and intricate crocheted lace that exudes a mesh-like charm. Its unique backless style makes it a perfect choice for a night out or a special occasion.","{""lvl0"": ""clothing"", ""lvl1"": ""clothing > tops""}",65,tops,https://storage.googleapis.com/landingpage-al/91433311_0.jpg,"[""black"", ""lace"", ""sleek"", ""cropped""]",true,Black Lace High Neck Top,890,0.42
apparel-sample-data-2311269000,"[""black""]","Discover sophistication with our black lace top, designed with a high neckline and an elegant black mesh overlay. This stylish top features a loose fit for comfortable wear, complemented by a discreet button detail at the neckline, making it an ideal choice for both casual and dressy occasions.","{""lvl0"": ""apparel"", ""lvl1"": ""apparel > tops""}",75,tops,https://storage.googleapis.com/landingpage-al/91433068_0.jpg,"[""black"", ""lace"", ""elegant"", ""women's""]",true,Black Lace Top,982,0.25
apparel-sample-data-2311255000,"[""red""]","Make a statement with our red dress featuring a stylish draped top and a cinched belt at the waist. The elegant high slit and low back add a touch of sophistication, and the stretchy fabric ensures a comfortable fit. Perfect for nights out or special occasions.","{""lvl0"": ""apparel"", ""lvl1"": ""apparel > tops""}",140,tops,https://storage.googleapis.com/landingpage-al/91429035_0.jpg,"[""asymmetric"", ""lace-up"", ""satin-crepe"", ""elegant"", ""night-out""]",true,Red Draped Dress with Belt,980,0.36
apparel-sample-data-2311252000,"[""black""]","Introducing our black mock-neck sleeveless top, crafted from shiny ribbed material. This stylish piece features subtle slits at the front and back, combining sophistication with modern design. Perfect for layering or wearing solo for a chic look.","{""lvl0"": ""apparel"", ""lvl1"": ""apparel > tops""}",45,tops,https://storage.googleapis.com/landingpage-al/91428517_0.jpg,"[""mock-neck"", ""tunic"", ""ribbed"", ""sleek""]",true,Black Mock-Neck Sleeveless Top,987,0.32
apparel-sample-data-2311251000,"[""black""]","Discover the ultimate blend of style and comfort with our black racerback tank top. Crafted from stretchy material, this top features a practical front pocket and a relaxed fit, making it ideal for casual outings or layering under your favorite jacket.","{""lvl0"": ""apparel"", ""lvl1"": ""apparel > tops""}",30,tops,https://storage.googleapis.com/landingpage-al/91428017_0.jpg,"[""black"", ""racerback"", ""casual"", ""comfortable""]",true,Black Racerback Tank Top,980,0.11
apparel-sample-data-2311242000,"[""white"", ""blue""]","Embrace effortless chic with our floral off-the-shoulder top. Displaying a vibrant white background adorned with blue flowers and green leaves, this top features a charming ruffled design and a flowy, loose fit—ideal for a relaxed day out.","{""lvl0"": ""apparel"", ""lvl1"": ""apparel > tops""}",45,tops,https://storage.googleapis.com/landingpage-al/91427098_0.jpg,"[""floral"", ""off-the-shoulder"", ""flowy"", ""casual""]",true,Floral Off-the-Shoulder Top,980,0.47
apparel-sample-data-2311216000,"[""blue""]","Introducing our stylish blue denim vest, designed with a strapless top and adjustable straps for a customizable fit. Featuring a front button and sturdy metal zipper, this vest boasts a faded, distressed look that adds character. Perfect for layering over a tank top or shirt, it’s an essential piece for your casual wardrobe.","{""lvl0"": ""apparel"", ""lvl1"": ""apparel > tops""}",65,tops,https://storage.googleapis.com/landingpage-al/91423246_0.jpg,"[""blue"", ""distressed"", ""casual"", ""denim""]",true,Blue Denim Vest,930,0.5
apparel-sample-data-2311209000,"[""white"", ""pink""]","Discover effortless style with our White Lace Tank Top. This delicate piece features an elegant lace overlay and a gentle rounded neckline, complemented by a soft pink padded bra that adds comfort and allure. Perfect for layering or wearing solo, this top is a versatile addition to any wardrobe.","{""lvl0"": ""apparel"", ""lvl1"": ""apparel > tops""}",45,tops,https://storage.googleapis.com/landingpage-al/91422122_0.jpg,"[""lace"", ""sleeveless"", ""feminine""]",true,White Lace Tank Top,892,0.22
apparel-sample-data-2311200000,"[""white""]","Discover our white high-collar blouse featuring a sophisticated tie-neck design. Crafted from a luxurious shiny material, this sleeveless blouse offers a loose, flowing fit, making it an ideal pairing for casual or dressy occasions. The satin-like bow tie adds a refined touch, perfect for layering over a simple tank top.","{""lvl0"": ""apparel"", ""lvl1"": ""apparel > tops""}",75,tops,https://storage.googleapis.com/landingpage-al/91419614_0.jpg,"[""sleeveless"", ""elegant"", ""flowy""]",true,White High-Collar Blouse,982,0.93
apparel-sample-data-2311199000,"[""light blue""]","Introducing our light blue ruffled blouse, designed with a high round neckline and short puffed sleeves. The fitted bodice flows into a flared skirt adorned with delicate ruffles, crafted from luxurious lightweight chiffon. This modern interpretation of a classic 1950s housewife blouse is perfect for casual outings or dressier occasions.","{""lvl0"": ""apparel"", ""lvl1"": ""apparel > tops""}",85,tops,https://storage.googleapis.com/landingpage-al/91419453_1.jpg,"[""blue"", ""sleeveless"", ""frill"", ""waisted"", ""tunic"", ""feminine""]",true,Light Blue Ruffled Blouse,982,0.02
apparel-sample-data-2311190000,"[""black"", ""pink""]","Discover the perfect blend of style and functionality with our black tank top, featuring a breathable mesh design and a vibrant pink logo on the front. Ideal for workouts or casual outings, this top ensures comfort while keeping you on-trend.","{""lvl0"": ""apparel"", ""lvl1"": ""apparel > tops""}",35,tops,https://storage.googleapis.com/landingpage-al/91418053_0.jpg,"[""active"", ""mesh"", ""sports"", ""comfortable""]",true,Black Mesh Tank Top,875,0.48
apparel-sample-data-2311182000,"[""green""]","Discover a relaxed style with our green tank top, featuring a beautifully crafted fringe neckline. Made from a lightweight blend, this top offers a comfortable fit and flowing silhouette, making it a perfect choice for casual outings or warm-weather wear. The subtle bohemian details elevate your everyday look effortlessly.","{""lvl0"": ""apparel"", ""lvl1"": ""apparel > tops""}",35,tops,https://storage.googleapis.com/landingpage-al/91416893_0.jpg,"[""green"", ""bohemian"", ""casual"", ""lightweight""]",true,Green Fringed Tank Top,876,0.64
apparel-sample-data-2311163000,"[""white""]","Discover an elegant white lace top featuring a high neckline and a fitted silhouette. Crafted from shiny lace material, this sleeveless design is perfect for adding a touch of sophistication to any outfit.","{""lvl0"": ""apparel"", ""lvl1"": ""apparel > tops""}",75,tops,https://storage.googleapis.com/landingpage-al/91415457_0.jpg,"[""lace"", ""elegant"", ""fitted"", ""sleeveless""]",true,Elegant White Lace Top,890,0.07
apparel-sample-data-2311155000,"[""brown""]","Discover the perfect blend of comfort and style with our brown high neck tank top. Crafted from a soft, stretchy fabric, this piece features a relaxed fit, making it an ideal choice for both casual outings and dressy occasions. Style it effortlessly with your favorite bottoms for a chic look.","{""lvl0"": ""apparel"", ""lvl1"": ""apparel > tops""}",45,tops,https://storage.googleapis.com/landingpage-al/91414491_0.jpg,"[""multicolor"", ""versatile"", ""casual"", ""dressy""]",true,Brown High Neck Tank Top,876,0.68
apparel-sample-data-2311148000,"[""black""]","Discover a captivating look with our black fitted dress featuring a plunging neckline and elegant ruffled details on the bust. Crafted from stretchy material, it ensures comfort while accentuating your silhouette with a dramatic flair, perfect for evening occasions or special events.","{""lvl0"": ""apparel"", ""lvl1"": ""apparel > tops""}",85,tops,https://storage.googleapis.com/landingpage-al/91413423_0.jpg,"[""black"", ""peplum"", ""fitted"", ""dramatic""]",true,Black Fitted Dress with Ruffled Detail,942,0.26
apparel-sample-data-2311132000,"[""black"", ""brown"", ""gray""]","Introduce a touch of sophistication to your wardrobe with our striped mock-neck sweater. Crafted with a luxurious multicolored knit design in black, brown, and gray, this sleeveless top features a ribbed texture that enhances both comfort and style. Whether paired with a belt for a fitted look or worn loose, it's a versatile choice for any occasion.","{""lvl0"": ""apparel"", ""lvl1"": ""apparel > tops""}",75,tops,https://storage.googleapis.com/landingpage-al/91412110_0.jpg,"[""striped"", ""mock-neck"", ""knit"", ""sleeveless""]",true,Striped Mock-Neck Sweater,980,0.31
apparel-sample-data-2311126000,"[""black""]","Discover the perfect addition to your wardrobe with our black oversized tank top. Crafted from stretchy material, this top features a comfortable round neckline, making it an essential staple that pairs effortlessly with any bottoms for a relaxed look.","{""lvl0"": ""apparel"", ""lvl1"": ""apparel > tops""}",25,tops,https://storage.googleapis.com/landingpage-al/91411766_0.jpg,"[""black"", ""oversized"", ""basic"", ""versatile""]",true,Black Oversized Tank Top,890,0.94
apparel-sample-data-2311119000,"[""black""]","Discover effortless style with our black mock-neck tank top. Crafted from stretchy material, it features a high, rounded neckline and a loose fit, ensuring comfort throughout the day. Perfect for layering or wearing solo for a casual yet chic look.","{""lvl0"": ""apparel"", ""lvl1"": ""apparel > tops""}",35,tops,https://storage.googleapis.com/landingpage-al/91411084_0.jpg,"[""black"", ""plus size"", ""comfortable"", ""loose fit""]",true,Black Mock-Neck Tank Top,982,0.24
apparel-sample-data-2311117000,"[""blue""]","Discover the perfect blend of style and comfort with our Calvin Klein blue tank top. Featuring a rounded neckline and made from stretchy material, this top is enhanced by bold lettering that showcases the iconic brand. Ideal for casual outings or active moments.","{""lvl0"": ""apparel"", ""lvl1"": ""apparel > tops""}",40,tops,https://storage.googleapis.com/landingpage-al/91410959_0.jpg,"[""performance"", ""casual"", ""comfortable""]",true,Calvin Klein Blue Tank Top,980,0.66
apparel-sample-data-2311106000,"[""purple""]","Discover a stylish addition to your wardrobe with our purple sleeveless tank top. Designed with a trendy lace-up front and a striking gold-toned metal buckle, this top features a flattering v-neckline and a straight hemline. Crafted from a comfortable blend of polyester and spandex, it is perfect for casual outings or layered looks.","{""lvl0"": ""apparel"", ""lvl1"": ""apparel > tops""}",45,tops,https://storage.googleapis.com/landingpage-al/91410259_0.jpg,"[""sleeveless"", ""lace-up"", ""casual""]",true,Purple Sleeveless Tank Top,980,0.13
apparel-sample-data-2311104000,"[""blue"", ""white""]","Discover the beauty of our blue and white sleeveless top, designed with a stylish cowl neckline. Crafted from flowy material, this top features a delicate floral print that brings a touch of elegance to your outfit, making it perfect for warm-weather occasions.","{""lvl0"": ""apparel"", ""lvl1"": ""apparel > tops""}",45,tops,https://storage.googleapis.com/landingpage-al/91410142_0.jpg,"[""blue"", ""floral"", ""cowl-neck"", ""elegant""]",true,Blue and White Floral Cowl-Neck Top,890,0.2
apparel-sample-data-2311098000,"[""black""]","Discover the perfect blend of comfort and style with our black tank top featuring a sheer mesh overlay. Designed with a round neckline and a relaxed fit, this top is made from stretchy material, ensuring a flowy silhouette that's perfect for casual outings or layering.","{""lvl0"": ""clothing"", ""lvl1"": ""clothing > tops""}",45,tops,https://storage.googleapis.com/landingpage-al/91409690_0.jpg,"[""asymmetrical"", ""colorblocked"", ""flowy"", ""comfortable""]",true,Black Mesh Overlay Tank Top,983,0.65
apparel-sample-data-2311090000,"[""burgundy""]","Discover warmth and style with our burgundy knit sleeveless top. Crafted from luxurious cashmere, this close-fitting design features a high neckline, making it ideal for cooler days. Perfect for layering or wearing alone, this top adds a touch of sophistication to any outfit.","{""lvl0"": ""apparel"", ""lvl1"": ""apparel > tops""}",75,tops,https://storage.googleapis.com/landingpage-al/91409194_0.jpg,"[""red"", ""cashmere"", ""mock-turtleneck"", ""elegant"", ""sleeveless""]",true,Burgundy Cashmere Mock-Turtleneck Top,982,0.01
apparel-sample-data-2311087000,"[""blue"", ""black""]","Discover a chic addition to your wardrobe with this blue and black asymmetrical top. Crafted from sheer material, it features a distinctive high neck and a low back, complemented by a mesh panel in the front for an on-trend look. Its loose fit is perfect for layering with a camisole underneath, making it ideal for both casual outings and stylish gatherings.","{""lvl0"": ""apparel"", ""lvl1"": ""apparel > tops""}",45,tops,https://storage.googleapis.com/landingpage-al/91408679_0.jpg,"[""asymmetrical"", ""colorblocked"", ""trendy""]",true,Blue and Black Asymmetrical Top,950,0.71
apparel-sample-data-2311075000,"[""white"", ""blue""]","Embrace a fresh style with our floral print sleeveless top. Featuring a high neck and a low back, this design offers a flowy silhouette, perfect for warm days or layering with your favorite jacket.","{""lvl0"": ""apparel"", ""lvl1"": ""apparel > tops""}",45,tops,https://storage.googleapis.com/landingpage-al/91407783_0.jpg,"[""floral"", ""sleeveless"", ""flowy"", ""high neck""]",true,Floral Print Sleeveless Top,980,0.53
apparel-sample-data-2311068000,"[""brown""]","Discover the charm of our brown sleeveless top, designed with a delicate bow at the neckline. Crafted from shiny material, this top features a relaxed fit, making it a versatile choice for both casual outings and stylish gatherings.","{""lvl0"": ""clothing"", ""lvl1"": ""clothing > tops""}",45,tops,https://storage.googleapis.com/landingpage-al/91407393_0.jpg,"[""asymmetrical-hem"", ""elegant"", ""casual""]",true,Brown sleeveless top with bow detailing,980,0.86
apparel-sample-data-2311066000,"[""white"", ""black""]","Discover a stylish addition to your wardrobe with our white lace-up sleeveless crop top, adorned with a contrasting black lace detail. The playful ruffled design adds a touch of femininity, making it perfect for warm weather outings or layered under your favorite jackets.","{""lvl0"": ""apparel"", ""lvl1"": ""apparel > tops""}",45,tops,https://storage.googleapis.com/landingpage-al/91407194_0.jpg,"[""black"", ""lace"", ""sleeveless"", ""cropped""]",true,White lace up sleeveless crop top,892,0.76
apparel-sample-data-2311062000,"[""black"", ""white""]","Add a touch of sophistication to your wardrobe with this black and white plaid sleeveless top. Designed with a high neckline and crafted from stretchy material, it offers comfort and style for both casual and formal occasions.","{""lvl0"": ""apparel"", ""lvl1"": ""apparel > tops""}",45,tops,https://storage.googleapis.com/landingpage-al/91406460_0.jpg,"[""plaid"", ""mock-neck"", ""sleeveless"", ""versatile""]",true,Black and White Plaid Sleeveless Top,934,0.3
apparel-sample-data-2311060000,"[""purple"", ""black"", ""red"", ""blue"", ""white""]","Discover effortless style with our colorful asymmetrical draped top. Designed with a flattering v-neckline, this flowing piece features a vibrant print of purple, black, red, and subtle blue and white accents, perfect for a relaxed, casual look that stands out.","{""lvl0"": ""apparel"", ""lvl1"": ""apparel > tops""}",45,tops,https://storage.googleapis.com/landingpage-al/91405975_0.jpg,"[""asymmetrical"", ""plus size"", ""trendy"", ""colorful""]",true,Colorful Asymmetrical Draped Top,980,0.03
apparel-sample-data-2311057000,"[""black"", ""white""]","Discover a blend of style and sophistication with our Black and White Sleeveless Top. This exquisite piece features a ruffled neckline and a stylish silver button at the collar, perfect for adding a touch of elegance to your wardrobe.","{""lvl0"": ""apparel"", ""lvl1"": ""apparel > tops""}",45,tops,https://storage.googleapis.com/landingpage-al/91405385_0.jpg,"[""sleeveless"", ""elegant"", ""ruffled""]",true,Black and White Sleeveless Top,980,0.81
apparel-sample-data-2311048000,"[""green""]","Discover a chic addition to your wardrobe with our green sleeveless top. Crafted from soft fabric, this top features a delightful frilled neckline and a playful ruffled edge, designed for a relaxed fit that's perfect for casual outings.","{""lvl0"": ""apparel"", ""lvl1"": ""apparel > tops""}",45,tops,https://storage.googleapis.com/landingpage-al/91402300_0.jpg,"[""green"", ""ruffle"", ""soft fabric"", ""casual""]",true,Green Sleeveless Top,892,0.24
apparel-sample-data-2311036000,"[""white"", ""black""]","Discover a chic addition to your wardrobe with our white and black striped sleeveless top. Featuring a high neckline and a stylish wide belt cinching the waist, this versatile piece seamlessly pairs with your favorite bottoms for any occasion.","{""lvl0"": ""apparel"", ""lvl1"": ""apparel > tops""}",45,tops,https://storage.googleapis.com/landingpage-al/91396996_0.jpg,"[""striped"", ""sleeveless"", ""stylish"", ""belted""]",true,White and Black Striped Sleeveless Top,980,0.76
apparel-sample-data-2311016000,"[""blue""]","Discover effortless style with our navy v-neck top adorned with delicate silver studs. Crafted from soft, knit material, this shirt offers a relaxed fit, making it a perfect choice for casual outings or layering with your favorite outfits.","{""lvl0"": ""apparel"", ""lvl1"": ""apparel > tops""}",45,tops,https://storage.googleapis.com/landingpage-al/91392682_0.jpg,"[""blue"", ""linen"", ""casual"", ""comfortable""]",true,Navy V-Neck Top with Silver Studs,875,0.29
apparel-sample-data-2311000000,"[""white"", ""red""]","Discover the charm of our floral embroidered blouse, showcasing a delicate floral pattern with vibrant red and white hues. The lace collar adds a touch of sophistication, complemented by floral designs on the sleeves, making this a perfect choice for both casual and semi-formal occasions.","{""lvl0"": ""apparel"", ""lvl1"": ""apparel > tops""}",75,tops,https://storage.googleapis.com/landingpage-al/91390248_0.jpg,"[""embroidered"", ""floral"", ""lace""]",true,Floral Embroidered Blouse,890,0.76
apparel-sample-data-2310997000,"[""light blue""]","Discover the perfect combination of comfort and style with our light blue tank top. Crafted from stretchy material, this design features an eye-catching mesh detail along with a sophisticated black trim and logo. Ideal for a casual day out or layering under a jacket.","{""lvl0"": ""apparel"", ""lvl1"": ""apparel > tops""}",30,tops,https://storage.googleapis.com/landingpage-al/91390069_0.jpg,"[""blue"", ""stretch"", ""mesh"", ""casual""]",true,Light Blue Mesh Tank Top,875,0.29
apparel-sample-data-2310987000,"[""white""]","Discover comfort and style with our white silk camisole. Designed with delicate thin straps and a simple yet elegant silhouette, this top is crafted from soft, breathable fabric. Perfect for layering or pairing with your favorite bottoms, it offers a relaxed look ideal for any casual occasion.","{""lvl0"": ""clothing"", ""lvl1"": ""clothing > tops""}",45,tops,https://storage.googleapis.com/landingpage-al/91388993_0.jpg,"[""silk"", ""v-neck"", ""versatile"", ""casual""]",true,White Silk Camisole,890,0.4
apparel-sample-data-2310972000,"[""black""]","Discover a stylish addition to your warm-weather wardrobe with our black sleeveless tank top. Designed with a charming white bow tie in the front, this top boasts a relaxed, loose fit and is crafted from a lightweight cotton-linen blend, making it perfect for casual outings.","{""lvl0"": ""apparel"", ""lvl1"": ""apparel > tops""}",35,tops,https://storage.googleapis.com/landingpage-al/91385933_0.jpg,"[""sleeveless"", ""lightweight"", ""casual"", ""bow tie""]",true,Black Sleeveless Tank Top with Bow Tie,890,0.43
apparel-sample-data-2310958000,"[""gray"", ""black""]","Discover the perfect blend of comfort and style with our gray tank top featuring a classic black strap. Crafted from stretchy material, this versatile piece is ideal for both casual outings and athletic activities, ensuring you look great while feeling great.","{""lvl0"": ""apparel"", ""lvl1"": ""apparel > tops""}",40,tops,https://storage.googleapis.com/landingpage-al/91384313_0.jpg,"[""casual"", ""athletic"", ""versatile""]",true,Gray Tank Top with Black Strap,987,0.55
apparel-sample-data-2310946000,"[""white""]","Discover effortless style with our white ruffled tank top. Crafted from a lightweight cotton-linen blend, this top features an elegant tie at the neck and intricate ruffles that add a touch of flair. Perfectly suited for laid-back outings, it combines comfort and chic design seamlessly.","{""lvl0"": ""apparel"", ""lvl1"": ""apparel > tops""}",45,tops,https://storage.googleapis.com/landingpage-al/91383071_0.jpg,"[""casual"", ""comfortable"", ""lightweight"", ""ruffled""]",true,White Ruffled Tank Top,876,0.23
apparel-sample-data-2310938000,"[""black""]","Introduce a striking addition to your wardrobe with our black mesh top, featuring a luxurious leather-like texture. Designed with an intricate lace-up detail at the front and a delicate scalloped edge, this stretchy mesh top offers style and comfort. Perfectly paired with jeans or a skirt, it presents a versatile option for various occasions.","{""lvl0"": ""apparel"", ""lvl1"": ""apparel > tops""}",75,tops,https://storage.googleapis.com/landingpage-al/91381120_0.jpg,"[""multicolor"", ""peplum"", ""fashion-forward""]",true,Black Peplum Mesh Top,875,0.78
apparel-sample-data-2310930000,"[""black"", ""pink""]","Discover a striking blend of sophistication and playfulness with our black and pink ruffled top. Crafted from a lightweight material, this top features an elegant bow detail at the front and a delicate ruffled design, making it suitable for a variety of occasions from casual outings to semi-formal events.","{""lvl0"": ""apparel"", ""lvl1"": ""apparel > tops""}",45,tops,https://storage.googleapis.com/landingpage-al/91379741_0.jpg,"[""pink"", ""woven"", ""fashionable"", ""ruffled""]",true,Black and Pink Ruffled Top,987,0.18
apparel-sample-data-2310923000,"[""black""]","Discover the sleek sophistication of our black silk tank top. Featuring a contemporary rounded neckline and a stylish silver zipper down the front, this piece combines comfort with a modern design, perfect for casual outings or layered looks.","{""lvl0"": ""apparel"", ""lvl1"": ""apparel > tops""}",75,tops,https://storage.googleapis.com/landingpage-al/91378370_0.jpg,"[""sleeveless"", ""silk"", ""elegant"", ""casual""]",true,Black Silk Tank Top,943,0.9
apparel-sample-data-2310915000,"[""orange"", ""blue""]","Brighten your summer wardrobe with our vibrant tank top featuring an eye-catching orange and blue print. Crafted from lightweight materials, this tank offers a comfortable loose fit and a classic round neckline, ideal for casual outings or active days.","{""lvl0"": ""apparel"", ""lvl1"": ""apparel > tops""}",35,tops,https://storage.googleapis.com/landingpage-al/91377205_0.jpg,"[""tie-dye"", ""active"", ""tank"", ""summer""]",true,Vibrant Tank Top,982,0.06
apparel-sample-data-2310902000,"[""white""]","Discover the comfort of our white tank top featuring a stylish mesh design. With a scoop neckline and racerback cut, this lightweight and breathable piece is ideal for warm weather. Perfect for casual outings, it can be worn on its own or layered for a trendy look.","{""lvl0"": ""apparel"", ""lvl1"": ""apparel > tops""}",30,tops,https://storage.googleapis.com/landingpage-al/91375644_0.jpg,"[""breathable"", ""lightweight"", ""casual""]",true,White Mesh Tank Top,875,0.55
apparel-sample-data-2310895000,"[""black"", ""white""]","Discover the unique charm of our black and white cut-out top. Crafted from a sheer material featuring a stylish black base with striking white cut-outs, this sleeveless design is complemented by a classic round neckline, making it an ideal choice for chic casual outings or layered looks.","{""lvl0"": ""clothing"", ""lvl1"": ""clothing > tops""}",45,tops,https://storage.googleapis.com/landingpage-al/91374335_0.jpg,"[""sheer"", ""sleek"", ""modern""]",true,Black and White Cut Out Top,890,0.3
apparel-sample-data-2310894000,"[""purple""]","Discover the charm of our purple sleeveless top, designed with a high round neckline and a stylish wide ruffled hemline. Crafted from stretchy material, it offers a comfortable and flattering fitted silhouette, making it a versatile choice for various occasions.","{""lvl0"": ""apparel"", ""lvl1"": ""apparel > tops""}",45,tops,https://storage.googleapis.com/landingpage-al/91374308_0.jpg,"[""draped"", ""sleeveless"", ""stretchy"", ""elegant""]",true,Purple Sleeveless Top,875,0.72
apparel-sample-data-2310891000,"[""dark green"", ""gold""]","Discover sophistication with our dark green sleeveless top, featuring a tasteful round neckline and an eye-catching gold buckle. Crafted from shiny material, this top effortlessly combines comfort with elegance, making it a perfect choice for any occasion.","{""lvl0"": ""apparel"", ""lvl1"": ""apparel > tops""}",49.99,tops,https://storage.googleapis.com/landingpage-al/91373797_1.jpg,"[""dark green"", ""elegant"", ""sleeveless"", ""decorative buckle""]",true,Dark Green Sleeveless Top,879,0.96
apparel-sample-data-2310889000,"[""maroon""]","Discover the perfect blend of comfort and style with our maroon tank top. Crafted from soft, stretchy material, it features a flattering rounded neckline. This versatile piece effortlessly pairs with jeans or shorts for a relaxed yet fashionable look.","{""lvl0"": ""clothing"", ""lvl1"": ""clothing > tops""}",35,tops,https://storage.googleapis.com/landingpage-al/91373194_0.jpg,"[""comfortable"", ""casual"", ""stylish""]",true,Maroon Basic Tank Top,987,0.78
apparel-sample-data-2310877000,"[""navy blue""]","Discover the charm of our navy blue top featuring exquisite lace detailing on the neckline. This blouse boasts a stylish ruffled design and a front pleat, crafted from a soft and flowy material that ensures comfort and elegance in every wear.","{""lvl0"": ""apparel"", ""lvl1"": ""apparel > tops""}",45,tops,https://storage.googleapis.com/landingpage-al/91371841_0.jpg,"[""elegant"", ""ruffled"", ""blouse""]",true,Navy Blue Lace Detail Top,876,0.36
apparel-sample-data-2310873000,"[""beige"", ""white""]","Discover a stylish blend of comfort and elegance with our chic one-shoulder top. Crafted from luxurious beige fabric layered over soft white, it features a delicate ruffled edge on the sleeve that adds a playful touch. Perfect for casual outings or dressed up for special occasions.","{""lvl0"": ""apparel"", ""lvl1"": ""apparel > tops""}",45,tops,https://storage.googleapis.com/landingpage-al/91371108_0.jpg,"[""one-shoulder"", ""ruffled"", ""chic""]",true,Chic One-Shoulder Beige and White Top,894,0.68
apparel-sample-data-2310871000,"[""light olive green""]","Discover the effortless charm of our light olive green tank top. This stylish piece features a high, rounded neckline and a wide, curved hemline crafted from stretchy, lightweight fabric that drapes beautifully. Designed for a loose fit, it offers a relaxed silhouette, making it an ideal choice for casual occasions.","{""lvl0"": ""apparel"", ""lvl1"": ""apparel > tops""}",35,tops,https://storage.googleapis.com/landingpage-al/91370416_3.jpg,"[""multicolor"", ""boxy"", ""casual"", ""comfortable""]",true,Light Olive Green Loose Fit Tank Top,876,0.57
apparel-sample-data-2310855000,"[""black"", ""white""]","Discover the chic simplicity of our Layla black and white tank top, featuring a stylish zigzag pattern crafted from a soft blend of cotton and polyester. This versatile piece seamlessly transitions from casual outings to evening gatherings, effortlessly elevating your wardrobe.","{""lvl0"": ""apparel"", ""lvl1"": ""apparel > tops""}",45,tops,https://storage.googleapis.com/landingpage-al/91367942_0.jpg,"[""black"", ""silk"", ""fashionable"", ""versatile""]",true,Layla Black and White Tank Top,982,0.13
apparel-sample-data-2310851000,"[""white""]","Stay stylish and comfortable with our white active tank top, featuring a standout design with black lettering that reads 'in my zone.' Crafted from stretchy material, this tank top is perfect for workouts or casual outings, ensuring a relaxed fit for any active lifestyle.","{""lvl0"": ""apparel"", ""lvl1"": ""apparel > tops""}",35,tops,https://storage.googleapis.com/landingpage-al/91367260_0.jpg,"[""activewear"", ""comfortable"", ""stretchy""]",true,White Active Tank Top,890,0.56
apparel-sample-data-2310849000,"[""red""]","Discover the perfect blend of comfort and style with our red Supima modal tank top. Its soft fabric offers a luxurious feel, ideal for layering or wearing solo on warm days. This versatile piece is a must-have addition to any wardrobe.","{""lvl0"": ""apparel"", ""lvl1"": ""apparel > tops""}",40,tops,https://storage.googleapis.com/landingpage-al/91367162_0.jpg,"[""red"", ""supima"", ""modal"", ""casual"", ""comfortable""]",true,Red Supima Modal Tank Top,890,0.49
apparel-sample-data-2310845000,"[""blue""]","Discover everyday comfort with our blue scoop neck tank top. Featuring a stylish racerback design and a unique back cutout, this tank is crafted from stretchy, lightweight material, offering ease of movement for your active lifestyle.","{""lvl0"": ""apparel"", ""lvl1"": ""apparel > tops""}",35,tops,https://storage.googleapis.com/landingpage-al/91366321_0.jpg,"[""blue"", ""racerback"", ""comfortable"", ""lightweight""]",true,Blue Scoop Neck Tank Top,890,0.77
apparel-sample-data-2310842000,"[""blue""]","Discover comfort in our women's blue racer tank top, featuring a stylish gold 'C' emblem. Crafted from stretchy material, this sleeveless design is perfect for active wear and offers a relaxed fit that's ideal for workouts or casual outings.","{""lvl0"": ""apparel"", ""lvl1"": ""apparel > tops""}",34.99,tops,https://storage.googleapis.com/landingpage-al/91365089_0.jpg,"[""blue"", ""sporty"", ""comfortable""]",true,Women's Blue Racer Tank Top,982,0.7
apparel-sample-data-2310832000,"[""blue""]","Discover comfort with our blue slouchy tank top. Designed with a scoop neckline and crafted from soft, flowy material, this piece offers a relaxed fit that's perfect for casual outings or layering.","{""lvl0"": ""apparel"", ""lvl1"": ""apparel > tops""}",35,tops,https://storage.googleapis.com/landingpage-al/91363303_0.jpg,"[""blue"", ""slouchy"", ""casual"", ""soft""]",true,Blue Slouchy Tank Top,987,0.56
apparel-sample-data-2310821000,"[""black""]","Discover our stunning black top featuring a chic v-neck design complemented by a distinctive cut-out detail at the neckline. Crafted from shiny material, this piece brings a modern twist to your wardrobe, making it ideal for various occasions.","{""lvl0"": ""apparel"", ""lvl1"": ""apparel > tops""}",45,tops,https://storage.googleapis.com/landingpage-al/91361706_0.jpg,"[""black"", ""choker"", ""v-neck"", ""unique design""]",true,Black cut-out v-neck top,890,0.51
apparel-sample-data-2310811000,"[""white"", ""blue""]","Discover a fresh look with our floral print tank top in white and blue. Featuring a stylish v-neck and keyhole cutout at the front, this short-sleeve top is designed for a comfortable, flowy fit, making it perfect for casual outings or layered under your favorite jacket.","{""lvl0"": ""apparel"", ""lvl1"": ""apparel > tops""}",45,tops,https://storage.googleapis.com/landingpage-al/91360702_0.jpg,"[""blue"", ""floral"", ""flowy"", ""casual""]",true,Floral Print Tank Top,890,0.51
apparel-sample-data-2310805000,"[""yellow""]","Discover a vibrant look with our neon yellow racerback tank top. Crafted with a striking black trim and a breathable mesh back, this tank offers a loose fit for ultimate comfort and versatility. Ideal for casual outings or as a stylish layer.","{""lvl0"": ""apparel"", ""lvl1"": ""apparel > tops""}",34.99,tops,https://storage.googleapis.com/landingpage-al/91360179_0.jpg,"[""neon"", ""racerback"", ""casual""]",true,Neon Yellow Racerback Tank Top,875,0.37
apparel-sample-data-2310798000,"[""white""]",Discover the charm of our white lace top featuring a high neckline and intricate crochet design. This loose-fitting piece pairs beautifully with black jeans for a relaxed yet stylish look.,"{""lvl0"": ""apparel"", ""lvl1"": ""apparel > tops""}",45,tops,https://storage.googleapis.com/landingpage-al/91359213_0.jpg,"[""lace"", ""crochet"", ""casual""]",true,White lace top with crochet design,879,0.41
apparel-sample-data-2310781000,"[""black""]","Discover the perfect blend of style and comfort with our Black Mesh Tank Top. Crafted from stretchy material, this sleeveless top features a scoop neckline and a contemporary mesh design, making it an ideal choice for layering or wearing alone.","{""lvl0"": ""apparel"", ""lvl1"": ""apparel > tops""}",40,tops,https://storage.googleapis.com/landingpage-al/91357118_1.jpg,"[""sleeveless"", ""stretch"", ""mesh"", ""comfortable""]",true,Black Mesh Tank Top,890,0.26
apparel-sample-data-2310772000,"[""black"", ""white""]","Discover our stylish black and white striped sleeveless top, designed for a relaxed fit. The unique black stripe on the left side and white stripe on the right side create a modern contrast, making it a perfect choice for casual outings or layering.","{""lvl0"": ""apparel"", ""lvl1"": ""apparel > tops""}",45,tops,https://storage.googleapis.com/landingpage-al/91356120_0.jpg,"[""multicolor"", ""striped"", ""casual""]",true,Black and White Striped Sleeveless Top,987,0.24
apparel-sample-data-2310757000,"[""pink""]","Discover comfort and style with our pink tank top featuring ruffled edges and a relaxed fit. Crafted from soft, stretchy material, it showcases a charming purple floral print on the front and a flattering rounded neckline, making it an ideal choice for warm days.","{""lvl0"": ""apparel"", ""lvl1"": ""apparel > tops""}",35,tops,https://storage.googleapis.com/landingpage-al/91354479_0.jpg,"[""pink"", ""lace"", ""floral"", ""casual"", ""comfortable""]",true,Pink Floral Ruffled Tank Top,890,0.35
apparel-sample-data-2310756000,"[""black""]","Discover the perfect blend of comfort and style with our black high-neck sleeveless top. Crafted from stretchy knit fabric, it features a trendy slanted hemline, making it an excellent choice for casual outings.","{""lvl0"": ""apparel"", ""lvl1"": ""apparel > tops""}",49.99,tops,https://storage.googleapis.com/landingpage-al/91354269_0.jpg,"[""black"", ""sleeveless"", ""asymmetric"", ""casual""]",true,Black High-Neck Sleeveless Top,890,0.53
apparel-sample-data-2310754000,"[""white""]","Discover the charm of our white ruffled tank top, crafted from sheer material for a light and airy feel. This strapless design features a stylish ruffled detail on the front and a delicate keyhole neckline, making it an ideal choice for casual outings or layering under jackets.","{""lvl0"": ""apparel"", ""lvl1"": ""apparel > tops""}",45,tops,https://storage.googleapis.com/landingpage-al/91354241_0.jpg,"[""ruffled"", ""sheer"", ""strapless"", ""casual""]",true,White Ruffled Tank Top,987,0.44
apparel-sample-data-2310744000,"[""black""]","Discover sophistication with our black mesh tank top, crafted from high-quality stretchy material featuring an eye-catching diamond pattern. The sleeveless design and flattering v-neckline make it a versatile addition to your wardrobe, perfect for layering or wearing solo.","{""lvl0"": ""apparel"", ""lvl1"": ""apparel > tops""}",45,tops,https://storage.googleapis.com/landingpage-al/91352891_0.jpg,"[""black"", ""mesh"", ""sleek""]",true,Black Mesh Tank Top,890,0.02
apparel-sample-data-2310738000,"[""white""]","Discover the perfect blend of comfort and style with our white tie-front tank top. Crafted from lightweight material, this top features a flattering v-neck design and an elegant lace tie at the front, making it a versatile addition to your wardrobe for casual outings.","{""lvl0"": ""apparel"", ""lvl1"": ""apparel > tops""}",35,tops,https://storage.googleapis.com/landingpage-al/91352572_0.jpg,"[""lightweight"", ""casual"", ""v-neck"", ""tie-front""]",true,White Tie-Front Tank Top,982,0.04
apparel-sample-data-2310733000,"[""black""]","Discover the effortless charm of our black tank top featuring a unique cut-out detail on the back. Crafted from stretchy material, this design offers a comfortable fit and a stylish scoop neckline. Perfect for layering or wearing solo, it showcases a modern flair that enhances your casual wardrobe.","{""lvl0"": ""apparel"", ""lvl1"": ""apparel > tops""}",45,tops,https://storage.googleapis.com/landingpage-al/91352181_0.jpg,"[""black"", ""stretchy"", ""scoop neckline"", ""cut-out detail""]",true,Black Cut-Out Back Tank Top,983,0.96
apparel-sample-data-2310712000,"[""gray""]","Introducing our gray striped tank top, featuring a flattering v-neckline and a playful striped pattern in shades of gray, white, and yellow. Crafted from soft, stretchy fabric, this tank offers a relaxed fit that's perfect for warm days or layering under your favorite jacket.","{""lvl0"": ""apparel"", ""lvl1"": ""apparel > tops""}",40,tops,https://storage.googleapis.com/landingpage-al/91348884_0.jpg,"[""striped"", ""loose-fit"", ""comfortable""]",true,Gray Striped Tank Top,890,0.16
apparel-sample-data-2310711000,"[""navy blue""]","Discover refined style with our navy blue sleeveless top. Crafted from a sheer material, this elegant piece features a high neck with a keyhole cutout and a charming bow at the neck. The silver buckle adds a touch of sophistication, making it a versatile choice for both casual and formal occasions.","{""lvl0"": ""apparel"", ""lvl1"": ""apparel > tops""}",45,tops,https://storage.googleapis.com/landingpage-al/91348874_0.jpg,"[""blue"", ""sheer"", ""elegant""]",true,Navy Blue Sleeveless Top,980,0.64
apparel-sample-data-2310700000,"[""black"", ""grey""]","Discover a stylish addition to your wardrobe with our black tank top featuring a chic bow on the front. Crafted from stretchy material for comfortable wear, this design combines a sleeveless style with a round neckline, complemented by a shiny black bow fastened with a silver zipper. Perfect for layering or wearing alone, it accentuates effortless elegance.","{""lvl0"": ""apparel"", ""lvl1"": ""apparel > tops""}",45,tops,https://storage.googleapis.com/landingpage-al/91346777_0.jpg,"[""sleeveless"", ""multicolor"", ""elegant""]",true,Black and Grey Bow Tank Top,890,0.16
apparel-sample-data-2310699000,"[""bronze""]","Discover the allure of our bronze sequined tank top, designed to catch the light with its stunning shiny sequins. Crafted from a soft synthetic fabric, this sleeveless design features a flattering round neckline that pairs beautifully with various outfits for both casual and formal occasions.","{""lvl0"": ""apparel"", ""lvl1"": ""apparel > tops""}",75,tops,https://storage.googleapis.com/landingpage-al/91346775_0.jpg,"[""blue"", ""sleeveless"", ""linen blend"", ""elegant""]",true,Bronze sequined tank top,980,0.36
apparel-sample-data-2310697000,"[""light blue""]","Discover effortless style with our light blue sleeveless tank top. Crafted from a stretchy material, it features a flattering rounded neckline and a straight hemline, making it an ideal choice for casual outings or layering under your favorite jackets.","{""lvl0"": ""apparel"", ""lvl1"": ""apparel > tops""}",35,tops,https://storage.googleapis.com/landingpage-al/91346330_0.jpg,"[""blue"", ""comfortable"", ""casual""]",true,Light Blue Sleeveless Tank Top,982,0.41
apparel-sample-data-2310693000,"[""peach"", ""pink""]","Discover the charm of our peach sleeveless blouse, elegantly designed with a ruffled neckline and a discreet metal zipper at the back. Crafted from sheer material, this versatile top flows beautifully, adding a soft touch to any outfit.","{""lvl0"": ""apparel"", ""lvl1"": ""apparel > tops""}",45,tops,https://storage.googleapis.com/landingpage-al/91345928_0.jpg,"[""pink"", ""plus size"", ""layered"", ""elegant""]",true,Peach Ruffled Sleeveless Blouse,897,0.28
apparel-sample-data-2310691000,"[""light blue""]","Discover comfort and style with our light blue mesh tank top. Designed with a flattering v-neckline and delicate straps at the back, this tank top is crafted from stretchy material, making it a versatile addition to your wardrobe perfect for warm days.","{""lvl0"": ""apparel"", ""lvl1"": ""apparel > tops""}",30,tops,https://storage.googleapis.com/landingpage-al/91345634_0.jpg,"[""blue"", ""cool"", ""mesh""]",true,Light Blue Mesh Tank Top,875,0.01
apparel-sample-data-2310690000,"[""black""]","Discover the striking allure of our black sleeveless tank top adorned with gold studs. Featuring a classic round neckline and a minimalist design, this top effortlessly combines simplicity with a touch of elegance, making it a versatile addition to your wardrobe.","{""lvl0"": ""apparel"", ""lvl1"": ""apparel > tops""}",45,tops,https://storage.googleapis.com/landingpage-al/91344717_0.jpg,"[""black"", ""sleeveless"", ""elegant""]",true,Black Sleeveless Tank Top with Gold Studs,980,0.93
apparel-sample-data-2310689000,"[""black""]","Embrace comfort and style with our black tank top featuring a striking 'namaste' print and a unique white hand symbol. Crafted from stretchy material, this tank offers a relaxed fit, making it perfect for casual outings and warm-weather activities.","{""lvl0"": ""apparel"", ""lvl1"": ""apparel > tops""}",29.99,tops,https://storage.googleapis.com/landingpage-al/91344678_0.jpg,"[""black"", ""muscle"", ""casual"", ""comfortable""]",true,Black Namaste Tank Top,987,0.85
apparel-sample-data-2310687000,"[""black"", ""blue""]","Discover sophistication with our beautiful black and blue lace top. This piece features a black lace bodice adorned with a delicate blue lace overlay and a refined black lace trim. Its stretchy fabric ensures a comfortable, fitted silhouette that pairs effortlessly with matching skirts for a polished look.","{""lvl0"": ""apparel"", ""lvl1"": ""apparel > tops""}",85,tops,https://storage.googleapis.com/landingpage-al/91344358_0.jpg,"[""lace"", ""elegant"", ""fitted""]",true,Black and Blue Lace Top,978,0.62
apparel-sample-data-2310676000,"[""pink"", ""purple""]","Discover comfort and style with our pink tank top featuring a high neckline and a striking wide purple stripe. Crafted from stretchy, shiny material, it offers a flattering fit that moves with you, making it an ideal choice for both workouts and casual outings.","{""lvl0"": ""apparel"", ""lvl1"": ""apparel > tops""}",45,tops,https://storage.googleapis.com/landingpage-al/91343063_0.jpg,"[""pink"", ""tanktop"", ""stretchy"", ""activewear""]",true,Pink tank top with purple stripe,987,0.56
apparel-sample-data-2310675000,"[""black""]","Discover the perfect blend of comfort and style with our Black Ruffled Sleeveless Top. Crafted from stretchy material, it features a flattering front pleat and a chic rounded neckline, complemented by a stylish silver zipper for a modern touch.","{""lvl0"": ""apparel"", ""lvl1"": ""apparel > tops""}",45,tops,https://storage.googleapis.com/landingpage-al/91343001_0.jpg,"[""blue"", ""ruffled"", ""sleeveless"", ""plus size""]",true,Black Ruffled Sleeveless Top,890,0.09
apparel-sample-data-2310668000,"[""blue""]","Discover comfort and style with our blue sleeveless tank top. Crafted from stretchy material, this tank features a flattering rounded neckline and is designed for all-day wear. Ideal for layering or pairing with your favorite bottoms for a casual yet chic look.","{""lvl0"": ""apparel"", ""lvl1"": ""apparel > tops""}",35,tops,https://storage.googleapis.com/landingpage-al/91341722_0.jpg,"[""stretchy"", ""casual"", ""comfortable""]",true,Blue Sleeveless Tank Top,924,0.53
apparel-sample-data-2310665000,"[""black""]","Discover the perfect layering piece with our black slim fit tank top, featuring a stylish silver zipper at the front. Crafted from a stretchy knit material, this tank top showcases a ribbed texture and a graceful low neckline, making it ideal for casual outings or stylish layering.","{""lvl0"": ""apparel"", ""lvl1"": ""apparel > tops""}",45,tops,https://storage.googleapis.com/landingpage-al/91341506_0.jpg,"[""ribbed"", ""stretch"", ""casual""]",true,Black Slim Fit Tank Top,950,0.04
apparel-sample-data-2310647000,"[""peach""]","Discover the charm of our peach-colored top, featuring a delicate ruffled neckline and a stylish lace-up back. Crafted from soft materials, it offers a flowy fit for effortless elegance on warm days.","{""lvl0"": ""apparel"", ""lvl1"": ""apparel > tops""}",45,tops,https://storage.googleapis.com/landingpage-al/91338921_1.jpg,"[""multicolor"", ""lace"", ""flowy"", ""feminine""]",true,Peach Lace-Up Top,890,0.49
apparel-sample-data-2310634000,"[""black"", ""white""]","Discover a stylish addition to your wardrobe with our black and white plaid tank top. Crafted from stretchy material, it features a flattering v-neck and a straight hem, making it a perfect choice for both casual outings and layering.","{""lvl0"": ""clothing"", ""lvl1"": ""clothing > tops""}",35,tops,https://storage.googleapis.com/landingpage-al/91337414_0.jpg,"[""plaid"", ""stretchy"", ""casual"", ""versatile""]",true,Black and White Plaid Tank Top,942,0.19
apparel-sample-data-2310625000,"[""black""]","Discover sophistication with our black lace top, featuring exquisite lace detail complemented by sleek satin trim. The design showcases a high neckline paired with a low back, creating an alluring look suitable for various occasions. With a fitted silhouette, this sleeveless piece is perfect for layering over a camisole for an upscale ensemble.","{""lvl0"": ""apparel"", ""lvl1"": ""apparel > tops""}",75,tops,https://storage.googleapis.com/landingpage-al/91336223_0.jpg,"[""black"", ""lace"", ""satin"", ""elegant""]",true,Black Lace Top,890,0.69
apparel-sample-data-2310622000,"[""white""]","Discover the charm of our elegant white sleeveless top, designed with a high front and a graceful low back. Crafted from sheer material, this top features delicate ruffled detailing, making it a chic addition to your wardrobe for various occasions.","{""lvl0"": ""apparel"", ""lvl1"": ""apparel > tops""}",45,tops,https://storage.googleapis.com/landingpage-al/91335966_0.jpg,"[""sheer"", ""ruffled"", ""elegant"", ""multicolor""]",true,Elegant White Sleeveless Top,942,0.32
apparel-sample-data-2310621000,"[""white""]","Discover the unique design of our White Skull Graphic Tee. Featuring a striking skull graphic adorned with black details and a stylish black hat, this t-shirt offers a relaxed boxy fit crafted from soft jersey material, making it perfect for casual outings.","{""lvl0"": ""apparel"", ""lvl1"": ""apparel > tops""}",35,tops,https://storage.googleapis.com/landingpage-al/91335901_0.jpg,"[""graphic"", ""casual"", ""soft"", ""drape""]",true,White Skull Graphic Tee,890,0.4
apparel-sample-data-2310617000,"[""beige""]","Discover the comfort of our beige tank top featuring a rounded neckline and straight hemline. Crafted from soft, stretchy fabric, this tank provides a relaxed fit, making it an ideal choice for casual outings or as a layering piece.","{""lvl0"": ""apparel"", ""lvl1"": ""apparel > tops""}",35,tops,https://storage.googleapis.com/landingpage-al/91335249_0.jpg,"[""beige"", ""layered"", ""comfortable"", ""casual""]",true,Beige Relaxed Fit Tank Top,890,0.83
apparel-sample-data-2310616000,"[""pink""]","Discover the perfect blend of comfort and style with our pink sleeveless tank top. Designed with a scoop neckline and a rounded hemline, this lightweight piece offers a relaxed fit, making it an ideal choice for warm weather or casual outings.","{""lvl0"": ""apparel"", ""lvl1"": ""apparel > tops""}",35,tops,https://storage.googleapis.com/landingpage-al/91335224_0.jpg,"[""natural"", ""linen"", ""lightweight"", ""casual""]",true,Pink Sleeveless Tank Top,987,0.97
apparel-sample-data-2310611000,"[""light blue""]","Discover the refined charm of our light blue silk chiffon blouse, featuring a stylish v-neckline with a keyhole cutout and delicate lace trim on the neckline and cuffs. The sleeveless design is complemented by a sheer panel at the back, enhancing the blouse's elegant silhouette, making it a perfect choice for versatile occasions.","{""lvl0"": ""apparel"", ""lvl1"": ""apparel > tops""}",89.99,tops,https://storage.googleapis.com/landingpage-al/91334448_0.jpg,"[""blue"", ""silk"", ""elegant""]",true,Light Blue Silk Chiffon Blouse,890,0.55
apparel-sample-data-2310604000,"[""gray"", ""black""]","Discover a blend of comfort and style with our gray tank top featuring a delicate black lace inset. Designed with a round neckline and a relaxed fit, this piece is perfect for casual outings or layering under your favorite jacket.","{""lvl0"": ""apparel"", ""lvl1"": ""apparel > tops""}",45,tops,https://storage.googleapis.com/landingpage-al/91333261_0.jpg,"[""sleeveless"", ""lace"", ""casual""]",true,Gray tank top with lace inset,879,0.62
apparel-sample-data-2310597000,"[""black"", ""gray""]","Discover the chic appeal of our black and gray cropped vest. This stylish piece features a unique quilted design, crafted from breathable mesh material, and a sleek black zipper complemented by a gray zipper pull. Perfect for layering over your favorite hoodies, this vest promises a modern look that effortlessly combines comfort and style.","{""lvl0"": ""apparel"", ""lvl1"": ""apparel > tops""}",55,tops,https://storage.googleapis.com/landingpage-al/91332595_0.jpg,"[""textured"", ""cropped"", ""sporty""]",true,Black and Gray Cropped Vest,980,0.09
apparel-sample-data-2310587000,"[""black""]","Discover ultimate comfort with our Black Distressed Tank Top. Crafted from a soft cotton blend, this tank features a loose fit and rounded neckline, perfect for everyday wear. The unique distressed edge adds a casual yet edgy flair to the design, making it a versatile addition to your wardrobe.","{""lvl0"": ""apparel"", ""lvl1"": ""apparel > tops""}",35,tops,https://storage.googleapis.com/landingpage-al/91330626_0.jpg,"[""black"", ""v-neck"", ""casual"", ""edgy""]",true,Black Distressed Tank Top,982,0.29
apparel-sample-data-2310578000,"[""blue""]","Discover the perfect blend of comfort and style with our blue sleeveless top. Designed with a graceful v-neck and a charming ruffled front, this top is crafted from soft, flowy material for a relaxed fit that flatters every silhouette.","{""lvl0"": ""apparel"", ""lvl1"": ""apparel > tops""}",45,tops,https://storage.googleapis.com/landingpage-al/91329469_0.jpg,"[""pleated"", ""v-neck"", ""hi-lo"", ""relaxed fit""]",true,Blue sleeveless top,890,0.62
apparel-sample-data-2310577000,"[""white""]","Discover the versatility of our white sleeveless top, designed with a high collar and a stylish front pleat. Crafted from a lightweight blend of cotton and polyester, this top offers a loose fit and relaxed silhouette, making it a perfect choice for both casual and dressy occasions.","{""lvl0"": ""apparel"", ""lvl1"": ""apparel > tops""}",45,tops,https://storage.googleapis.com/landingpage-al/91329339_0.jpg,"[""blue"", ""ruffle"", ""sleeveless"", ""contemporary"", ""casual"", ""dressy""]",true,White sleeveless top with high collar,980,0.28
apparel-sample-data-2310576000,"[""blue""]","Discover the charm of our blue denim top featuring a delicate white lace trim. This piece showcases a ruffled off-the-shoulder neckline and a cropped fit, perfect for adding a touch of femininity to your casual outfits.","{""lvl0"": ""apparel"", ""lvl1"": ""apparel > tops""}",45,tops,https://storage.googleapis.com/landingpage-al/91329305_0.jpg,"[""blue"", ""denim"", ""frill"", ""feminine""]",true,Blue Denim Top with Lace Trim,879,0.19
apparel-sample-data-2310567000,"[""black"", ""navy blue""]","Discover sophistication with our black lace top featuring a flattering navy blue peplum hem. Crafted with a fitted silhouette, this top showcases exquisite lace design with a delicate scalloped edge, making it a perfect choice for both casual and formal occasions.","{""lvl0"": ""apparel"", ""lvl1"": ""apparel > tops""}",75,tops,https://storage.googleapis.com/landingpage-al/91328772_0.jpg,"[""lace"", ""peplum"", ""feminine"", ""elegant""]",true,Black Lace Top with Navy Peplum Hem,1023,0.64
apparel-sample-data-2310564000,"[""white""]","Discover the perfect blend of comfort and style with our white spaghetti strap tank top. Designed with a low back and high cut, this stretchy and versatile tank top effortlessly pairs with various bottoms, making it an essential piece for your wardrobe.","{""lvl0"": ""apparel"", ""lvl1"": ""apparel > tops""}",35,tops,https://storage.googleapis.com/landingpage-al/91328644_0.jpg,"[""heathered"", ""spaghetti straps"", ""versatile""]",true,White spaghetti strap tank top,946,0.06
apparel-sample-data-2310562000,"[""gray"", ""white""]","Discover the charm of our gray and white sequined tank top, designed for a relaxed silhouette. The eye-catching sequins create a unique metallic finish, making it ideal for casual outings or layered looks.","{""lvl0"": ""apparel"", ""lvl1"": ""apparel > tops""}",45,tops,https://storage.googleapis.com/landingpage-al/91328061_0.jpg,"[""gray"", ""sparkly"", ""casual""]",true,Gray and White Sequined Tank Top,980,0.81
apparel-sample-data-2310552000,"[""silver""]","Step into the spotlight with our silver metallic crop top. Featuring a high neckline and a sophisticated halter strap design, this shiny piece is crafted for a chic cropped fit, making it perfect for stylish layering or standalone statements.","{""lvl0"": ""apparel"", ""lvl1"": ""apparel > tops""}",45,tops,https://storage.googleapis.com/landingpage-al/91326551_0.jpg,"[""metallic"", ""ribbed"", ""crop""]",true,Silver Metallic Crop Top,879,0.91
apparel-sample-data-2310543000,"[""burgundy""]","Discover the perfect blend of comfort and style with our burgundy mock-turtleneck tank top. Designed with a high neckline and low back, this sleeveless top features a loose fit for ease of movement and wide shoulder straps. Crafted from a stretchy material, it offers a simple yet chic aesthetic suitable for various occasions.","{""lvl0"": ""apparel"", ""lvl1"": ""apparel > tops""}",40,tops,https://storage.googleapis.com/landingpage-al/91325189_0.jpg,"[""mock-turtleneck"", ""keyhole"", ""elegant"", ""casual""]",true,Burgundy Mock-Turtleneck Tank Top,987,1
apparel-sample-data-2310540000,"[""beige""]","Discover the charm of our beige silk tank top, designed with a relaxed fit and a delicate ruffled neckline. The luxurious silk fabric adds a soft touch, making it an ideal addition to your casual wardrobe. Effortlessly stylish, it pairs beautifully with a variety of outfits.","{""lvl0"": ""apparel"", ""lvl1"": ""apparel > tops""}",75,tops,https://storage.googleapis.com/landingpage-al/91324706_0.jpg,"[""soft"", ""feminine"", ""casual""]",true,Beige Silk Tank Top,890,0.72
apparel-sample-data-2310518000,"[""white""]","Discover the charm of our white lace camisole, crafted from lightweight cotton for ultimate comfort. Featuring intricate crocheted lace and a flattering v-neckline, this piece offers a timeless silhouette perfect for layering or wearing alone.","{""lvl0"": ""apparel"", ""lvl1"": ""apparel > tops""}",45,tops,https://storage.googleapis.com/landingpage-al/91322420_0.jpg,"[""lace"", ""lightweight"", ""v-neck"", ""elegant""]",true,White Lace Camisole,980,0.11
apparel-sample-data-2310514000,"[""black""]","Discover the elegance of our black ruffled one shoulder top, crafted from a stretchy fabric that ensures a comfortable fit. This stylish design features a scoop neckline and detailed ruffles made from a delicate material, making it perfect for a range of occasions.","{""lvl0"": ""apparel"", ""lvl1"": ""apparel > tops""}",75,tops,https://storage.googleapis.com/landingpage-al/91322263_0.jpg,"[""one-shoulder"", ""ruffled"", ""elegant"", ""versatile""]",true,Black Ruffled One Shoulder Top,987,0.13
apparel-sample-data-2310507000,"[""green""]","Discover our green v-neck tank top crafted from soft, lightweight material for ultimate comfort. This relaxed fit piece features a stylish rounded hemline, making it a versatile addition to your wardrobe that can seamlessly transition from casual outings to dressier occasions.","{""lvl0"": ""apparel"", ""lvl1"": ""apparel > tops""}",35,tops,https://storage.googleapis.com/landingpage-al/91321476_0.jpg,"[""v-neck"", ""casual"", ""relaxed fit"", ""lightweight""]",true,Green V-Neck Tank Top,890,0.62
apparel-sample-data-2310502000,"[""green""]","Discover the perfect blend of style and comfort with our green tank top featuring a striking mesh overlay. The stretchy fabric and scoop neckline provide a flattering fit, while the darker green mesh adds a unique touch that enhances its appeal. Ideal for casual outings or layering under your favorite jackets.","{""lvl0"": ""apparel"", ""lvl1"": ""apparel > tops""}",40,tops,https://storage.googleapis.com/landingpage-al/91321116_0.jpg,"[""blue"", ""mesh"", ""stretchy"", ""comfortable""]",true,Green Mesh Overlay Tank Top,876,0.34
apparel-sample-data-2310501000,"[""black"", ""white""]","Discover the unique charm of our black and white leopard print top. Designed with a graceful cowl neckline and crafted from a stretchy material, this versatile piece is perfect for layering and transitions effortlessly between casual and formal settings.","{""lvl0"": ""apparel"", ""lvl1"": ""apparel > tops""}",45,tops,https://storage.googleapis.com/landingpage-al/91321044_0.jpg,"[""black"", ""leopard print"", ""versatile"", ""layering""]",true,Black and White Leopard Print Top,987,0.28
apparel-sample-data-2310500000,"[""pink""]","Discover the perfect blend of comfort and style with our pink v-neck tank top. Designed from stretchy material, this basic yet chic tank is a versatile addition to your wardrobe, easily paired with any bottom for a laid-back look.","{""lvl0"": ""apparel"", ""lvl1"": ""apparel > tops""}",35,tops,https://storage.googleapis.com/landingpage-al/91321037_0.jpg,"[""slinky"", ""plunge"", ""casual"", ""versatile""]",true,Pink V-Neck Tank Top,3400,0.95
apparel-sample-data-2310498000,"[""gray""]","Discover comfort and style with our gray high neck tank top. Crafted from a stretchy knit material, this sleeveless design features a rounded hem that pairs perfectly with casual outfits or layered looks.","{""lvl0"": ""apparel"", ""lvl1"": ""apparel > tops""}",45,tops,https://storage.googleapis.com/landingpage-al/91320878_0.jpg,"[""gray"", ""merino"", ""wool"", ""casual""]",true,Gray High Neck Tank Top,876,0.41
apparel-sample-data-2310493000,"[""black"", ""white""]","Discover the charm of our black and white lace trim tank top. Designed with a flattering V-neckline and adorned with delicate lace accents, this sleeveless top is crafted from high-quality fabric, making it a versatile addition to your wardrobe for various occasions.","{""lvl0"": ""apparel"", ""lvl1"": ""apparel > tops""}",45,tops,https://storage.googleapis.com/landingpage-al/91320435_0.jpg,"[""sleeveless"", ""lace trim"", ""V-neck""]",true,Black and White Lace Trim Tank Top,980,0.32
apparel-sample-data-2310492000,"[""white""]","Discover the perfect blend of comfort and style with our white relaxed fit tank top. Crafted from soft, stretchy material, this top features a rounded neckline and a straight hem, making it an ideal choice for casual outings or layering under your favorite jacket.","{""lvl0"": ""apparel"", ""lvl1"": ""apparel > tops""}",35,tops,https://storage.googleapis.com/landingpage-al/91320313_0.jpg,"[""soft"", ""stretchy"", ""relaxed fit"", ""casual""]",true,White Relaxed Fit Tank Top,890,0.62
apparel-sample-data-2310484000,"[""navy blue"", ""yellow"", ""black""]","Discover a unique twist with our navy blue asymmetrical top, designed for effortless style. Featuring a striking combination of black and yellow straps, this sleeveless piece is perfect for warm weather outings, providing both comfort and a chic silhouette.","{""lvl0"": ""clothing"", ""lvl1"": ""clothing > tops""}",45,tops,https://storage.googleapis.com/landingpage-al/91319694_0.jpg,"[""asymmetrical"", ""ring"", ""stylish""]",true,Navy Blue Asymmetrical Top,876,0.69
apparel-sample-data-2310479000,"[""peach""]","Discover the charm of our peach mesh tank top, designed for a stylish yet comfortable fit. The tank features a flattering v-neckline, crafted from shiny mesh material that adds a touch of sophistication to your summer wardrobe. Perfect for layering or wearing alone, this top complements various ensembles effortlessly.","{""lvl0"": ""women's clothing"", ""lvl1"": ""women's clothing > tops""}",39.99,tops,https://storage.googleapis.com/landingpage-al/91318904_1.jpg,"[""orange"", ""lace"", ""mesh"", ""fashionable""]",true,Peach Mesh Tank Top,982,0.97
apparel-sample-data-2310468000,"[""white"", ""black""]","Discover a stunning sleeveless top featuring a sophisticated black and white pattern. Accented with delicate black lace trim and a flattering round neckline, this versatile piece is ideal for both casual outings and formal occasions.","{""lvl0"": ""apparel"", ""lvl1"": ""apparel > tops""}",75,tops,https://storage.googleapis.com/landingpage-al/91317119_0.jpg,"[""embroidered"", ""elegant"", ""sleeveless""]",true,Elegant Sleeveless Top,982,0.93
apparel-sample-data-2310465000,"[""green""]","Discover effortless style with our green ribbed tank top. Designed with a flattering v-neckline and wide straps that elegantly drape around the back, this top is crafted from stretchy material for a relaxed fit, making it an ideal choice for casual outings or lounging at home.","{""lvl0"": ""apparel"", ""lvl1"": ""apparel > tops""}",35,tops,https://storage.googleapis.com/landingpage-al/91316724_0.jpg,"[""green"", ""v-neck"", ""comfortable"", ""casual""]",true,Green Ribbed V-Neck Tank Top,932,0.2
apparel-sample-data-2310462000,"[""brown""]","Discover the versatility of our brown tank top, crafted from soft material for all-day comfort. Featuring a round neckline, this essential piece is perfect for pairing with a variety of bottoms, making it a staple in any casual wardrobe.","{""lvl0"": ""apparel"", ""lvl1"": ""apparel > tops""}",35,tops,https://storage.googleapis.com/landingpage-al/91316169_0.jpg,"[""soft"", ""versatile"", ""casual""]",true,Brown Soft Tank Top,987,0
apparel-sample-data-2310460000,"[""blue"", ""brown""]","Discover the charm of our tie-dyed relaxed fit tank top, where vibrant hues of blue and brown come together in a lightweight cotton-rayon blend. This casual piece is perfect for easygoing days, offering comfort and style for any laid-back occasion.","{""lvl0"": ""clothing"", ""lvl1"": ""clothing > tops""}",35,tops,https://storage.googleapis.com/landingpage-al/91316044_0.jpg,"[""draped"", ""casual"", ""lightweight""]",true,Tie-dyed relaxed fit tank top,980,0.56
apparel-sample-data-2310454000,"[""pink"", ""white""]","Discover the perfect blend of style and comfort with our pink and white tank top, featuring a modern curved hemline and a relaxed fit. The scoop neckline beautifully complements the soft, stretchy material that effortlessly drapes for all-day wear. Ideal for casual outings or layering, this tank emphasizes an easy-going aesthetic with its subtle ombre effect.","{""lvl0"": ""apparel"", ""lvl1"": ""apparel > tops""}",35,tops,https://storage.googleapis.com/landingpage-al/91315690_0.jpg,"[""ombre"", ""comfortable"", ""casual"", ""sleeveless""]",true,Pink and White Ombre Tank Top,894,0.16
apparel-sample-data-2310443000,"[""brown""]","Discover the sophistication of our brown silk tank top, designed with a luxurious satin finish. This sleeveless piece features a high, rounded neckline and a stylish keyhole cutout at the back, making it a versatile addition to your wardrobe. Perfect for layering or wearing on its own, it offers a chic silhouette for any occasion.","{""lvl0"": ""apparel"", ""lvl1"": ""apparel > tops""}",75,tops,https://storage.googleapis.com/landingpage-al/91313278_0.jpg,"[""sleeveless"", ""silk"", ""elegant"", ""versatile""]",true,Brown Silk Tank Top,932,0.42
apparel-sample-data-2310435000,"[""pink""]","Discover the charm of our pink lace-trim top, designed with a flattering v-neckline and short sleeves. Crafted from soft fabric featuring a delicate lace pattern, this versatile piece offers a relaxed fit, making it suitable for both casual outings and more formal occasions.","{""lvl0"": ""apparel"", ""lvl1"": ""apparel > tops""}",45,tops,https://storage.googleapis.com/landingpage-al/91312406_0.jpg,"[""pink"", ""lace-trim"", ""versatile"", ""relaxed-fit""]",true,Pink Lace-Trim Top,876,0.43
apparel-sample-data-2310432000,"[""red""]","Discover the charm of our red ruffled shirt featuring a stylish bow at the neck. Crafted from soft material, this elegant top showcases a flattering v-neck design that pairs beautifully with a variety of outfits. Perfect for any occasion, it adds a touch of sophistication to your wardrobe.","{""lvl0"": ""apparel"", ""lvl1"": ""apparel > tops""}",45,tops,https://storage.googleapis.com/landingpage-al/91312098_0.jpg,"[""ruffled"", ""v-neck"", ""stylish"", ""elegant""]",true,Red Ruffled Shirt with Bow,890,0.91
apparel-sample-data-2310429000,"[""green"", ""yellow"", ""orange"", ""blue""]","Embrace the summer vibes with this vibrant floral bandeau bikini top. Designed with a comfortable stretchy material, it features a chic strapless silhouette complemented by a halter neck design. Perfectly paired with matching bottoms for a stylish beach or poolside look.","{""lvl0"": ""swimwear"", ""lvl1"": ""swimwear > bikinis""}",45,tops,https://storage.googleapis.com/landingpage-al/91311923_0.jpg,"[""floral"", ""strapless"", ""bandeau"", ""vibrant""]",true,Floral bandeau bikini top,875,0.42
apparel-sample-data-2310426000,"[""blue"", ""white"", ""chestnut""]","Discover the perfect blend of style and comfort with our chestnut striped sleeveless shirt. Designed with a lightweight cotton fabric, this shirt features a relaxed fit and a classic button-down collar. The striking blue and white stripes, along with the practical front pocket, make it an ideal choice for casual outings or laid-back days.","{""lvl0"": ""apparel"", ""lvl1"": ""apparel > tops""}",45,tops,https://storage.googleapis.com/landingpage-al/91311653_0.jpg,"[""blue"", ""striped"", ""sleeveless"", ""casual""]",true,Chestnut Striped Sleeveless Shirt,890,0.53
apparel-sample-data-2310375000,"[""gray""]","Discover the charm of our grey lace camisole featuring a satin trim. This delicate piece showcases a flattering plunging neckline adorned with intricate lace detailing. Perfect for layering or as a standalone, this camisole enhances a variety of outfits while adding a touch of refined elegance.","{""lvl0"": ""apparel"", ""lvl1"": ""apparel > tops""}",45,tops,https://storage.googleapis.com/landingpage-al/91304009_0.jpg,"[""gray"", ""lace"", ""elegant"", ""lingerie""]",true,Grey Lace Camisole,876,0.27
apparel-sample-data-2308268000,"[""white"", ""blue""]","Embrace effortless style with our off-the-shoulder white and blue top, beautifully adorned with intricate lace detailing. The floral design features a delightful pattern of blue and white flowers set against a pristine backdrop. Perfect for casual outings, this piece adds a touch of sophistication to your wardrobe.","{""lvl0"": ""apparel"", ""lvl1"": ""apparel > tops""}",45,tops,https://storage.googleapis.com/landingpage-al/91436539_0.jpg,"[""off-the-shoulder"", ""lace"", ""floral"", ""stylish""]",true,Off-the-Shoulder Floral Top,879,0.09
apparel-sample-data-2308261000,"[""white""]","Discover the charm of our white classic blouse, featuring a delicate collared neckline and short sleeves. Crafted from lightweight fabric, likely cotton or linen, it offers comfort and elegance, perfect for casual outings or business settings.","{""lvl0"": ""apparel"", ""lvl1"": ""apparel > tops""}",45,tops,https://storage.googleapis.com/landingpage-al/91434972_0.jpg,"[""multicolor"", ""feminine"", ""lightweight""]",true,White Classic Blouse,980,0.68
apparel-sample-data-2308237000,"[""black"", ""yellow"", ""white"", ""brown""]","Discover a striking leopard print top featuring a captivating blend of black, yellow, and natural hues. Crafted from soft cotton, this top offers a relaxed fit, enhanced by a stylish scooped v-neckline. Perfect for adding a touch of flair to your casual wardrobe.","{""lvl0"": ""apparel"", ""lvl1"": ""apparel > tops""}",45,tops,https://storage.googleapis.com/landingpage-al/91430979_0.jpg,"[""multicolor"", ""casual"", ""leopard print"", ""comfortable""]",true,Leopard Print Short Sleeve Top,982,0.35
apparel-sample-data-2308233000,"[""black"", ""white""]","Discover a chic addition to your wardrobe with our black and white animal print top. Designed with a loose fit and crafted from luxurious silk, this short sleeve tee offers both style and comfort, making it perfect for casual outings or dressing up for special occasions.","{""lvl0"": ""apparel"", ""lvl1"": ""apparel > tops""}",75,tops,https://storage.googleapis.com/landingpage-al/91430171_0.jpg,"[""animal print"", ""loose fit"", ""silk"", ""elegant""]",true,Black and White Animal Print Top,950,0.59
apparel-sample-data-2308223000,"[""multicolor""]","Brighten your wardrobe with our floral printed top featuring a light white background adorned with vibrant flowers in shades of pink, blue, and green. Designed for comfort, its loose fit pairs beautifully with a stylish belt and is perfect for casual outings or summer gatherings.","{""lvl0"": ""apparel"", ""lvl1"": ""apparel > tops""}",45,tops,https://storage.googleapis.com/landingpage-al/91427091_0.jpg,"[""floral"", ""loose fit"", ""summer"", ""casual""]",true,Floral Printed Loose Fit Top,987,0.11
apparel-sample-data-2308220000,"[""blue""]","Discover our beautiful blue lace top, featuring a classic round neckline and short sleeves. Crafted from lightweight, breathable fabric, it drapes elegantly and ensures comfort during warmer days. The intricate crocheted lace showcases a rich, deep blue hue, making it a versatile addition to your casual wardrobe, perfect for any laid-back occasion.","{""lvl0"": ""apparel"", ""lvl1"": ""apparel > tops""}",45,tops,https://storage.googleapis.com/landingpage-al/91426782_0.jpg,"[""blue"", ""lace"", ""lightweight"", ""casual"", ""versatile""]",true,Blue Lace Short Sleeve Top,980,0.88
apparel-sample-data-2308211000,"[""black""]","Discover effortless style with our black top featuring a striking silver chain detail on the shoulder. Crafted from stretchy material for comfort, this piece boasts a round neckline and short sleeves, designed for a relaxed yet chic look that's perfect for any casual outing.","{""lvl0"": ""apparel"", ""lvl1"": ""apparel > tops""}",45,tops,https://storage.googleapis.com/landingpage-al/91425552_0.jpg,"[""black"", ""embellished"", ""casual""]",true,Black embellished top,980,0.63
apparel-sample-data-2308210000,"[""white""]","Introducing our white lace short sleeve top, featuring an elegant crochet lace overlay that brings a touch of sophistication. Designed with a round neckline and a delicate keyhole cutout at the back, this top combines sheer material with intricate texture, perfect for any occasion where a stylish and feminine look is desired.","{""lvl0"": ""apparel"", ""lvl1"": ""apparel > tops""}",75,tops,https://storage.googleapis.com/landingpage-al/91425410_0.jpg,"[""lace"", ""feminine"", ""textured"", ""versatile""]",true,White lace short sleeve top,942,0.21
apparel-sample-data-2308206000,"[""black"", ""white"", ""purple""]","Discover the charm of this black and white floral print blouse, featuring a striking purple collar and a delicate purple flower accent on the left side. Designed with a classic round neckline and short sleeves, this blouse combines style with comfort, making it a versatile addition to your wardrobe.","{""lvl0"": ""apparel"", ""lvl1"": ""apparel > tops""}",45,tops,https://storage.googleapis.com/landingpage-al/91425145_0.jpg,"[""floral"", ""short sleeves"", ""elegant""]",true,Floral Print Blouse,892,0.65
apparel-sample-data-2308202000,"[""black"", ""white"", ""blue""]","Discover the charm of our black and white printed top, designed with a stylish triangle pattern. Featuring a flattering scoop neckline and short sleeves, this casual piece is crafted from lightweight material for comfort and ease throughout your day.","{""lvl0"": ""apparel"", ""lvl1"": ""apparel > tops""}",45,tops,https://storage.googleapis.com/landingpage-al/91423539_0.jpg,"[""multicolor"", ""casual"", ""lightweight"", ""printed""]",true,Black and White Printed Top,980,0.74
apparel-sample-data-2308200000,"[""blue"", ""red"", ""green""]","Discover a stylish option for everyday wear with our printed short sleeve top. This vibrant shirt features a flattering v-neck, playful colors of blue, red, and green, and a practical front pocket. Perfectly paired with jeans for a laid-back yet trendy outfit.","{""lvl0"": ""apparel"", ""lvl1"": ""apparel > tops""}",35,tops,https://storage.googleapis.com/landingpage-al/91423170_0.jpg,"[""blue"", ""v-neck"", ""printed"", ""casual""]",true,Printed V-Neck Short Sleeve Top,2047,0.81
apparel-sample-data-2308197000,"[""white""]","Discover the perfect blend of comfort and style with our white relaxed short sleeve tee. Tailored with a flattering v-neckline and crafted from soft, stretchy fabric, this shirt ensures ease of movement and can be worn solo or layered for added versatility.","{""lvl0"": ""apparel"", ""lvl1"": ""apparel > tops""}",45,tops,https://storage.googleapis.com/landingpage-al/91422813_0.jpg,"[""casual"", ""relaxed fit"", ""soft fabric""]",true,White Relaxed Short Sleeve Tee,982,0.51
apparel-sample-data-2308192000,"[""green"", ""black""]","Discover a stylish addition to your wardrobe with our green and black v-neck top. Designed with a striking zigzag pattern, this shirt offers a modern touch, making it perfect for both casual outings and relaxed gatherings.","{""lvl0"": ""apparel"", ""lvl1"": ""apparel > tops""}",45,tops,https://storage.googleapis.com/landingpage-al/91422110_0.jpg,"[""v-neck"", ""printed"", ""zigzag pattern""]",true,Green and Black Zigzag V-Neck Top,982,0
apparel-sample-data-2308184000,"[""pink""]","Discover the charm of our pink lace top, featuring a delicate crocheted neckline and a subtle button detail at the collar. Crafted from soft, lightweight material, this relaxed fit top is perfect for warm days and pairs beautifully with any casual ensemble.","{""lvl0"": ""apparel"", ""lvl1"": ""apparel > tops""}",45,tops,https://storage.googleapis.com/landingpage-al/91421560_0.jpg,"[""lace"", ""relaxed fit"", ""lightweight"", ""casual""]",true,Pink Lace Top,875,0.56
apparel-sample-data-2308183000,"[""blue"", ""white""]","Embrace a casual look with our blue and white top adorned with charming bird motifs. Crafted from lightweight fabric, it features a stylish boat neckline and short sleeves, making it an ideal choice for warm days.","{""lvl0"": ""apparel"", ""lvl1"": ""apparel > tops""}",45,tops,https://storage.googleapis.com/landingpage-al/91421483_0.jpg,"[""casual"", ""lightweight"", ""floral""]",true,Blue and White Casual Top,987,0.53
apparel-sample-data-2308181000,"[""beige""]","Discover effortless style with our beige relaxed fit t-shirt. Featuring a crew neckline and soft, lightweight material, this top showcases a unique graphic that reads 'franco german swiss tank girl,' perfect for casual outings or lounging at home.","{""lvl0"": ""apparel"", ""lvl1"": ""apparel > tops""}",30,tops,https://storage.googleapis.com/landingpage-al/91421014_0.jpg,"[""multicolor"", ""casual"", ""comfortable""]",true,Beige Relaxed Fit T-Shirt,875,0.26
apparel-sample-data-2308178000,"[""pink""]","Discover comfort and style with our Pink Under Armour short sleeve shirt. Crafted from soft material, this shirt features a rounded hemline and a stylish white logo, making it a perfect choice for both casual outings and active days.","{""lvl0"": ""apparel"", ""lvl1"": ""apparel > tops""}",35,tops,https://storage.googleapis.com/landingpage-al/91420706_0.jpg,"[""soft"", ""comfortable"", ""casual"", ""activewear""]",true,Pink Under Armour Short Sleeve Shirt,875,0.68
apparel-sample-data-2308177000,"[""green""]","Add a touch of sparkle to your casual wardrobe with our green t-shirt featuring a stylish silver sequined pocket. Designed with a comfortable round neckline and short sleeves, this top is perfect for effortless everyday wear.","{""lvl0"": ""clothing"", ""lvl1"": ""clothing > tops""}",35,tops,https://storage.googleapis.com/landingpage-al/91420654_0.jpg,"[""multicolor"", ""casual"", ""short sleeve"", ""sequined""]",true,Green Sequined Pocket T-Shirt,890,0.26
apparel-sample-data-2308176000,"[""gray"", ""black""]","Step into a casual day with our stylish gray and black printed tee shirt. Adorned with an eye-catching black and white print on the front, this shirt combines comfort and modern design, making it a staple for effortless style.","{""lvl0"": ""clothing"", ""lvl1"": ""clothing > tops""}",35,tops,https://storage.googleapis.com/landingpage-al/91420398_1.jpg,"[""printed"", ""animal"", ""casual""]",true,Gray and Black Printed Tee Shirt,980,0.96
apparel-sample-data-2308175000,"[""gray"", ""black""]","Add a playful touch to your wardrobe with our Mickey Mouse graphic tee. This short sleeve shirt features a trendy tie-front design, complemented by a round neckline and a charming black and white Mickey Mouse print. A perfect choice for casual outings.","{""lvl0"": ""apparel"", ""lvl1"": ""apparel > tops""}",35,tops,https://storage.googleapis.com/landingpage-al/91419265_0.jpg,"[""graphic tee"", ""casual"", ""cute""]",true,Mickey Mouse Graphic Tee,982,0.46
apparel-sample-data-2308168000,"[""gray""]","Discover effortless style with our gray off-the-shoulder top, designed with laced-up sleeves that enhance its relaxed appeal. Crafted from soft knit material, this piece features a comfortable round neckline, making it a versatile addition to your everyday wardrobe.","{""lvl0"": ""apparel"", ""lvl1"": ""apparel > tops""}",45,tops,https://storage.googleapis.com/landingpage-al/91418265_0.jpg,"[""off-the-shoulder"", ""casual"", ""comfortable"", ""knit""]",true,Gray Off-the-Shoulder Top,875,0.52
apparel-sample-data-2308163000,"[""gray""]","Discover comfort with our gray short sleeve t-shirt featuring a stylish white logo. Designed with a classic round neckline and short sleeves, this tee is perfect for casual outings or sporty activities.","{""lvl0"": ""apparel"", ""lvl1"": ""apparel > tops""}",25,tops,https://storage.googleapis.com/landingpage-al/91416728_0.jpg,"[""sporty"", ""casual"", ""comfortable""]",true,Gray Short Sleeve T-Shirt,2450,0.57
apparel-sample-data-2308153000,"[""dark olive green""]","Discover the comfort of our dark olive green short sleeve t-shirt. Crafted from soft material, this piece features a casual round neckline and stylish batwing sleeves, making it an ideal choice for laid-back outings.","{""lvl0"": ""apparel"", ""lvl1"": ""apparel > tops""}",35,tops,https://storage.googleapis.com/landingpage-al/91415114_0.jpg,"[""batwing"", ""comfortable"", ""casual""]",true,Dark Olive Green Short Sleeve T-Shirt,984,0.51
apparel-sample-data-2308151000,"[""dark green""]","Discover the charm of our dark green sleeveless top. Crafted with a v-neck design and adorned with an elegant ruffled neckline, this top adds a touch of sophistication to your wardrobe. Perfect for layering or wearing on its own for a stylish outing.","{""lvl0"": ""apparel"", ""lvl1"": ""apparel > tops""}",35,tops,https://storage.googleapis.com/landingpage-al/91414837_0.jpg,"[""blue"", ""elegant"", ""ruffled""]",true,Dark green ruffled v-neck top,987,0.75
apparel-sample-data-2308148000,"[""black"", ""white""]","Discover the perfect blend of comfort and style with our black and white striped top. Featuring a delicate lace insert at the neckline and a flattering rounded neckline, this short-sleeve top is ideal for casual outings or layered under a jacket for a chic look.","{""lvl0"": ""apparel"", ""lvl1"": ""apparel > tops""}",45,tops,https://storage.googleapis.com/landingpage-al/91414413_0.jpg,"[""printed"", ""lace-yoke"", ""casual"", ""stylish""]",true,Black and White Striped Lace Insert Top,890,0.62
apparel-sample-data-2308147000,"[""black""]","Discover a stylish blend of comfort and elegance with our black off-the-shoulder top. Crafted from stretchy knit fabric, this loose-fit design features a wide neckline, making it an ideal choice for casual outings or relaxed gatherings.","{""lvl0"": ""apparel"", ""lvl1"": ""apparel > tops""}",45,tops,https://storage.googleapis.com/landingpage-al/91414263_0.jpg,"[""casual"", ""comfortable"", ""off-the-shoulder"", ""stretchy""]",true,Black Off-the-Shoulder Top,980,0.45
apparel-sample-data-2308142000,"[""blue"", ""green""]","Discover the perfect blend of style and comfort with our blue and green striped polo shirt. Crafted with short sleeves and a classic collar, this piece features a logo on the left side and is ideal for casual outings or relaxed days at home.","{""lvl0"": ""apparel"", ""lvl1"": ""apparel > tops""}",45,tops,https://storage.googleapis.com/landingpage-al/91413096_0.jpg,"[""striped"", ""casual"", ""polo"", ""comfortable""]",true,Blue and Green Striped Polo Shirt,876,0.18
apparel-sample-data-2308141000,"[""navy blue""]","Discover the perfect blend of comfort and style with our navy blue short sleeve t-shirt. Featuring a classic round neckline and crafted from stretchy fabric, this t-shirt offers a simple yet versatile design that effortlessly complements your everyday wardrobe.","{""lvl0"": ""apparel"", ""lvl1"": ""apparel > tops""}",30,tops,https://storage.googleapis.com/landingpage-al/91413042_0.jpg,"[""blue"", ""indigo"", ""jersey"", ""casual""]",true,Navy Blue Short Sleeve T-Shirt,894,0.63
apparel-sample-data-2308113000,"[""white"", ""black""]","Discover sophistication with this chic white short-sleeved blouse. Featuring a round neckline with a stylish black and white striped collar, this fitted blouse is enhanced by ruffles on the neckline and cuffs. Crafted from stretchy knit material and complete with a back zipper closure, it’s an ideal choice for both formal and casual outfits.","{""lvl0"": ""apparel"", ""lvl1"": ""apparel > tops""}",65,tops,https://storage.googleapis.com/landingpage-al/91402306_0.jpg,"[""black"", ""white"", ""peplum"", ""ribbed"", ""elegant""]",true,Chic White Short-Sleeved Blouse,876,0.72
apparel-sample-data-2308111000,"[""blue"", ""grey""]","Discover the perfect blend of comfort and style with our blue and grey striped t-shirt. Crafted from soft cashmere jersey, it features thin, evenly spaced stripes and a classic round neckline, ideal for casual outings or relaxed days at home.","{""lvl0"": ""clothing"", ""lvl1"": ""clothing > tops""}",45,tops,https://storage.googleapis.com/landingpage-al/91401542_0.jpg,"[""blue"", ""cashmere"", ""jersey"", ""stripe"", ""casual""]",true,Blue and Grey Striped T-Shirt,987,0.03
apparel-sample-data-2308110000,"[""white"", ""multicolor""]","Discover the perfect blend of style and comfort with our white striped shirt featuring a charming ruffled collar and a pleated back. Crafted from lightweight fabric, this top offers a relaxed fit, making it ideal for warm weather outings or casual gatherings.","{""lvl0"": ""apparel"", ""lvl1"": ""apparel > tops""}",45,tops,https://storage.googleapis.com/landingpage-al/91401522_1.jpg,"[""multicolor"", ""lightweight"", ""casual"", ""comfortable""]",true,White Striped Ruffled Collar Top,890,0.32
apparel-sample-data-2308107000,"[""black""]","Discover a refined look with our black off-the-shoulder top. Crafted from stretchy material, this piece features thin, metallic-sheen straps that elegantly extend down the arms. The relaxed fit and wide neckline allow freedom of movement, making it an ideal addition to your casual wardrobe.","{""lvl0"": ""apparel"", ""lvl1"": ""apparel > tops""}",45,tops,https://storage.googleapis.com/landingpage-al/91398350_0.jpg,"[""woven"", ""pleated"", ""cold shoulder"", ""casual""]",true,Black Off the Shoulder Top,890,0.42
apparel-sample-data-2308073000,"[""black""]","Discover the perfect blend of comfort and style with our black loose fit v-neck top. Crafted from soft, flowy material, this shirt features short sleeves and a deep black hue that adds versatility to your wardrobe. Ideal for dressing up or down, it’s a must-have addition for effortless chic outfits.","{""lvl0"": ""clothing"", ""lvl1"": ""clothing > tops""}",35,tops,https://storage.googleapis.com/landingpage-al/91388331_0.jpg,"[""black"", ""ribbed"", ""casual"", ""v-neck""]",true,Black Loose Fit V-Neck Top,890,0.8
apparel-sample-data-2308052000,"[""black"", ""green""]","Discover the perfect blend of comfort and style with our black and green striped blouse. Designed with a loose fit and round neckline, this short sleeve top showcases a vibrant multicolored print, making it an excellent choice for casual outings or relaxed gatherings.","{""lvl0"": ""apparel"", ""lvl1"": ""apparel > tops""}",45,tops,https://storage.googleapis.com/landingpage-al/91384523_0.jpg,"[""multicolor"", ""striped"", ""casual"", ""loose fit""]",true,Black and Green Striped Blouse,875,0.03
apparel-sample-data-2308048000,"[""white"", ""black"", ""green""]","Discover effortless style with our white casual graphic t-shirt, adorned with a chic star and bird design. Crafted from soft, breathable material, this versatile piece is perfect for everyday wear, offering comfort without compromising on flair.","{""lvl0"": ""apparel"", ""lvl1"": ""apparel > tops""}",35,tops,https://storage.googleapis.com/landingpage-al/91383965_0.jpg,"[""casual"", ""comfortable"", ""graphic""]",true,White Casual Graphic T-Shirt,1034,0.43
apparel-sample-data-2308039000,"[""gray""]","Make a statement with our gray graphic tee featuring a bold design that expresses playful individuality. Crafted for comfort and style, this short-sleeve t-shirt is perfect for casual outings or relaxed days at home.","{""lvl0"": ""apparel"", ""lvl1"": ""apparel > tops""}",29.99,tops,https://storage.googleapis.com/landingpage-al/91379652_0.jpg,"[""gray"", ""graphic tee"", ""casual""]",true,Gray Graphic Tee,1023,0.8
apparel-sample-data-2308037000,"[""purple""]","Discover the perfect blend of comfort and style with our purple t-shirt. Designed with a rounded neckline and short sleeves, this tee offers a relaxed fit and is crafted from a soft, stretchy material, making it an ideal choice for casual outings.","{""lvl0"": ""apparel"", ""lvl1"": ""apparel > tops""}",35,tops,https://storage.googleapis.com/landingpage-al/91379507_0.jpg,"[""blue"", ""comfortable"", ""casual""]",true,Purple Relaxed Fit T-Shirt,980,0.77
apparel-sample-data-2308032000,"[""black"", ""gold""]","Discover the perfect blend of comfort and style with our black and gold striped top. Crafted from shiny material, this top features a loose fit and a classic round neckline, making it an ideal choice for both casual outings and chic evening gatherings.","{""lvl0"": ""apparel"", ""lvl1"": ""apparel > tops""}",45,tops,https://storage.googleapis.com/landingpage-al/91377853_0.jpg,"[""black"", ""metallic"", ""batwing"", ""elegant""]",true,Black and Gold Striped Top,879,0.97
apparel-sample-data-2308022000,"[""pink""]","Discover our pink t-shirt featuring a stylish twisted front and distressed hem. Crafted from soft, stretchy material, this top offers both comfort and a relaxed fit. Its rounded neckline and unique hemline provide a casual yet distinctive look, perfect for everyday wear.","{""lvl0"": ""apparel"", ""lvl1"": ""apparel > tops""}",30,tops,https://storage.googleapis.com/landingpage-al/91374501_0.jpg,"[""pink"", ""v-neck"", ""casual"", ""unique""]",true,Pink Twisted Front T-Shirt,887,0.98
apparel-sample-data-2308021000,"[""black"", ""blue""]","Discover the charm of our black and blue printed kimono top. Crafted from lightweight silk-georgette, this garment features a relaxed, flowy silhouette and a stunning floral design that combines solid black and rich blue tones. Perfect for layering over a tank top, it's designed to drape elegantly over your figure, making it an ideal choice for both casual and semi-formal occasions.","{""lvl0"": ""apparel"", ""lvl1"": ""apparel > tops""}",75,tops,https://storage.googleapis.com/landingpage-al/91374244_0.jpg,"[""printed"", ""silk-georgette"", ""flowy"", ""floral""]",true,Black and Blue Printed Kimono Top,987,0.16
apparel-sample-data-2308008000,"[""blue""]","This blue tank top is crafted from soft, stretchy cashmere, offering comfort and versatility. Featuring a rounded neckline, it serves as a foundational piece that pairs effortlessly with jeans or shorts for a relaxed, casual look.","{""lvl0"": ""apparel"", ""lvl1"": ""apparel > tops""}",45,tops,https://storage.googleapis.com/landingpage-al/91372000_0.jpg,"[""blue"", ""cashmere"", ""casual"", ""comfortable""]",true,Blue Cashmere Tank Top,890,0.22
apparel-sample-data-2308007000,"[""beige""]","Discover effortless style with our beige loose-fitting short sleeve top. Designed with a rounded neckline and made from soft, flowy material, this top offers a relaxed fit that is perfect for casual outings or laid-back days at home.","{""lvl0"": ""apparel"", ""lvl1"": ""apparel > tops""}",45,tops,https://storage.googleapis.com/landingpage-al/91371899_1.jpg,"[""natural"", ""contemporary"", ""boxy"", ""relaxed fit""]",true,Beige Loose-Fitting Short Sleeve Top,980,0.06
apparel-sample-data-2308000000,"[""gray""]","Add a touch of charm to your everyday wardrobe with our gray embellished t-shirt. This comfortable top features a round neckline and short sleeves, accentuated by a delicate silver heart logo on the front, making it a perfect choice for casual outings.","{""lvl0"": ""clothing"", ""lvl1"": ""clothing > tops""}",30,tops,https://storage.googleapis.com/landingpage-al/91369774_0.jpg,"[""embellished"", ""casual"", ""graphic""]",true,Gray Embellished T-Shirt,987,0.66
apparel-sample-data-2307999000,"[""blue"", ""navy""]","Discover the charm of our blue floral print top, designed with a ruffled neckline and short sleeves for a relaxed look. Crafted from a lightweight blend of cotton and polyester, this top features a delightful pattern of blue and purple flowers paired with green leaves, making it ideal for casual outings or everyday wear.","{""lvl0"": ""apparel"", ""lvl1"": ""apparel > tops""}",45,tops,https://storage.googleapis.com/landingpage-al/91369743_0.jpg,"[""floral"", ""lightweight"", ""comfortable"", ""casual""]",true,Blue Floral Print Top,879,0.07
apparel-sample-data-2307979000,"[""white""]","Discover comfort and style with our white relaxed fit t-shirt. Adorned with a chic design featuring the phrase 'weekends' in elegant cursive and 'coffee & dogs' in bold typography, this soft and lightweight shirt is perfect for casual outings.","{""lvl0"": ""apparel"", ""lvl1"": ""apparel > tops""}",35,tops,https://storage.googleapis.com/landingpage-al/91364018_0.jpg,"[""casual"", ""lightweight"", ""soft""]",true,White Relaxed Fit T-Shirt,987,0.16
apparel-sample-data-2307954000,"[""blue""]","Discover the perfect blend of comfort and style with our blue t-shirt featuring the iconic Under Armour logo. Crafted from soft, breathable material, this t-shirt offers a flattering round neckline and a relaxed fit, making it an ideal choice for everyday wear.","{""lvl0"": ""apparel"", ""lvl1"": ""apparel > tops""}",35,tops,https://storage.googleapis.com/landingpage-al/91357936_0.jpg,"[""women's"", ""comfortable"", ""casual""]",true,Blue Under Armour T-Shirt,984,0.7
apparel-sample-data-2307953000,"[""blue"", ""gray""]","Discover comfort and style with our Casual Blue Hooded Top. Crafted from a soft cotton blend, this design features a stylish gray v-neckline, an adjustable drawstring, and a practical front pocket, making it an ideal choice for laid-back outings.","{""lvl0"": ""apparel"", ""lvl1"": ""apparel > tops""}",45,tops,https://storage.googleapis.com/landingpage-al/91357872_1.jpg,"[""blue"", ""casual"", ""hooded"", ""comfortable""]",true,Casual Blue Hooded Top,980,0.58
apparel-sample-data-2307943000,"[""blue"", ""white""]","Discover the charm of our blue and white dip dye top, featuring a stylish v-neckline and a relaxed fit. Crafted from soft cashmere, this shirt seamlessly blends comfort with a modern look, making it an ideal choice for casual outings.","{""lvl0"": ""apparel"", ""lvl1"": ""apparel > tops""}",75,tops,https://storage.googleapis.com/landingpage-al/91355083_1.jpg,"[""cashmere"", ""dip dye"", ""comfortable"", ""casual""]",true,Blue and White Dip Dye Top,896,0.57
apparel-sample-data-2307940000,"[""white"", ""black""]","Discover the perfect blend of comfort and style with this casual white t-shirt. It features a classic black round neck and short sleeves, designed with a loose fit for all-day wear. Crafted from a soft cotton-blend material, this t-shirt is ideal for relaxed outings or lounging at home.","{""lvl0"": ""apparel"", ""lvl1"": ""apparel > tops""}",35,tops,https://storage.googleapis.com/landingpage-al/91354739_0.jpg,"[""cotton-blend"", ""soft"", ""casual""]",true,Casual White T-shirt,982,0.97
apparel-sample-data-2307929000,"[""white""]","Discover the effortless charm of our white blouse with a stylish cut-out detail on the shoulder. Designed for a relaxed fit and crafted from a sheer material, this piece combines sophistication and comfort, making it a versatile addition to your wardrobe.","{""lvl0"": ""apparel"", ""lvl1"": ""apparel > tops""}",65,tops,https://storage.googleapis.com/landingpage-al/91351229_0.jpg,"[""asymmetric"", ""sheer"", ""elegant""]",true,White asymmetric blouse,980,0.03
apparel-sample-data-2307911000,"[""grey""]","Discover effortless style with our grey relaxed fit t-shirt, adorned with bold white lettering that reads 'WEST LONDON' and 'NAP' in all caps. Crafted from soft, lightweight material, it's perfect for everyday wear, allowing you to feel comfortable and stylish throughout the day.","{""lvl0"": ""apparel"", ""lvl1"": ""apparel > tops""}",25,tops,https://storage.googleapis.com/landingpage-al/91348899_0.jpg,"[""multicolor"", ""casual"", ""comfortable"", ""graphic tee""]",true,Grey relaxed fit t-shirt,942,0.51
apparel-sample-data-2307908000,"[""red"", ""blue""]","Brighten your wardrobe with this stunning red and blue floral print top. Designed with a comfortable round neckline and short sleeves, it combines style and ease, making it a perfect choice for both casual outings and relaxed days at home.","{""lvl0"": ""apparel"", ""lvl1"": ""apparel > tops""}",45,tops,https://storage.googleapis.com/landingpage-al/91348177_0.jpg,"[""floral"", ""short sleeve"", ""vibrant""]",true,Red and Blue Floral Print Short Sleeve Top,987,0.78
apparel-sample-data-2307905000,"[""gray"", ""white""]","Discover comfort with our gray and white maternity top, designed for everyday wear. Crafted from soft, stretchy fabric, this top offers a flattering fit with a stylish neckline and sleeve detailing, making it a versatile addition to any expectant mother's wardrobe.","{""lvl0"": ""apparel"", ""lvl1"": ""apparel > tops""}",45,tops,https://storage.googleapis.com/landingpage-al/91347876_0.jpg,"[""maternity"", ""casual"", ""comfortable""]",true,Gray and White Maternity Top,982,0.83
apparel-sample-data-2307903000,"[""black""]","Discover the allure of our black mesh short sleeve top, designed for a contemporary touch. This stylish piece features a sleek silver zipper on the front and a coordinating zipper on the back, complemented by a solid black shirt underneath for a layered look. Crafted from shiny mesh, it effortlessly blends elegance with comfort, making it a perfect choice for versatile styling.","{""lvl0"": ""apparel"", ""lvl1"": ""apparel > tops""}",65,tops,https://storage.googleapis.com/landingpage-al/91347254_0.jpg,"[""black"", ""mesh"", ""short sleeve"", ""chic""]",true,Black Mesh Short Sleeve Top,982,0.98
apparel-sample-data-2307895000,"[""green""]","Discover effortless style with our green cold-shoulder top, featuring charming ruffles on the sleeves and a flattering v-neckline. Designed with a relaxed fit, this top is perfect for casual outings or dressed-up occasions.","{""lvl0"": ""apparel"", ""lvl1"": ""apparel > tops""}",45,tops,https://storage.googleapis.com/landingpage-al/91344864_0.jpg,"[""natural"", ""strappy"", ""off-shoulder"", ""elegant""]",true,Green Cold-Shoulder Top,876,0.3
apparel-sample-data-2307876000,"[""yellow"", ""white""]","Discover our plus size printed wrap top, designed with a stunning yellow and white leaf pattern. This top features a relaxed fit and an asymmetric design, ensuring comfort while making a stylish statement.","{""lvl0"": ""clothing"", ""lvl1"": ""clothing > tops""}",45,tops,https://storage.googleapis.com/landingpage-al/91342075_0.jpg,"[""metallic"", ""plus size"", ""asymmetric"", ""relaxed fit"", ""casual""]",true,Plus Size Printed Wrap Top,875,0.15
apparel-sample-data-2307873000,"[""white""]","Discover our delicate white lace top, crafted with a round neckline and short sleeves. Made from soft, lightweight fabric, this piece features an exquisite floral pattern that adds a touch of elegance, ensuring both comfort and style for any occasion.","{""lvl0"": ""apparel"", ""lvl1"": ""apparel > tops""}",45,tops,https://storage.googleapis.com/landingpage-al/91341718_0.jpg,"[""multicolor"", ""lace"", ""floral"", ""comfortable""]",true,Delicate White Lace Top,882,0.98
apparel-sample-data-2307845000,"[""pink""]","Discover a perfect addition to your wardrobe with our pink top designed with a scoop neckline and a flattering curved hemline. Crafted from stretchy material, this piece offers a relaxed fit, making it ideal for both casual outings and laid-back days at home.","{""lvl0"": ""apparel"", ""lvl1"": ""apparel > tops""}",35,tops,https://storage.googleapis.com/landingpage-al/91338705_0.jpg,"[""black"", ""curved hem"", ""stretch"", ""casual"", ""versatile""]",true,Pink scoop neck top,987,0.68
apparel-sample-data-2307844000,"[""purple"", ""navy""]","Discover the charm of our purple and navy blue polka dot top, featuring a flattering v-neck and three-quarter length sleeves. Crafted from stretchy material for a relaxed fit, this top is perfect for casual outings and pairs effortlessly with your favorite bottoms.","{""lvl0"": ""apparel"", ""lvl1"": ""apparel > tops""}",45,tops,https://storage.googleapis.com/landingpage-al/91338694_0.jpg,"[""multicolor"", ""casual"", ""comfortable"", ""polka dot""]",true,Purple and Navy Polka Dot Top,980,0.32
apparel-sample-data-2307835000,"[""white"", ""black""]","Embrace a casual yet chic look with our striped t-shirt featuring the phrase ""bonjour amour"" elegantly designed in black. The relaxed fit and classic white fabric with black stripes make it a versatile addition to your wardrobe, perfect for everyday wear or relaxed outings.","{""lvl0"": ""apparel"", ""lvl1"": ""apparel > tops""}",35,tops,https://storage.googleapis.com/landingpage-al/91338125_0.jpg,"[""multicolor"", ""relaxed_fit"", ""casual""]",true,Striped Bonsoir Amour T-Shirt,890,0.47
apparel-sample-data-2307834000,"[""black""]","Embrace effortless style with our black top featuring an eye-catching white floral design. With its round neckline and short sleeves, this fitted silhouette is crafted from stretchy material for a comfortable yet flattering fit, making it a perfect addition to your casual wardrobe.","{""lvl0"": ""apparel"", ""lvl1"": ""apparel > tops""}",45,tops,https://storage.googleapis.com/landingpage-al/91337970_0.jpg,"[""embroidered"", ""floral"", ""stretchy"", ""fitted""]",true,Black Floral Embroidered Top,892,0.09
apparel-sample-data-2307815000,"[""ivory""]","Discover a touch of whimsy with our ivory bird print tee. This soft and lightweight t-shirt features an enchanting design of birds soaring in different directions, adding character to your casual wardrobe. Its versatile style allows for effortless pairing with jeans, skirts, or shorts, ideal for any laid-back occasion.","{""lvl0"": ""apparel"", ""lvl1"": ""apparel > tops""}",35,tops,https://storage.googleapis.com/landingpage-al/91336308_0.jpg,"[""multicolor"", ""ivory"", ""printed"", ""casual""]",true,Ivory Bird Print Tee,875,0.14
apparel-sample-data-2307814000,"[""black""]","Discover the perfect blend of comfort and style with our black short sleeve t-shirt. Crafted from stretchy material, this tee features a relaxed fit and a classic round neckline, making it an essential layering piece for your casual wardrobe.","{""lvl0"": ""apparel"", ""lvl1"": ""apparel > tops""}",25,tops,https://storage.googleapis.com/landingpage-al/91336300_0.jpg,"[""casual"", ""stretchy"", ""comfortable"", ""versatile""]",true,Black Short Sleeve T-Shirt,932,0.95
apparel-sample-data-2307812000,"[""black""]","Discover the perfect blend of comfort and style with our black top featuring a unique cross back design. Crafted from soft material, this flowy tunic top offers versatility, making it an ideal choice to pair effortlessly with jeans or shorts for everyday wear.","{""lvl0"": ""apparel"", ""lvl1"": ""apparel > tops""}",45,tops,https://storage.googleapis.com/landingpage-al/91336001_0.jpg,"[""casual"", ""flowy"", ""printed""]",true,Black cross back top,875,0.21
apparel-sample-data-2307809000,"[""gray""]","Discover a modern twist with our gray short sleeve top, featuring a striking metallic sheen that adds flair to your casual wardrobe. This shirt includes a comfortable round neckline and is crafted from soft knit material for an effortless fit. Perfect for a variety of occasions, this piece is a versatile addition to your collection.","{""lvl0"": ""apparel"", ""lvl1"": ""apparel > tops""}",45,tops,https://storage.googleapis.com/landingpage-al/91335470_0.jpg,"[""black"", ""viscose"", ""casual"", ""sleek""]",true,Gray metallic sheen short sleeve top,890,0.42
apparel-sample-data-2307805000,"[""red"", ""black"", ""white""]","Explore the comfort and style of our Nike red v-neck sports top, designed for active individuals. Made from lightweight polyester, this top promotes freedom of movement, making it an ideal choice for workouts and outdoor activities. Available in a variety of sizes and additional color options, it's a versatile addition to any fitness wardrobe.","{""lvl0"": ""apparel"", ""lvl1"": ""apparel > tops""}",45,tops,https://storage.googleapis.com/landingpage-al/91334705_0.jpg,"[""red"", ""sportswear"", ""athletic"", ""lightweight""]",true,Nike Red V-Neck Sports Top,875,0.02
apparel-sample-data-2307804000,"[""gray"", ""white""]","Discover the allure of our gray and white loose fit top, designed with a graceful ballet neckline. Crafted from luxurious silk, this top features a subtle metallic sheen that adds a touch of sophistication, perfect for both casual and formal occasions.","{""lvl0"": ""apparel"", ""lvl1"": ""apparel > tops""}",75,tops,https://storage.googleapis.com/landingpage-al/91334676_0.jpg,"[""gray"", ""ballet neck"", ""elegant"", ""silk"", ""loose fit""]",true,Gray and White Loose Fit Top,980,0.36
apparel-sample-data-2307800000,"[""white""]","Discover the charm of our vintage-inspired white blouse, featuring elegant puffed sleeves and a beautifully ruffled collar. With its high neckline and button-up front, this stylish piece is perfect for adding a touch of classic sophistication to your wardrobe.","{""lvl0"": ""apparel"", ""lvl1"": ""apparel > tops""}",75,tops,https://storage.googleapis.com/landingpage-al/91333496_0.jpg,"[""multicolor"", ""peplum"", ""vintage""]",true,Vintage Puff Sleeve Blouse,987,0.63
apparel-sample-data-2307795000,"[""white"", ""pink""]","Discover the charm of our white crop top with delightful pink straps. Crafted with a breathable mesh design, it features a playful ruffle trim that adds a touch of whimsy to your outfit. Perfect for casual outings or layered with your favorite pieces.","{""lvl0"": ""apparel"", ""lvl1"": ""apparel > tops""}",45,tops,https://storage.googleapis.com/landingpage-al/91332440_0.jpg,"[""mesh"", ""ruffle"", ""crop"", ""elegant""]",true,White Crop Top with Pink Straps,890,0.88
apparel-sample-data-2307787000,"[""black""]","Discover effortless style with our black polka dot top, featuring a delicate mesh overlay and ruffled trim. Crafted from stretchy fabric for a comfortable, loose fit, this top is perfect for casual outings or chic gatherings.","{""lvl0"": ""apparel"", ""lvl1"": ""apparel > tops""}",40,tops,https://storage.googleapis.com/landingpage-al/91330746_0.jpg,"[""black"", ""polka dot"", ""stretchy"", ""chic""]",true,Black Polka Dot Top,890,0.68
apparel-sample-data-2307785000,"[""white""]","Discover the comfort of our white t-shirt designed with a classic crew neckline and short sleeves. Crafted from soft, stretchy fabric, it provides a relaxed fit that is perfect for everyday wear, making it an essential addition to your casual wardrobe.","{""lvl0"": ""apparel"", ""lvl1"": ""apparel > tops""}",30,tops,https://storage.googleapis.com/landingpage-al/91330416_0.jpg,"[""soft"", ""stretchy"", ""relaxed fit"", ""casual""]",true,White Relaxed Fit T-Shirt,3480,0.92
apparel-sample-data-2307784000,"[""white""]","Discover the perfect balance of feminine charm and modern flair with our white plaid short sleeve top. Featuring a high collar, lace-up front, and a stylish bow at the neck, this cotton blend piece is designed to stand out in any casual or semi-formal setting.","{""lvl0"": ""apparel"", ""lvl1"": ""apparel > tops""}",65,tops,https://storage.googleapis.com/landingpage-al/91330066_0.jpg,"[""plaid"", ""feminine"", ""modern""]",true,White plaid short sleeve top,890,0.75
apparel-sample-data-2307775000,"[""black""]","Discover the charm of our black ruffled short sleeve top, designed with a blend of polyester and spandex for a soft and flexible feel. The standout feature is its ruffled front, which adds a playful touch to the loose-fitting silhouette. With a rounded neckline and three-quarter length sleeves, this top effortlessly enhances your wardrobe, perfect for casual outings or relaxed gatherings.","{""lvl0"": ""apparel"", ""lvl1"": ""apparel > tops""}",45,tops,https://storage.googleapis.com/landingpage-al/91327675_0.jpg,"[""black"", ""contemporary"", ""comfortable""]",true,Black ruffled short sleeve top,890,0.31
apparel-sample-data-2307768000,"[""white""]","Discover comfort and style with our white cotton tee, featuring bold black lettering that proudly displays 'my chemical romance.' The relaxed fit and soft material make it an ideal choice for casual outings or laid-back days.","{""lvl0"": ""clothing"", ""lvl1"": ""clothing > tops""}",35,tops,https://storage.googleapis.com/landingpage-al/91326300_0.jpg,"[""embellished"", ""cotton"", ""casual""]",true,My Chemical Romance Cotton Tee,875,0.35
apparel-sample-data-2307766000,"[""deep navy""]","Discover comfort and style with our deep navy v-neck t-shirt. Crafted from a soft material, this short sleeve tee offers both casual elegance and versatility for everyday wear.","{""lvl0"": ""apparel"", ""lvl1"": ""apparel > tops""}",45,tops,https://storage.googleapis.com/landingpage-al/91326084_0.jpg,"[""blue"", ""soft"", ""short sleeve"", ""casual""]",true,Deep Navy V-Neck T-Shirt,921,0.76
apparel-sample-data-2307759000,"[""white""]","Discover the charm of our white blouse featuring a playful polka dot pattern. With a high neckline and short sleeves, this blouse is crafted from sheer material for a light and delicate appearance, making it a perfect addition to any wardrobe.","{""lvl0"": ""clothing"", ""lvl1"": ""clothing > tops""}",45,tops,https://storage.googleapis.com/landingpage-al/91324984_0.jpg,"[""embroidered"", ""feminine"", ""delicate""]",true,White polka dot blouse,876,0.44
apparel-sample-data-2307757000,"[""white"", ""ivory""]","Discover the charm of our white lace top, elegantly crafted with a delicate polka dot pattern and a light ivory sheer mesh overlay. This stylish piece seamlessly combines classic and contemporary elements, making it an ideal choice for both casual outings and more polished settings.","{""lvl0"": ""apparel"", ""lvl1"": ""apparel > tops""}",75,tops,https://storage.googleapis.com/landingpage-al/91324818_0.jpg,"[""lace"", ""sheer"", ""polka dot"", ""versatile""]",true,White lace top with sheer overlay,894,0.45
apparel-sample-data-2307753000,"[""white""]","Discover the charm of our white lace top, designed with a high neckline and short sleeves. Crafted from soft and lightweight material, this top drapes beautifully and provides all-day comfort. Featuring delicate lace with a subtle pattern, it’s an ideal choice for special occasions or elevating your casual outfit.","{""lvl0"": ""clothing"", ""lvl1"": ""clothing > tops""}",75,tops,https://storage.googleapis.com/landingpage-al/91323981_0.jpg,"[""lace"", ""elegant"", ""chic""]",true,White lace top,890,0.58
apparel-sample-data-2307745000,"[""gray""]","Discover comfort and style with our gray relaxed fit t-shirt. Designed with a classic round neckline and short sleeves, this tee is crafted from a soft, stretchy material that drapes beautifully, making it an ideal choice for casual outings or lounging at home.","{""lvl0"": ""apparel"", ""lvl1"": ""apparel > tops""}",35,tops,https://storage.googleapis.com/landingpage-al/91321331_0.jpg,"[""soft"", ""relaxed fit"", ""casual""]",true,Gray Relaxed Fit T-Shirt,890,0.6
apparel-sample-data-2307733000,"[""white""]","Discover effortless style with our white off-the-shoulder top. Adorned with delicate ruffles on the sleeves and a daring high slit in the back, this top brings a touch of sophistication to any ensemble, perfect for both casual and dressy occasions.","{""lvl0"": ""clothing"", ""lvl1"": ""clothing > tops""}",75,tops,https://storage.googleapis.com/landingpage-al/91317790_1.jpg,"[""elegant"", ""off-the-shoulder"", ""ruffled"", ""chic""]",true,White Off-the-Shoulder Top,890,0.29
apparel-sample-data-2307731000,"[""pink"", ""red""]","Discover the comfort and style of our pink polo shirt from Adidas. This piece features a vibrant red collar and a stylish red stripe on the side, crafted from soft material for a relaxed fit. The three-button placket adds a classic touch, making it perfect for casual outings or lounging.","{""lvl0"": ""apparel"", ""lvl1"": ""apparel > tops""}",45,tops,https://storage.googleapis.com/landingpage-al/91317061_0.jpg,"[""pink"", ""soft"", ""casual"", ""polo""]",true,Adidas Pink Polo Shirt,982,0.9
apparel-sample-data-2307716000,"[""black""]","Discover the chic appeal of our sleek black vest, designed with a contemporary twist. This stylish piece features a striking silver zipper and buckle, complemented by a refined black leather collar. Crafted from high-quality materials, it effortlessly enhances both casual and sophisticated outfits.","{""lvl0"": ""apparel"", ""lvl1"": ""apparel > tops""}",75,tops,https://storage.googleapis.com/landingpage-al/91311299_2.jpg,"[""sleek"", ""modern"", ""cropped"", ""versatile""]",true,Sleek Black Vest,897,0.32
apparel-sample-data-2307712000,"[""green""]","Discover the ideal blend of comfort and style with our light green t-shirt. Featuring short sleeves and a rounded neckline, this top is crafted from soft, stretchy fabric, making it perfect for casual outings or laid-back days. Its relaxed fit ensures effortless wear for any occasion.","{""lvl0"": ""apparel"", ""lvl1"": ""apparel > tops""}",35,tops,https://storage.googleapis.com/landingpage-al/91310559_0.jpg,"[""green"", ""casual"", ""comfortable""]",true,Light Green Relaxed Fit T-Shirt,980,0.45
apparel-sample-data-2307707000,"[""pink""]","Discover the charm of our pink ruffled tank top. Crafted from soft, flowy material, this piece features a flattering rounded neckline and delicate light pink ruffles, offering a subtly feminine touch that makes it ideal for casual outings or summer gatherings.","{""lvl0"": ""apparel"", ""lvl1"": ""apparel > tops""}",40,tops,https://storage.googleapis.com/landingpage-al/91308802_0.jpg,"[""pink"", ""silk-trim"", ""ruffle"", ""feminine""]",true,Pink Ruffled Tank Top,894,0.6
apparel-sample-data-2304961000,"[""blue"", ""white""]","Discover effortless style with our blue and white striped cotton shirt. Crafted from lightweight fabric, this shirt features a classic fit, a crisp collar, and a button-down front, making it an essential addition for a chic yet comfortable look.","{""lvl0"": ""apparel"", ""lvl1"": ""apparel > tops""}",40,tops,https://storage.googleapis.com/landingpage-al/91437490_0.jpg,"[""blue"", ""striped"", ""cotton"", ""classic fit""]",true,Blue and White Striped Cotton Shirt,983,0.92
apparel-sample-data-2304952000,"[""red"", ""blue""]","Enhance your casual wardrobe with our floral loose-fit shirt featuring a vibrant red and blue design. Crafted from soft material, this shirt ensures comfort while showcasing intricate patterns that make a statement wherever you go.","{""lvl0"": ""apparel"", ""lvl1"": ""apparel > tops""}",45,tops,https://storage.googleapis.com/landingpage-al/91436605_1.jpg,"[""floral"", ""casual"", ""soft""]",true,Floral Loose-Fit Shirt,890,0.52
apparel-sample-data-2304948000,"[""red"", ""blue"", ""green"", ""white""]","Discover a vibrant expression of style with our geometric print button-down shirt. Crafted from soft, lightweight material, this relaxed fit shirt features a captivating abstract design in red, blue, green, and white. Ideal for effortlessly pairing with jeans or dress pants, this versatile piece transitions seamlessly from casual outings to semi-formal events.","{""lvl0"": ""apparel"", ""lvl1"": ""apparel > shirts""}",75,shirts,https://storage.googleapis.com/landingpage-al/91435921_0.jpg,"[""abstract"", ""geometric"", ""casual"", ""semi-formal""]",true,Geometric Print Button-Down Shirt,980,0.66
apparel-sample-data-2304930000,"[""light blue""]","Discover the charm of casual style with our light blue denim shirt. Made from high-quality denim, it features a convenient front pocket and a classic button-up design. Perfect for effortless everyday looks.","{""lvl0"": ""apparel"", ""lvl1"": ""apparel > tops""}",55,tops,https://storage.googleapis.com/landingpage-al/91433240_0.jpg,"[""denim"", ""fitted"", ""casual""]",true,Light Blue Denim Shirt,980,0.68
apparel-sample-data-2304928000,"[""white"", ""blue"", ""purple""]","Discover the charm of our Floral Patterned White Shirt. Adorned with a delicate blue and purple floral design, this shirt features a classic collared neckline and long sleeves, making it the perfect choice for both casual outings and more polished affairs.","{""lvl0"": ""clothing"", ""lvl1"": ""clothing > tops""}",45,tops,https://storage.googleapis.com/landingpage-al/91433155_0.jpg,"[""floral"", ""multicolor"", ""casual"", ""long sleeves""]",true,Floral Patterned White Shirt,876,0.75
apparel-sample-data-2304926000,"[""white"", ""black""]","Discover a blend of classic style and contemporary detail with our white shirt featuring a striking black studded collar. Crafted from lightweight cotton, this shirt is designed for comfort and sophistication, making it perfect for both casual outings and polished looks.","{""lvl0"": ""apparel"", ""lvl1"": ""apparel > tops > shirts""}",75,shirts,https://storage.googleapis.com/landingpage-al/91432979_0.jpg,"[""black"", ""cotton"", ""studded"", ""timeless""]",true,White shirt with studded black collar,876,0.75
apparel-sample-data-2304924000,"[""pink""]","Discover a charming addition to your wardrobe with our pink blouse featuring delicate lace details on the sleeves and a refined high collar. Designed for a relaxed fit and crafted from sheer material, this blouse effortlessly combines comfort with feminine elegance, making it perfect for both casual and semi-formal occasions.","{""lvl0"": ""apparel"", ""lvl1"": ""apparel > tops""}",75,tops,https://storage.googleapis.com/landingpage-al/91432149_0.jpg,"[""pink"", ""lace"", ""feminine"", ""sheer""]",true,Pink lace detail blouse,890,0.91
apparel-sample-data-2304921000,"[""blue""]","Discover comfort and style with our blue loose-fit shirt. Crafted from soft material, this shirt features a classic collar and effortlessly rolled sleeves, making it an ideal choice for casual outings or laid-back days.","{""lvl0"": ""apparel"", ""lvl1"": ""apparel > tops""}",45,tops,https://storage.googleapis.com/landingpage-al/91431839_0.jpg,"[""blue"", ""blouse"", ""comfortable""]",true,Blue Loose-Fit Shirt,982,0.54
apparel-sample-data-2304919000,"[""white""]","Discover the essence of sophistication with our classic white shirt. Crafted from smooth fabric, this modern piece features a structured high collar, front buttons, and a discreet pocket on the chest, making it an ideal choice for both formal and casual occasions.","{""lvl0"": ""apparel"", ""lvl1"": ""apparel > tops > shirts""}",75,shirts,https://storage.googleapis.com/landingpage-al/91431187_0.jpg,"[""collar"", ""elegant"", ""formal""]",true,Classic White Shirt,980,0.95
apparel-sample-data-2304910000,"[""white"", ""black""]","Discover the charm of our white blouse adorned with intricate black embroidery. Featuring a round neckline and long sleeves, this blouse boasts a relaxed, bohemian silhouette, perfect for casual outings or laid-back gatherings.","{""lvl0"": ""apparel"", ""lvl1"": ""apparel > tops""}",75,tops,https://storage.googleapis.com/landingpage-al/91430029_1.jpg,"[""multicolor"", ""embroidery"", ""bohemian""]",true,White blouse with black embroidery,890,0.97
apparel-sample-data-2304909000,"[""pink""]","Discover the perfect blend of style and comfort with our pink button-down blouse. This lightweight, long-sleeve shirt features a classic collar and is designed for easy wear. Ideal for both casual and smart occasions, it's a versatile addition to your wardrobe.","{""lvl0"": ""apparel"", ""lvl1"": ""apparel > tops""}",45,tops,https://storage.googleapis.com/landingpage-al/91429943_2.jpg,"[""utility"", ""lightweight"", ""comfortable""]",true,Pink Button-Down Blouse,980,0.33
apparel-sample-data-2304903000,"[""white""]","Discover the classic appeal of our white long-sleeve shirt, designed with a collar and crafted from lightweight cotton-poplin material. This shirt offers a relaxed fit, ideal for both casual and formal occasions, providing comfort without compromising style.","{""lvl0"": ""apparel"", ""lvl1"": ""apparel > tops > shirts""}",65,shirts,https://storage.googleapis.com/landingpage-al/91429118_0.jpg,"[""cotton-poplin"", ""formal"", ""relaxed-fit""]",true,White Relaxed-Fit Shirt,980,0.76
apparel-sample-data-2304899000,"[""light blue""]","Discover the charm of our light blue embroidered shirt, designed with a classic collar and a convenient front pocket. Crafted from lightweight fabric, this shirt is perfect for warm days, offering a blend of comfort and style for your casual wardrobe.","{""lvl0"": ""apparel"", ""lvl1"": ""apparel > tops""}",45,tops,https://storage.googleapis.com/landingpage-al/91428239_0.jpg,"[""blue"", ""embroidered"", ""casual""]",true,Light Blue Embroidered Shirt,980,0.72
apparel-sample-data-2304897000,"[""white""]","Discover the simplicity of our white short-sleeved button-down shirt. Crafted from lightweight cotton, this shirt offers a relaxed fit and features a classic collared front. It's an ideal choice for casual outings, providing comfort without compromising style.","{""lvl0"": ""apparel"", ""lvl1"": ""apparel > tops""}",45,tops,https://storage.googleapis.com/landingpage-al/91427663_0.jpg,"[""casual"", ""lightweight"", ""cotton"", ""versatile""]",true,White Short-Sleeved Button-Down Shirt,982,0.92
apparel-sample-data-2304893000,"[""white"", ""black""]","Discover the charm of our white lace shirt, beautifully accented with black bows at the collar and cuffs. This stylish shirt features a high collar and long sleeves adorned with delicate lace trim, creating a sophisticated look suitable for any occasion. Crafted from a comfortable blend of cotton and polyester, it's a perfect addition to your wardrobe.","{""lvl0"": ""apparel"", ""lvl1"": ""apparel > tops""}",75,shirts,https://storage.googleapis.com/landingpage-al/91426481_0.jpg,"[""lace"", ""collared"", ""fashionable"", ""elegant""]",true,White Lace Shirt with Black Bows,890,0.76
apparel-sample-data-2304892000,"[""white""]","Discover the perfect blend of comfort and style with our white loose-fit shirt. Crafted from soft material, it features a classic collar and long sleeves, making it ideal for both casual outings and relaxed gatherings.","{""lvl0"": ""apparel"", ""lvl1"": ""apparel > tops""}",45,tops,https://storage.googleapis.com/landingpage-al/91426251_0.jpg,"[""white"", ""off-the-shoulder"", ""casual"", ""comfortable""]",true,White loose-fit shirt,897,0.2
apparel-sample-data-2304880000,"[""white""]","Discover the charm of our white lace blouse, featuring long sheer sleeves that beautifully accentuate the intricate floral pattern. The high collar and front button placket add a touch of sophistication, while the lightweight fabric provides a romantic flair. Ideal for special occasions or elevating a casual ensemble.","{""lvl0"": ""apparel"", ""lvl1"": ""apparel > tops""}",85,tops,https://storage.googleapis.com/landingpage-al/91422440_2.jpg,"[""multicolor"", ""lace"", ""elegant"", ""romantic""]",true,White Lace Blouse,980,0.37
apparel-sample-data-2304879000,"[""light blue""]","Discover the charm of our light blue button-down shirt, featuring a classic collar and long sleeves. Crafted from lightweight fabric, this shirt offers comfort and versatility, making it an ideal choice for any casual or professional setting.","{""lvl0"": ""apparel"", ""lvl1"": ""apparel > tops""}",45,tops,https://storage.googleapis.com/landingpage-al/91422340_0.jpg,"[""blue"", ""button-down"", ""lightweight"", ""women's blouse""]",true,Light Blue Button-Down Shirt,980,0.73
apparel-sample-data-2304874000,"[""black"", ""white""]","Discover a stylish addition to your wardrobe with our black and white printed shirt. Featuring a chic collared neckline and short sleeves, this versatile piece effortlessly transitions from casual to semi-formal occasions.","{""lvl0"": ""apparel"", ""lvl1"": ""apparel > tops > shirts""}",45,shirts,https://storage.googleapis.com/landingpage-al/91420711_0.jpg,"[""multicolor"", ""blouse"", ""collared"", ""short sleeves""]",true,Black and White Printed Shirt,936,0.81
apparel-sample-data-2304870000,"[""black"", ""white""]","Discover the perfect blend of style and comfort with our black and white floral print button-down shirt. Crafted from a lightweight material, this shirt showcases a striking floral design set against a sleek black background. Featuring long sleeves, a collared neckline, and a convenient front pocket, it offers a relaxed fit ideal for both casual outings and sophisticated gatherings.","{""lvl0"": ""clothing"", ""lvl1"": ""clothing > tops > shirts""}",60,shirts,https://storage.googleapis.com/landingpage-al/91420072_0.jpg,"[""black"", ""utility"", ""floral"", ""relaxed fit""]",true,Black and White Floral Print Button-Down Shirt,895,0.05
apparel-sample-data-2304859000,"[""light blue""]","Discover the perfect blend of style and comfort with our light blue denim shirt. Crafted from 100% cotton, this shirt features a casual relaxed fit, a classic collar, and a convenient front pocket with button closure. The rolled-up sleeves add a trendy touch, making it an ideal choice for versatile outfits.","{""lvl0"": ""apparel"", ""lvl1"": ""apparel > tops""}",75,tops,https://storage.googleapis.com/landingpage-al/91418311_0.jpg,"[""blue"", ""western"", ""button-up"", ""casual""]",true,Light Blue Denim Shirt,987,0.26
apparel-sample-data-2304855000,"[""light gray""]","Discover the perfect blend of comfort and style with our light grey relaxed fit blouse. Crafted from soft, lightweight fabric, this piece features a rounded collar and long sleeves, making it an ideal choice for both casual outings and more formal occasions. Its minimalist design ensures versatility for any wardrobe.","{""lvl0"": ""apparel"", ""lvl1"": ""apparel > tops""}",45,tops,https://storage.googleapis.com/landingpage-al/91417309_0.jpg,"[""gray"", ""long sleeve"", ""relaxed fit"", ""simple design""]",true,Light Grey Relaxed Fit Blouse,982,0.52
apparel-sample-data-2304853000,"[""blue""]","Discover the comfort and style of our blue oversized denim shirt. Crafted from soft cotton, this button-down shirt features a classic collar and a relaxed fit, making it a versatile choice for casual outings or layering.","{""lvl0"": ""clothing"", ""lvl1"": ""clothing > tops""}",60,tops,https://storage.googleapis.com/landingpage-al/91417113_0.jpg,"[""blue"", ""cotton"", ""oversized"", ""relaxed-fit""]",true,Blue Oversized Denim Shirt,890,0.87
apparel-sample-data-2304852000,"[""black"", ""white""]","Discover the charm of our plaid shirt featuring a classic black and white color combination. Crafted from soft, lightweight material, this shirt embraces a relaxed fit and includes a button-down collar along with long sleeves. The front pocket adds a practical touch, making it perfect for both casual outings and laid-back office settings.","{""lvl0"": ""apparel"", ""lvl1"": ""apparel > tops > shirts""}",45,shirts,https://storage.googleapis.com/landingpage-al/91416915_0.jpg,"[""plaid"", ""button-down"", ""relaxed fit"", ""lightweight"", ""casual""]",true,Plaid Shirt,987,0.54
apparel-sample-data-2304843000,"[""light blue""]","Crafted from soft denim, this light blue shirt combines comfort with style, featuring a button-down collar and a relaxed fit. The long sleeves can be styled with rolled-up cuffs, and a convenient front pocket adds a functional touch. Perfect for a laid-back yet polished look.","{""lvl0"": ""apparel"", ""lvl1"": ""apparel > tops""}",75,tops,https://storage.googleapis.com/landingpage-al/91415079_0.jpg,"[""blue"", ""denim"", ""relaxed fit"", ""long-sleeve"", ""chambray""]",true,Light Blue Denim Shirt,2500,0.46
apparel-sample-data-2304840000,"[""black""]","Discover this black shirt featuring a beautifully sheer chiffon overlay, adorned with delicate floral embroidery. Designed with a classic collar, front pocket, and a stylish button-up closure, this versatile piece adds a touch of sophistication to any outfit, making it perfect for both casual and formal occasions.","{""lvl0"": ""apparel"", ""lvl1"": ""apparel > tops""}",85,tops,https://storage.googleapis.com/landingpage-al/91414587_1.jpg,"[""multicolor"", ""embroidered"", ""floral"", ""sheer""]",true,Black embroidered sheer top,932,0.39
apparel-sample-data-2304836000,"[""pink""]","Discover the charm of our pink button-down shirt, designed with a classic collar and crafted from soft, lightweight fabric for all-day comfort. Its versatile neutral shade pairs effortlessly with various styles, making it the perfect addition to both casual and formal wardrobes.","{""lvl0"": ""apparel"", ""lvl1"": ""apparel > tops"", ""lvl2"": ""apparel > tops > shirts""}",45,tops,https://storage.googleapis.com/landingpage-al/91414309_0.jpg,"[""pink"", ""plus-size"", ""striped"", ""long-sleeve"", ""versatile"", ""feminine""]",true,Pink Button-Down Shirt,892,0.77
apparel-sample-data-2304834000,"[""black""]","Discover the perfect blend of comfort and style with our black long-sleeved shirt. Crafted from soft material, this button-down shirt features a classic collar, making it an ideal addition to your workwear collection.","{""lvl0"": ""apparel"", ""lvl1"": ""apparel > shirts""}",45,tops,https://storage.googleapis.com/landingpage-al/91414260_0.jpg,"[""black"", ""long-sleeve"", ""workwear""]",true,Black Long-Sleeved Shirt,980,0.82
apparel-sample-data-2304831000,"[""light blue""]","Discover the charm of our light blue plaid shirt, designed for comfort and everyday style. Crafted from a soft checkered fabric, this shirt features a button-down collar, relaxed fit, and convenient front pocket. The rolled-up cuffs add a touch of effortless chic to your outfit.","{""lvl0"": ""apparel"", ""lvl1"": ""apparel > tops""}",45,tops,https://storage.googleapis.com/landingpage-al/91413802_0.jpg,"[""blue"", ""plaid"", ""casual"", ""shirts""]",true,Light Blue Plaid Shirt,875,0.68
apparel-sample-data-2304829000,"[""blue""]","Discover the perfect blend of style and comfort with our blue denim shirt. Designed with a classic button-down style, this lightweight long-sleeved shirt features two front pockets and a relaxed fit, making it a versatile addition to your wardrobe.","{""lvl0"": ""apparel"", ""lvl1"": ""apparel > tops""}",85,tops,https://storage.googleapis.com/landingpage-al/91413658_0.jpg,"[""denim"", ""utility"", ""relaxed fit""]",true,Blue Denim Shirt,890,0.92
apparel-sample-data-2304824000,"[""red""]","Discover comfort and style with our red casual shirt, featuring three-quarter sleeves and a button-down collar. Crafted from soft material and designed with a relaxed fit, this versatile piece is perfect for everyday wear.","{""lvl0"": ""apparel"", ""lvl1"": ""apparel > tops""}",45,tops,https://storage.googleapis.com/landingpage-al/91413054_0.jpg,"[""soft"", ""casual"", ""comfortable""]",true,Red Casual Shirt,890,0.98
apparel-sample-data-2304822000,"[""white""]","Discover the charm of our Classic White Button-Down Shirt, designed with a high collar and long sleeves. Crafted from soft, smooth fabric, this shirt embodies timeless elegance and versatility, making it ideal for both casual and formal occasions.","{""lvl0"": ""apparel"", ""lvl1"": ""apparel > tops > shirts""}",75,shirts,https://storage.googleapis.com/landingpage-al/91412880_0.jpg,"[""solid"", ""textured"", ""classic""]",true,Classic White Button-Down Shirt,890,0.27
apparel-sample-data-2304820000,"[""light blue""]","Discover the perfect blend of style and comfort with our light blue denim shirt. Crafted from soft denim, this relaxed-fit shirt features a classic pointed collar, button-down chest pocket, and rolled cuffs, making it an ideal choice for casual outings or laid-back workdays.","{""lvl0"": ""apparel"", ""lvl1"": ""apparel > tops""}",65,tops,https://storage.googleapis.com/landingpage-al/91412714_0.jpg,"[""blue"", ""chambray"", ""casual"", ""relaxed fit""]",true,Light Blue Denim Shirt,875,0.23
apparel-sample-data-2304816000,"[""light blue""]","Discover the perfect blend of comfort and style with our light blue button-down shirt. Crafted from soft, breathable fabric, this long-sleeved design features a front pocket and a relaxed fit, suitable for both everyday wear and special occasions.","{""lvl0"": ""apparel"", ""lvl1"": ""apparel > tops""}",45,tops,https://storage.googleapis.com/landingpage-al/91412290_0.jpg,"[""casual"", ""breathable"", ""comfortable"", ""stylish""]",true,Light Blue Button-Down Shirt,987,0.12
apparel-sample-data-2304810000,"[""pink"", ""white""]","Discover our plaid casual shirt designed for comfortable wear. Featuring a stylish pink and white color scheme, this lightweight shirt comes with a button-down collar and a relaxed fit, making it perfect for laid-back outings or casual gatherings.","{""lvl0"": ""apparel"", ""lvl1"": ""apparel > shirts""}",45,tops,https://storage.googleapis.com/landingpage-al/91411606_0.jpg,"[""multicolor"", ""plaid"", ""casual"", ""relaxed fit""]",true,Plaid Casual Shirt,890,0.46
apparel-sample-data-2304791000,"[""blue"", ""white"", ""black""]","Discover the perfect blend of style and comfort with our plaid shirt featuring a black collar and silver zipper. Crafted from a soft cotton blend, this shirt presents a vibrant checkered pattern in blue, white, and black, ideal for everyday wear.","{""lvl0"": ""apparel"", ""lvl1"": ""apparel > tops""}",45,tops,https://storage.googleapis.com/landingpage-al/91408989_0.jpg,"[""multicolor"", ""plaid"", ""casual"", ""cotton blend""]",true,Plaid Casual Shirt,980,0.87
apparel-sample-data-2304790000,"[""black"", ""white""]","Discover style and comfort with our black and white striped button-down shirt. Featuring a classic collared design and crafted from a thicker crepe material, this versatile piece is perfect for both casual wear and professional settings.","{""lvl0"": ""apparel"", ""lvl1"": ""apparel > shirts""}",45,tops,https://storage.googleapis.com/landingpage-al/91408847_0.jpg,"[""black"", ""striped"", ""plus size"", ""crepe"", ""button-down""]",true,Black and White Striped Button-Down Shirt,987,0.94
apparel-sample-data-2304782000,"[""purple""]","Discover the comfort of our deep purple relaxed fit shirt, crafted from soft material for all-day wear. This classic button-down design is versatile enough for both professional settings and casual outings. The rich purple hue brings a touch of warmth for the fall season.","{""lvl0"": ""apparel"", ""lvl1"": ""apparel > shirts""}",45,tops,https://storage.googleapis.com/landingpage-al/91407650_0.jpg,"[""purple"", ""plus size"", ""stretch"", ""broadcloth"", ""casual"", ""professional""]",true,Deep Purple Relaxed Fit Shirt,980,0.44
apparel-sample-data-2304781000,"[""gray"", ""white""]","Discover the perfect blend of comfort and style with our gray and white plaid shirt. Featuring a classic collared button-down front, this shirt showcases a stylish checkered pattern, complemented by rolled-up cuffs for a relaxed, yet polished look, making it an ideal choice for casual outings.","{""lvl0"": ""apparel"", ""lvl1"": ""apparel > tops""}",45,shirts,https://storage.googleapis.com/landingpage-al/91407601_0.jpg,"[""plaid"", ""cotton"", ""casual""]",true,Gray and White Plaid Shirt,875,0.9
apparel-sample-data-2304780000,"[""blue""]","Discover the perfect blend of comfort and style with our blue and white plaid shirt. Crafted from soft, lightweight material, this shirt features long sleeves and a button-down collar, designed for a relaxed fit that effortlessly complements casual and semi-formal outfits.","{""lvl0"": ""clothing"", ""lvl1"": ""clothing > tops""}",45,tops,https://storage.googleapis.com/landingpage-al/91407231_0.jpg,"[""plaid"", ""relaxed fit"", ""lightweight""]",true,Blue and White Plaid Shirt,980,0.76
apparel-sample-data-2304778000,"[""purple""]","Discover the ultimate blend of comfort and style with our purple faux-wrap top. Designed with a flattering v-neckline and long sleeves, this stretchy knit fabric drapes beautifully over your shoulders, making it an ideal choice for both casual outings and more polished ensembles.","{""lvl0"": ""clothing"", ""lvl1"": ""clothing > tops""}",45,tops,https://storage.googleapis.com/landingpage-al/91407145_0.jpg,"[""purple"", ""plus size"", ""faux-wrap"", ""jersey"", ""comfortable""]",true,Purple Faux-Wrap Top,987,0.97
apparel-sample-data-2304773000,"[""white""]","Discover the simplicity of our white button-down shirt, crafted from soft cotton for all-day comfort. Featuring a classic collar, a front pocket, and a versatile style, this shirt effortlessly transitions from casual outings to more polished occasions.","{""lvl0"": ""apparel"", ""lvl1"": ""apparel > tops""}",45,tops,https://storage.googleapis.com/landingpage-al/91406541_0.jpg,"[""classic"", ""cotton"", ""casual"", ""white""]",true,White Cotton Button-Down Shirt,987,0.28
apparel-sample-data-2304769000,"[""white""]","Discover our white cropped shirt, designed with a high collar and relaxed fit. Crafted from a lightweight material, this shirt features a front button placket and slightly oversized collar, offering a contemporary twist on a classic style. Perfect for versatile layering or casual outings.","{""lvl0"": ""apparel"", ""lvl1"": ""apparel > tops""}",75,tops,https://storage.googleapis.com/landingpage-al/91404950_0.jpg,"[""cotton"", ""modern"", ""relaxed fit"", ""oversized collar""]",true,White Cropped Shirt,980,0.29
apparel-sample-data-2304762000,"[""white""]","Discover comfort and style with our white oversized long-sleeved shirt. Crafted from soft, breathable fabric, this shirt features a classic collar, front button placket, and a gracefully curved hemline that ensures a relaxed fit. A perfect choice for effortless layering throughout the seasons.","{""lvl0"": ""apparel"", ""lvl1"": ""apparel > tops""}",45,tops,https://storage.googleapis.com/landingpage-al/91401333_0.jpg,"[""oversized"", ""relaxed fit"", ""breathable"", ""comfortable""]",true,White Oversized Long-Sleeved Shirt,987,0.5
apparel-sample-data-2304759000,"[""gray"", ""black""]","Discover the perfect blend of style and comfort with our gray and black striped sweater. This sweater features a round neckline and long raglan sleeves, crafted from a soft material that feels great against the skin. Ideal for layering or casual wear, it adds a touch of sophistication to your everyday look.","{""lvl0"": ""clothing"", ""lvl1"": ""clothing > tops""}",45,tops,https://storage.googleapis.com/landingpage-al/91400558_1.jpg,"[""striped"", ""raglan"", ""comfortable""]",true,Gray and Black Striped Sweater,876,0.04
apparel-sample-data-2304757000,"[""white""]","Discover the charm of our white high neck blouse, designed with a delicate ruffled collar and long sleeves. Made from luxurious shiny material, this blouse offers a relaxed fit, perfect for both casual and dressy occasions.","{""lvl0"": ""apparel"", ""lvl1"": ""apparel > tops""}",75,tops,https://storage.googleapis.com/landingpage-al/91399971_0.jpg,"[""mockneck"", ""elegant"", ""chic"", ""ruffled""]",true,White High Neck Blouse,943,0.35
apparel-sample-data-2304753000,"[""white"", ""beige""]","This stylish white and beige button-down shirt features long sleeves and a classic collar. Made from a lightweight blend of cotton and polyester, it’s designed for casual wear while ensuring comfort and breathability throughout the day.","{""lvl0"": ""apparel"", ""lvl1"": ""apparel > tops""}",45,shirts,https://storage.googleapis.com/landingpage-al/91398930_0.jpg,"[""lightweight"", ""casual"", ""comfortable"", ""petite""]",true,White and Beige Button-Down Shirt,890,0.9
apparel-sample-data-2304737000,"[""dark blue""]","Discover the perfect blend of comfort and style with our dark blue plaid button-down shirt. Crafted with a soft fabric, this long-sleeved shirt features a classic plaid pattern in white and red, perfect for casual outings or relaxed gatherings. The loose fit ensures all-day comfort without compromising on style.","{""lvl0"": ""apparel"", ""lvl1"": ""apparel > tops""}",45,tops,https://storage.googleapis.com/landingpage-al/91391426_0.jpg,"[""plaid"", ""casual"", ""comfortable""]",true,Dark Blue Plaid Button-Down Shirt,876,0.23
apparel-sample-data-2304734000,"[""black"", ""grey""]","Discover the sophistication of our black and grey striped shirt, designed with long sleeves and a classic collar. Crafted from soft material, this loose-fit shirt features bold stripes that make it a standout piece for both casual and dressy occasions. Perfectly paired with jeans or dress pants for a stylish look.","{""lvl0"": ""clothing"", ""lvl1"": ""clothing > tops""}",45,tops,https://storage.googleapis.com/landingpage-al/91390911_0.jpg,"[""striped"", ""casual"", ""versatile""]",true,Black and Grey Striped Shirt,875,0.17
apparel-sample-data-2304728000,"[""blue"", ""white""]","Discover versatility with our blue and white striped shirt, designed for both casual and formal occasions. Featuring a classic collar and long sleeves, this shirt is crafted from lightweight material, ensuring comfort throughout the day. The dynamic stripe pattern adds a modern touch, making it a must-have addition to your wardrobe.","{""lvl0"": ""apparel"", ""lvl1"": ""apparel > tops > shirts""}",45,shirts,https://storage.googleapis.com/landingpage-al/91389551_2.jpg,"[""casual"", ""striped"", ""lightweight"", ""comfortable""]",true,Blue and White Striped Shirt,875,0.31
apparel-sample-data-2304727000,"[""white""]","Discover the timeless appeal of our classic white button-down shirt. Crafted from soft, smooth fabric, this shirt features a stylish collar and long sleeves, making it an essential addition to any wardrobe. Perfect for various occasions, this versatile piece can be effortlessly paired with your favorite outfits.","{""lvl0"": ""clothing"", ""lvl1"": ""clothing > tops""}",45,tops,https://storage.googleapis.com/landingpage-al/91389387_0.jpg,"[""button-down"", ""classic"", ""elegant""]",true,Classic White Button-Down Shirt,987,0.84
apparel-sample-data-2304720000,"[""white""]","Discover comfort and style with our white oversized t-shirt, designed with a flattering v-neckline and a unique cut-out detail at the front. Crafted from soft, breathable material, this shirt offers a relaxed fit, making it a perfect choice for casual outings and everyday wear.","{""lvl0"": ""apparel"", ""lvl1"": ""apparel > tops""}",45,tops,https://storage.googleapis.com/landingpage-al/91388535_0.jpg,"[""multicolor"", ""comfortable"", ""casual"", ""oversized""]",true,White oversized t-shirt with cut-out detail,890,0.17
apparel-sample-data-2304718000,"[""blue"", ""pink""]","Discover the perfect blend of comfort and style with our blue and pink plaid shirt. This relaxed-fit shirt features a classic button-down collar and long sleeves, making it an ideal choice for both casual outings and relaxed days at home.","{""lvl0"": ""clothing"", ""lvl1"": ""clothing > tops""}",45,tops,https://storage.googleapis.com/landingpage-al/91388440_0.jpg,"[""plaid"", ""relaxed"", ""casual""]",true,Blue and Pink Plaid Shirt,875,0.63
apparel-sample-data-2304717000,"[""white""]","Discover the charm of our white shirt featuring a ruffled collar and a sophisticated long tie. The high-low design enhances the ruffled hemline, complemented by a pointed collar. Perfectly styled with a black belt at the waist, this shirt makes a refined statement for various occasions.","{""lvl0"": ""apparel"", ""lvl1"": ""apparel > tops""}",75,tops,https://storage.googleapis.com/landingpage-al/91388323_0.jpg,"[""multicolor"", ""elegant"", ""pleated"", ""peplum"", ""long sleeve""]",true,White Ruffled Collar Shirt,980,0.44
apparel-sample-data-2304716000,"[""black""]","Discover the stylish practicality of our black long sleeve shirt featuring a sleek silver zipper at the front. Crafted from soft material, this shirt offers a relaxed fit that ensures comfort throughout the day, making it a versatile addition to your wardrobe.","{""lvl0"": ""tops"", ""lvl1"": ""tops > shirts""}",45,shirts,https://storage.googleapis.com/landingpage-al/91388258_0.jpg,"[""black"", ""casual"", ""comfortable""]",true,Black long sleeve zipper shirt,900,0.27
apparel-sample-data-2304715000,"[""white""]","Discover the comfort of our classic white long sleeve shirt. Crafted from soft, breathable material, it features a button-down collar and a relaxed fit, making it an ideal choice for both casual and formal occasions.","{""lvl0"": ""apparel"", ""lvl1"": ""apparel > shirts""}",59.99,tops,https://storage.googleapis.com/landingpage-al/91388230_0.jpg,"[""black"", ""button-down"", ""stretch"", ""versatile""]",true,Classic White Long Sleeve Shirt,947,0.86
apparel-sample-data-2304712000,"[""pink"", ""white"", ""red"", ""blue"", ""black""]","Discover the ultimate in comfort with our plaid casual shirt. Featuring a button-down collar and a checkered pattern in harmonious shades of white, red, blue, and black, this soft cotton-blend shirt offers a relaxed fit that's perfect for everyday wear.","{""lvl0"": ""apparel"", ""lvl1"": ""apparel > tops""}",49.99,tops,https://storage.googleapis.com/landingpage-al/91387928_0.jpg,"[""plaid"", ""casual"", ""comfortable""]",true,Plaid Casual Shirt,987,0.99
apparel-sample-data-2304706000,"[""brown"", ""black""]","Discover sophistication with our brown and black polka dot shirt. Featuring a stylish collared neckline and long sleeves, this shirt showcases a unique pattern of brown dots set against a sleek black background, making it a versatile choice for any wardrobe.","{""lvl0"": ""tops"", ""lvl1"": ""tops > shirts""}",49.99,shirts,https://storage.googleapis.com/landingpage-al/91387423_0.jpg,"[""polka dot"", ""collared"", ""long sleeves"", ""elegant""]",true,Brown and Black Polka Dot Shirt,876,0.06
apparel-sample-data-2304700000,"[""white""]","Discover our stylish white long sleeve shirt, featuring a high collar and front button placket. Crafted from lightweight material, this shirt offers a relaxed fit, perfect for layering in various ensembles. The design showcases elegant details such as long sleeves with cuffs, making it a versatile addition to your wardrobe.","{""lvl0"": ""apparel"", ""lvl1"": ""apparel > tops""}",75,tops,https://storage.googleapis.com/landingpage-al/91386581_0.jpg,"[""multicolor"", ""lightweight"", ""longline"", ""elegant""]",true,White Long Sleeve Shirt,980,0.23
apparel-sample-data-2304698000,"[""blue"", ""white""]","Discover the charm of our blue and white striped shirt, featuring delicate ruffles at the collar and cuffs. Crafted from lightweight cotton, this shirt offers a relaxed fit that pairs beautifully with casual or dressy outfits. The soft hues of light blue and white create a fresh, airy look, perfect for any occasion.","{""lvl0"": ""clothing"", ""lvl1"": ""clothing > tops""}",45,tops,https://storage.googleapis.com/landingpage-al/91386075_0.jpg,"[""cotton"", ""striped"", ""elegant"", ""comfortable""]",true,Blue and White Striped Shirt,892,0.33
apparel-sample-data-2304697000,"[""blue"", ""white""]","Discover comfort and style with our blue and white plaid shirt. Crafted from soft material, this long-sleeved shirt features a chic black collar and a functional front pocket, making it a versatile addition to your wardrobe with a relaxed fit for day-to-night wear.","{""lvl0"": ""apparel"", ""lvl1"": ""apparel > tops""}",45,tops,https://storage.googleapis.com/landingpage-al/91385725_0.jpg,"[""plaid"", ""soft"", ""relaxed fit""]",true,Blue and White Plaid Shirt,892,0.32
apparel-sample-data-2304692000,"[""white""]","Discover the charm of our ribbed white t-shirt, designed for effortless style. This classic piece offers a comfortable fit, making it an ideal choice for layering or wearing solo. Pair it with your favorite outerwear for a chic, casual look.","{""lvl0"": ""apparel"", ""lvl1"": ""apparel > tops""}",35,tops,https://storage.googleapis.com/landingpage-al/91385003_0.jpg,"[""ribbed"", ""casual"", ""versatile""]",true,Ribbed white t-shirt,890,0.19
apparel-sample-data-2304683000,"[""blue"", ""red""]","Discover this charming blue and red floral button-down shirt designed for comfort and style. Featuring a collared neckline and long sleeves, this shirt showcases a vibrant floral print that combines blue and red hues with elegant white accents. The boxy fit ensures a relaxed silhouette, making it a perfect choice for everyday wear.","{""lvl0"": ""apparel"", ""lvl1"": ""apparel > tops""}",45,tops,https://storage.googleapis.com/landingpage-al/91382744_0.jpg,"[""floral"", ""casual"", ""plus_size""]",true,Blue and Red Floral Button-Down Shirt,987,0.88
apparel-sample-data-2304681000,"[""white"", ""black"", ""gray""]","Discover the charm of our white paisley print button-down shirt, designed with a high collar and long sleeves for a sophisticated look. The lightweight fabric offers a comfortable, loose fit, adorned with a beautiful mix of black, white, and gray paisley patterns, complemented with floral details. Versatile enough to pair with jeans or dress pants, this classic style is a must-have for any wardrobe.","{""lvl0"": ""clothing"", ""lvl1"": ""clothing > tops > shirts""}",49.99,shirts,https://storage.googleapis.com/landingpage-al/91382062_2.jpg,"[""multicolor"", ""plus size"", ""oversized"", ""paisley"", ""floral""]",true,White Paisley Print Button-Down Shirt,984,0.04
apparel-sample-data-2304680000,"[""pink""]","Discover a blend of comfort and style with our pink striped button-down shirt. Crafted from lightweight cotton, this shirt features a classic fit, a stylish collar, and long sleeves, making it a versatile choice for both casual outings and polished looks.","{""lvl0"": ""clothing"", ""lvl1"": ""clothing > tops""}",45,tops,https://storage.googleapis.com/landingpage-al/91381508_0.jpg,"[""multicolor"", ""cotton"", ""striped"", ""casual""]",true,Pink Striped Button-Down Shirt,896,0.39
apparel-sample-data-2304677000,"[""white"", ""black""]","Discover the unique style of our zebra print shirt, featuring a striking black and white design. This shirt boasts a classic collar, long sleeves, and a front button closure. The distressed look, complete with frayed edges, adds a modern twist to your casual wardrobe.","{""lvl0"": ""clothing"", ""lvl1"": ""clothing > tops > shirts""}",55,shirts,https://storage.googleapis.com/landingpage-al/91380009_0.jpg,"[""zebra print"", ""distressed"", ""casual""]",true,Zebra Print Distressed Shirt,879,0.24
apparel-sample-data-2304676000,"[""pink"", ""white""]","Discover the charm of our floral print blouse designed with a ruffled collar and elegant lace trim. Crafted from soft pink and white silk, this blouse features a high neckline and long sleeves adorned with delicate ruffles at the cuffs, making it a perfect addition to any chic wardrobe.","{""lvl0"": ""apparel"", ""lvl1"": ""apparel > tops""}",85,tops,https://storage.googleapis.com/landingpage-al/91379697_0.jpg,"[""floral"", ""elegant"", ""silk"", ""long sleeves""]",true,Floral Print Blouse,879,0.89
apparel-sample-data-2304675000,"[""blue"", ""white""]","Discover our stylish blue and white button-down shirt, designed with a light blue fabric complemented by a striking white collar. Perfect for any occasion, this shirt adds a refreshing touch to your wardrobe and is effortlessly chic. Ideal for casual meetings or weekend outings.","{""lvl0"": ""apparel"", ""lvl1"": ""apparel > tops""}",65,tops,https://storage.googleapis.com/landingpage-al/91379643_1.jpg,"[""button-down"", ""collar"", ""elegant""]",true,Blue and White Button-Down Shirt,987,0.91
apparel-sample-data-2304664000,"[""red"", ""white""]","Discover the charm of our Red and White Floral Lace Blouse. Featuring a delicate floral pattern on a dark red background, this blouse is adorned with sheer lace and detailed with a solid white collar and cuffs. Perfect for layering over a classic white shirt, it adds a refined touch to any outfit.","{""lvl0"": ""apparel"", ""lvl1"": ""apparel > tops""}",75,tops,https://storage.googleapis.com/landingpage-al/91376541_0.jpg,"[""floral"", ""lace"", ""elegant""]",true,Red and White Floral Lace Blouse,890,0.41
apparel-sample-data-2304653000,"[""pink""]","Discover the comfort of our pink ruffled shirt, designed with long sleeves and a refined collar. This elegantly crafted top features a gentle front button placket and soft ruffles, creating a relaxed fit that is perfect for casual outings or gatherings.","{""lvl0"": ""apparel"", ""lvl1"": ""apparel > tops""}",45,shirts,https://storage.googleapis.com/landingpage-al/91372346_0.jpg,"[""pink"", ""pleated"", ""collar"", ""soft""]",true,Pink Ruffled Shirt,879,0.56
apparel-sample-data-2304648000,"[""black"", ""white""]","This chic black and white polka dot blouse is designed with a sophisticated bow at the neck and features a high collar along with long sleeves and buttoned cuffs. The delightful pattern of small black dots against a crisp white background makes it a versatile addition to your wardrobe, perfect for both professional and casual settings.","{""lvl0"": ""apparel"", ""lvl1"": ""apparel > tops""}",75,tops,https://storage.googleapis.com/landingpage-al/91370727_0.jpg,"[""polka dot"", ""chiffon"", ""elegant""]",true,Chic Black and White Polka Dot Blouse,893,0.02
apparel-sample-data-2304644000,"[""light blue""]","Discover a blend of style and comfort with our light blue chambray shirt. Crafted from lightweight denim, this button-down shirt features a classic collar and a front pocket, accentuated by a trendy distressed look, making it the perfect choice for casual outings.","{""lvl0"": ""apparel"", ""lvl1"": ""apparel > tops""}",45,tops,https://storage.googleapis.com/landingpage-al/91370349_0.jpg,"[""chambray"", ""relaxed fit"", ""utility""]",true,Light Blue Chambray Shirt,984,0.75
apparel-sample-data-2304643000,"[""white""]","Discover the charm of our elegant white ruffled blouse. Crafted from lightweight cotton, this piece features a refined high neckline and long sleeves adorned with delicate lace ruffles. Its relaxed fit and classic white shirt collar enhance its versatile appeal, making it a perfect addition to any wardrobe.","{""lvl0"": ""apparel"", ""lvl1"": ""apparel > tops""}",75,tops,https://storage.googleapis.com/landingpage-al/91370194_0.jpg,"[""black"", ""v-neck"", ""elegant"", ""lace"", ""relaxed fit""]",true,Elegant White Ruffled Blouse,984,0.01
apparel-sample-data-2304641000,"[""white""]","Discover the versatility of our white button-down shirt, designed with a relaxed fit for ultimate comfort. Crafted from lightweight material, this long-sleeved shirt features a classic collar, a front pocket, and a single button cuff, making it an ideal choice for casual outings or a laid-back office day.","{""lvl0"": ""apparel"", ""lvl1"": ""apparel > tops""}",45,tops,https://storage.googleapis.com/landingpage-al/91369457_0.jpg,"[""gray"", ""unisex"", ""casual"", ""button-down""]",true,White button-down shirt,982,0.45
apparel-sample-data-2304638000,"[""pink""]","Discover comfort with our pink casual long sleeve shirt. Crafted from soft material, this shirt features a stylish front zipper and a classic collar, making it a versatile choice for everyday wear.","{""lvl0"": ""apparel"", ""lvl1"": ""apparel > tops""}",45,shirts,https://storage.googleapis.com/landingpage-al/91368656_0.jpg,"[""pink"", ""casual"", ""long sleeve"", ""comfortable""]",true,Pink Casual Long Sleeve Shirt,980,0.7
apparel-sample-data-2304619000,"[""blue"", ""pink"", ""white""]","Discover the charm of our plaid button-down shirt featuring a stylish pink collar and blue buttons. This shirt combines comfort and elegance with its soft cotton fabric and a functional chest pocket. The playful mix of pink, blue, and white stripes makes it a versatile addition to your wardrobe.","{""lvl0"": ""apparel"", ""lvl1"": ""apparel > tops""}",45,tops,https://storage.googleapis.com/landingpage-al/91362917_0.jpg,"[""plaid"", ""button-down"", ""cotton"", ""casual""]",true,Plaid Button-Down Shirt with Pink Collar,890,0.71
apparel-sample-data-2304612000,"[""blue""]","Discover the versatility of our light blue loose fit shirt, designed with a classic pointed collar and a concealed front button placket. Crafted from breathable material, this shirt offers comfort and style, making it an ideal choice for both casual outings and professional settings.","{""lvl0"": ""apparel"", ""lvl1"": ""apparel > tops""}",45,tops,https://storage.googleapis.com/landingpage-al/91361977_1.jpg,"[""blue"", ""concealed"", ""placket"", ""lightweight"", ""loose fit""]",true,Light Blue Loose Fit Shirt,1042,0.01
apparel-sample-data-2304610000,"[""olive green"", ""white"", ""black""]","Discover the perfect blend of style and comfort with our plaid hoodie. Crafted from lightweight material, this olive green and white hoodie features a cozy flannel-like texture, a functional front pocket, and an adjustable hood with a stylish drawstring. Ideal for relaxed outings or casual layering, this piece seamlessly combines practicality with a trendy look.","{""lvl0"": ""tops"", ""lvl1"": ""tops > shirts""}",75,shirts,https://storage.googleapis.com/landingpage-al/91361631_0.jpg,"[""multicolor"", ""hooded"", ""flannel"", ""comfortable""]",true,Olive Green and White Plaid Hoodie,940,0.49
apparel-sample-data-2304609000,"[""blue"", ""white""]","Discover the effortless style of our casual blue plaid button-down shirt. Crafted from lightweight material, this shirt combines comfort with a relaxed fit, making it an ideal choice for everyday wear. Its distinctive blue and white plaid pattern, complemented by a front pocket, ensures you look sharp while staying comfortable.","{""lvl0"": ""apparel"", ""lvl1"": ""apparel > tops""}",45,shirts,https://storage.googleapis.com/landingpage-al/91361505_0.jpg,"[""blue"", ""plaid"", ""casual"", ""utility""]",true,Casual Blue Plaid Button-Down Shirt,876,0.88
apparel-sample-data-2304604000,"[""light blue""]","Discover the perfect blend of style and comfort with our light blue button-down shirt. Designed with long sleeves and a classic collar, this shirt features a single chest pocket and is crafted from breathable oxford cloth material, making it an ideal choice for both casual and formal occasions.","{""lvl0"": ""apparel"", ""lvl1"": ""apparel > tops""}",55,tops,https://storage.googleapis.com/landingpage-al/91360143_0.jpg,"[""blue"", ""button-down"", ""collar"", ""classic fit""]",true,Light Blue Button-Down Shirt,987,0.31
apparel-sample-data-2304601000,"[""black""]","Discover a contemporary statement piece with our black graphic shirt featuring an artistic design of overlapping women's faces. This visually striking shirt boasts a soft and comfortable material, making it a stylish addition to your wardrobe for casual or dressy occasions.","{""lvl0"": ""apparel"", ""lvl1"": ""apparel > tops""}",45,tops,https://storage.googleapis.com/landingpage-al/91359652_0.jpg,"[""black"", ""graphic"", ""fashionable"", ""comfortable""]",true,Black graphic shirt,980,0.27
apparel-sample-data-2304582000,"[""red"", ""black""]","Embrace a casual yet stylish look with our red and black plaid shirt. Designed with a classic collar, long sleeves, and a button-down front, this shirt is crafted from soft cotton fabric for all-day comfort, making it perfect for everyday wear.","{""lvl0"": ""apparel"", ""lvl1"": ""apparel > shirts""}",45,tops,https://storage.googleapis.com/landingpage-al/91357087_0.jpg,"[""plaid"", ""cotton"", ""casual""]",true,Red and Black Plaid Shirt,890,0.32
apparel-sample-data-2304574000,"[""white""]","Discover effortless style with our lightweight cold-shoulder shirt. Crafted from a soft cotton/linen blend, this shirt features long sleeves and a relaxed fit. The buttoned front adds a classic touch, while the open-shoulder design brings a modern boho-chic vibe, making it a versatile addition to your wardrobe.","{""lvl0"": ""apparel"", ""lvl1"": ""apparel > tops""}",75,tops,https://storage.googleapis.com/landingpage-al/91355895_0.jpg,"[""multicolor"", ""boho-chic"", ""open-shoulder"", ""longline""]",true,Lightweight Cold-Shoulder Shirt,896,0.16
apparel-sample-data-2304572000,"[""black"", ""white""]","Discover this stylish black and white plaid shirt, perfect for casual or semi-formal occasions. Crafted from a soft, lightweight material, it features a classic collar and long sleeves, making it a versatile addition to any wardrobe. The eye-catching checkered pattern adds a touch of sophistication while ensuring comfort throughout the day.","{""lvl0"": ""apparel"", ""lvl1"": ""apparel > tops""}",45,shirts,https://storage.googleapis.com/landingpage-al/91355788_0.jpg,"[""black"", ""plaid"", ""slim fit"", ""men's shirt""]",true,Black and White Plaid Shirt,987,0.43
apparel-sample-data-2304571000,"[""white"", ""black""]","Discover the blend of comfort and sophistication with our white blouse featuring a striking black collar. This elegant piece showcases a beautifully embroidered design on the front and detailed black trim along the neckline. With a relaxed fit and long sleeves, it's perfect for a refined yet casual look.","{""lvl0"": ""clothing"", ""lvl1"": ""clothing > tops""}",75,tops,https://storage.googleapis.com/landingpage-al/91355786_0.jpg,"[""embellished"", ""collar"", ""casual"", ""elegant""]",true,White Blouse with Black Collar,980,0.19
apparel-sample-data-2304570000,"[""black"", ""purple""]","Discover a blend of comfort and style with this black and purple floral print top. Designed with an elegant v-neckline and long sleeves, this stretchy knit piece features a classic button-down front, making it a versatile addition to any wardrobe.","{""lvl0"": ""apparel"", ""lvl1"": ""apparel > tops""}",75,tops,https://storage.googleapis.com/landingpage-al/91355627_0.jpg,"[""floral"", ""black"", ""elegant"", ""long sleeves""]",true,Black Floral Print Top,890,0.46
apparel-sample-data-2304565000,"[""white""]","Discover the perfect blend of comfort and style with our white oversized shirt. Crafted from lightweight cotton-poplin, this shirt features a high collar and long sleeves, embodying a relaxed fit that suits any casual ensemble. Pair it effortlessly with your favorite oversized black pants for an elevated look.","{""lvl0"": ""clothing"", ""lvl1"": ""clothing > tops""}",75,tops,https://storage.googleapis.com/landingpage-al/91355277_0.jpg,"[""oversized"", ""cotton-poplin"", ""comfortable"", ""versatile""]",true,White Oversized Shirt,982,0.63
apparel-sample-data-2304564000,"[""white"", ""beige"", ""pink""]","Discover a charming floral print blouse in white and beige, designed with a high collar and a front button placket. Crafted from lightweight material, this relaxed-fit blouse showcases a delicate pattern of small flowers in soft hues, perfect for casual outings or summer soirées.","{""lvl0"": ""tops"", ""lvl1"": ""tops > shirts""}",75,shirts,https://storage.googleapis.com/landingpage-al/91355155_0.jpg,"[""floral"", ""bohemian"", ""lightweight"", ""casual""]",true,Floral Print Blouse,897,0.78
apparel-sample-data-2304562000,"[""light pink""]","Discover the charm of our light pink ruffled blouse, designed to enhance your wardrobe with its feminine appeal. This blouse features a rounded collar, a front button placket, and long sleeves with gathered ruffles at the cuffs and hemline. Crafted from soft cotton with a subtle sheen, its loose fit ensures comfort while making a stylish statement for any occasion.","{""lvl0"": ""apparel"", ""lvl1"": ""apparel > tops""}",75,tops,https://storage.googleapis.com/landingpage-al/91354697_0.jpg,"[""cotton"", ""feminine"", ""ruffled"", ""elegant""]",true,Light Pink Ruffled Blouse,932,0.66
apparel-sample-data-2304557000,"[""blue"", ""white""]","Discover the charm of our blue and white striped shirt, designed for comfort and style. Crafted from lightweight cotton, this shirt features a classic collar and a relaxed fit, making it an ideal choice for casual outings. The thin, evenly spaced stripes add a subtle elegance, perfect for any wardrobe.","{""lvl0"": ""apparel"", ""lvl1"": ""apparel > tops""}",45,tops,https://storage.googleapis.com/landingpage-al/91354039_0.jpg,"[""blue"", ""striped"", ""casual"", ""lightweight""]",true,Blue and White Striped Shirt,890,0
apparel-sample-data-2304543000,"[""white""]","Discover effortless elegance with our white silk blouse. Designed with long, loose-fitting sleeves and a graceful wrap-around style, this blouse features a deep v-neckline and a chic ruffled collar. Perfect for transitioning between casual and formal settings, it offers versatility and comfort in every wear.","{""lvl0"": ""clothing"", ""lvl1"": ""clothing > tops > shirts""}",85,shirts,https://storage.googleapis.com/landingpage-al/91351087_0.jpg,"[""blue"", ""silk"", ""elegant"", ""versatile""]",true,White Silk Blouse with Ruffled Collar,973,0.25
apparel-sample-data-2304532000,"[""light blue""]","Discover the charm of our light blue denim vest, designed with a drawstring waist for a customizable fit and featuring classic front buttons. The distressed look adds a trendy touch, making it a versatile addition to any outfit. Pair it with the matching denim shirt for a stylish ensemble.","{""lvl0"": ""apparel"", ""lvl1"": ""apparel > tops""}",75,tops,https://storage.googleapis.com/landingpage-al/91347764_0.jpg,"[""blue"", ""chambray"", ""distressed""]",true,Light Blue Denim Vest,1023,0.63
apparel-sample-data-2304521000,"[""white""]","Discover timeless sophistication with our white shirt featuring a ruffled collar and a classic button-down front. Crafted from soft, lightweight fabric, this long-sleeve design offers a feminine silhouette that pairs effortlessly with a variety of bottoms and accessories.","{""lvl0"": ""apparel"", ""lvl1"": ""apparel > tops > shirts""}",75,shirts,https://storage.googleapis.com/landingpage-al/91343635_0.jpg,"[""feminine"", ""ruffle"", ""classic"", ""lightweight""]",true,White Ruffled Collar Shirt,890,0.45
apparel-sample-data-2304518000,"[""red"", ""black"", ""white""]","Discover a striking red and white blouse that showcases a bold black and white diamond and checkered pattern. With its collared neckline and long sleeves, this blouse combines sophistication and style, making it an ideal choice for both casual and polished occasions.","{""lvl0"": ""clothing"", ""lvl1"": ""clothing > tops""}",65,tops,https://storage.googleapis.com/landingpage-al/91342730_0.jpg,"[""collared"", ""patterned"", ""elegant""]",true,Red and White Patterned Blouse,982,0.85
apparel-sample-data-2304514000,"[""white"", ""black""]","Embrace a playful yet sophisticated style with our white polka dot button-down shirt. Adorned with classic black dots, this shirt features a chic collar and a button-front closure, making it a versatile addition to your wardrobe. Pair it effortlessly with tailored skirts or casual pants for a polished look on any occasion.","{""lvl0"": ""apparel"", ""lvl1"": ""apparel > tops""}",45,tops,https://storage.googleapis.com/landingpage-al/91342122_0.jpg,"[""polka dot"", ""oversized"", ""button-down"", ""stylish""]",true,White Polka Dot Button-Down Shirt,980,0.18
apparel-sample-data-2304513000,"[""green"", ""blue""]","Discover the charm of our floral silk blouse, showcasing an exquisite green and blue pattern adorned with yellow centers. It features a stylish high collar, long sleeves, and a practical front button placket, complemented by a chic front pocket. Pair it effortlessly with a black silk satin belt for a refined look.","{""lvl0"": ""apparel"", ""lvl1"": ""apparel > tops > shirts""}",85,shirts,https://storage.googleapis.com/landingpage-al/91341976_0.jpg,"[""floral"", ""silk"", ""elegant""]",true,Green and Blue Floral Silk Blouse,980,0.29
apparel-sample-data-2304511000,"[""orange""]","Step into comfort with our bright orange long sleeve shirt. Crafted from soft, lightweight material, it features a collared design and a practical front button placket. The relaxed fit and rounded hemline ensure a stylish yet easygoing look, perfect for everyday wear.","{""lvl0"": ""apparel"", ""lvl1"": ""apparel > tops""}",45,shirts,https://storage.googleapis.com/landingpage-al/91341533_0.jpg,"[""lightweight"", ""casual"", ""collared"", ""relaxed_fit""]",true,Bright Orange Long Sleeve Shirt,879,0.62
apparel-sample-data-2304506000,"[""white""]","Discover an effortlessly stylish addition to your wardrobe with our white relaxed fit shirt. Crafted from lightweight material, this shirt features charming embroidered palm trees and a horse, enhancing its unique character. Complete with a button-down collar and front pocket, it’s perfect for laid-back occasions.","{""lvl0"": ""clothing"", ""lvl1"": ""clothing > tops > shirts""}",75,shirts,https://storage.googleapis.com/landingpage-al/91340847_0.jpg,"[""embroidered"", ""lightweight"", ""relaxed fit"", ""casual""]",true,White Relaxed Fit Shirt,940,0.52
apparel-sample-data-2304502000,"[""white"", ""ivory""]","Discover the perfect blend of comfort and style with our White Relaxed Fit Button-Down Shirt. Crafted from soft, lightweight material, this shirt features a classic collared neckline, long sleeves, and a convenient chest pocket. Its untucked style adds a casual charm, making it an ideal choice for both relaxed outings and smart-casual settings.","{""lvl0"": ""apparel"", ""lvl1"": ""apparel > tops > shirts""}",45,shirts,https://storage.googleapis.com/landingpage-al/91340028_0.jpg,"[""multicolor"", ""ivory"", ""relaxed"", ""casual"", ""lightweight""]",true,White Relaxed Fit Button-Down Shirt,942,0.96
apparel-sample-data-2304501000,"[""blue"", ""navy""]","Discover the elegance of our blue silk shirt, expertly designed with a classic fit, long sleeves, and a refined collar. Featuring a front button placket and a rounded hemline, this lightweight and soft fabric will keep you stylishly comfortable for any occasion.","{""lvl0"": ""clothing"", ""lvl1"": ""clothing > tops""}",85,tops,https://storage.googleapis.com/landingpage-al/91339912_0.jpg,"[""silk"", ""classic fit"", ""lightweight"", ""collar""]",true,Blue Silk Shirt,897,0.63
apparel-sample-data-2304494000,"[""black"", ""blue"", ""pink"", ""yellow"", ""white""]","Discover the beauty of nature with our floral patterned shirt. Featuring a striking black background adorned with vibrant flowers in blue, pink, yellow, and white, this shirt is designed with a collared neckline and long sleeves, creating a perfect blend of style and comfort. The artistic placement of the pattern adds a unique touch to your wardrobe, making it an ideal choice for both casual and semi-formal occasions.","{""lvl0"": ""clothing"", ""lvl1"": ""clothing > tops""}",45,shirts,https://storage.googleapis.com/landingpage-al/91338980_0.jpg,"[""floral"", ""multicolor"", ""printed"", ""artistic""]",true,Floral Printed Shirt,890,0.07
apparel-sample-data-2304489000,"[""blue""]","Discover the perfect blend of comfort and style with our blue lightweight top. Designed with a relaxed fit, this piece features a round neckline, three-quarter length sleeves, and a convenient front zipper. Complete with a practical front pocket, it's an ideal choice for casual outings or leisurely days.","{""lvl0"": ""apparel"", ""lvl1"": ""apparel > tops""}",45,tops,https://storage.googleapis.com/landingpage-al/91338690_0.jpg,"[""blue"", ""lightweight"", ""casual"", ""comfortable""]",true,Blue Lightweight Top,980,0.06
apparel-sample-data-2304487000,"[""blue"", ""white""]","Discover a blend of style and comfort with our plaid button-down shirt. Featuring a blue and white checkered pattern, this long-sleeved shirt includes two front pockets and offers a relaxed fit, making it ideal for casual outings or laid-back days.","{""lvl0"": ""apparel"", ""lvl1"": ""apparel > tops""}",45,tops,https://storage.googleapis.com/landingpage-al/91338645_0.jpg,"[""petite"", ""checkered"", ""casual"", ""comfortable""]",true,Plaid Button-Down Shirt,890,0.26
apparel-sample-data-2304483000,"[""pink"", ""purple"", ""white""]","Discover the charm of our floral printed blouse, designed with a ruffled neckline that adds a delicate flair. Crafted from lightweight chiffon, this blouse offers a flowy fit that's perfect for warm days. The captivating blend of pink, purple, and white flowers brings a touch of natural beauty to any outfit.","{""lvl0"": ""apparel"", ""lvl1"": ""apparel > tops""}",65,tops,https://storage.googleapis.com/landingpage-al/91338419_0.jpg,"[""floral"", ""lightweight"", ""delicate"", ""chiffon""]",true,Floral Printed Blouse,875,0.79
apparel-sample-data-2304476000,"[""blue""]","Discover a unique blend of sophistication and casual wear with our blue denim shirt, adorned with a beautifully embroidered floral swan on the front. This shirt features a classic collar, long sleeves, and a convenient button-down design, making it a versatile addition to any wardrobe.","{""lvl0"": ""apparel"", ""lvl1"": ""apparel > tops""}",75,tops,https://storage.googleapis.com/landingpage-al/91337600_0.jpg,"[""blue"", ""denim"", ""embroidered"", ""casual""]",true,Blue Denim Shirt with Floral Swan Embroidery,890,0.12
apparel-sample-data-2304474000,"[""black"", ""white""]","Discover a striking floral printed button-down shirt, featuring a stylish collared neckline and long sleeves. Perfect for adding a touch of sophistication to your wardrobe, this shirt beautifully combines comfort and chic design.","{""lvl0"": ""apparel"", ""lvl1"": ""apparel > tops""}",85,tops,https://storage.googleapis.com/landingpage-al/91337410_0.jpg,"[""floral"", ""collared"", ""elegant""]",true,Floral Printed Button-Down Shirt,964,0.92
apparel-sample-data-2304458000,"[""white""]","Discover the simplicity and comfort of our white button-down cotton shirt. Crafted from lightweight cotton, this shirt features a relaxed fit and a clean design, topped off with a classic button-down collar and a convenient front pocket. Ideal for a range of occasions, it's a staple that complements any wardrobe.","{""lvl0"": ""clothing"", ""lvl1"": ""clothing > tops""}",45,tops,https://storage.googleapis.com/landingpage-al/91335193_0.jpg,"[""cotton"", ""relaxed-fit"", ""versatile"", ""clean-design""]",true,White Button-Down Cotton Shirt,892,0.07
apparel-sample-data-2304456000,"[""white"", ""black""]","Discover sophistication with our white cotton-blend shirt featuring a classic collar and long sleeves. The accompanying black bow tie adds a touch of elegance, making it a perfect choice for formal occasions. The relaxed fit ensures comfort while maintaining a refined appearance.","{""lvl0"": ""apparel"", ""lvl1"": ""apparel > tops""}",75,tops,https://storage.googleapis.com/landingpage-al/91334789_0.jpg,"[""cotton-blend"", ""formal"", ""classic""]",true,White Cotton-Blend Shirt with Bow Tie,987,0.77
apparel-sample-data-2304453000,"[""white""]","Discover the charm of our white sleeveless shirt featuring a delicate ruffled collar and a high neckline. Crafted from sheer material, this shirt boasts a stylish button detail on the left side, making it a refined choice for both casual and formal occasions.","{""lvl0"": ""apparel"", ""lvl1"": ""apparel > tops""}",75,tops,https://storage.googleapis.com/landingpage-al/91334378_0.jpg,"[""sleeveless"", ""asymmetric"", ""elegant"", ""sheer""]",true,White Sleeveless Shirt with Ruffled Collar,890,0.31
apparel-sample-data-2304452000,"[""white""]","Discover the unique charm of our white long sleeve top featuring an eye-catching one-shoulder design. Adorned with a stylish mesh overlay that creates a puffy silhouette, this top is complemented by a rounded neckline and a comfortable elastic band at the sleeve. Perfect for versatile styling, this cropped piece adds a touch of elegance to any wardrobe.","{""lvl0"": ""apparel"", ""lvl1"": ""apparel > tops""}",75,tops,https://storage.googleapis.com/landingpage-al/91334112_0.jpg,"[""one-shoulder"", ""balloon"", ""cropped"", ""fashion""]",true,White One-Shoulder Cropped Top,980,0.19
apparel-sample-data-2304451000,"[""white"", ""black"", ""red""]","Discover a perfect blend of style and comfort with our striped casual shirt. Featuring a classic collar and long sleeves, this shirt boasts black, white, and red stripes on soft fabric for an easy-going fit, making it ideal for everyday wear.","{""lvl0"": ""apparel"", ""lvl1"": ""apparel > tops""}",45,tops,https://storage.googleapis.com/landingpage-al/91333389_1.jpg,"[""striped"", ""casual"", ""comfortable""]",true,Striped Casual Shirt,930,0.02
apparel-sample-data-2304448000,"[""navy"", ""white""]","Discover the perfect combination of comfort and style with our navy and white striped shirt. Featuring a classic collar and a relaxed loose fit, this shirt is crafted from a soft cotton blend for breathability and ease. The thin stripes add a touch of sophistication, making it ideal for both casual outings and smart-casual events.","{""lvl0"": ""apparel"", ""lvl1"": ""apparel > tops""}",45,shirts,https://storage.googleapis.com/landingpage-al/91332423_0.jpg,"[""blue"", ""breton"", ""cotton"", ""casual""]",true,Navy and White Striped Shirt,890,0.95
apparel-sample-data-2304443000,"[""pink""]","Discover the charm of our pink tie-neck shirt, crafted from luxurious, soft silk for ultimate comfort. Featuring long sleeves, a stylish collar, and a front button placket, this oversized piece offers a relaxed fit ideal for casual or chic occasions. The matching satin tie at the neckline adds a touch of sophistication to your wardrobe.","{""lvl0"": ""clothing"", ""lvl1"": ""clothing > tops""}",80,shirts,https://storage.googleapis.com/landingpage-al/91332039_0.jpg,"[""silky"", ""relaxed-fit"", ""tie-neck"", ""oversized"", ""elegant""]",true,Pink Tie-Neck Shirt,890,0.22
apparel-sample-data-2304442000,"[""pink""]","Discover the charm of our pink denim shirt, designed with a stylish western flair. It features a classic button-down collar, long sleeves, and a convenient front pocket. Made from durable denim, this shirt is perfect for casual outings or dressing up with your favorite accessories.","{""lvl0"": ""apparel"", ""lvl1"": ""apparel > tops > shirts""}",49.99,shirts,https://storage.googleapis.com/landingpage-al/91332021_0.jpg,"[""pink"", ""button-down"", ""western"", ""denim""]",true,Pink Denim Western Shirt,875,0.58
apparel-sample-data-2304438000,"[""white""]","Discover the perfect blend of comfort and style with our collared white shirt. Crafted from lightweight material, this versatile piece features long sleeves and a classic button-down design, making it an ideal choice for various occasions.","{""lvl0"": ""apparel"", ""lvl1"": ""apparel > tops""}",45,tops,https://storage.googleapis.com/landingpage-al/91329250_0.jpg,"[""multicolor"", ""fringe"", ""lightweight"", ""collared""]",true,Chic Collared Lightweight Shirt,987,0.43
apparel-sample-data-2304433000,"[""blue"", ""white""]","Discover a classic addition to your wardrobe with this blue and white shirt, featuring an elegant square pattern. Designed with long sleeves and a collared neckline, this versatile shirt is crafted from a comfortable cotton-polyester blend, ideal for both casual outings and stylish layering.","{""lvl0"": ""clothing"", ""lvl1"": ""clothing > tops""}",45,tops,https://storage.googleapis.com/landingpage-al/91328457_0.jpg,"[""blue"", ""long-sleeve"", ""casual"", ""square-pattern"", ""woven""]",true,Blue and White Square Pattern Shirt,890,0.16
apparel-sample-data-2304432000,"[""red""]","Discover comfort and style with our red button-down shirt. Crafted from soft material, this long-sleeved shirt features a classic collar and a versatile button-down design, making it perfect for both casual outings and smart-casual occasions.","{""lvl0"": ""apparel"", ""lvl1"": ""apparel > shirts""}",45,tops,https://storage.googleapis.com/landingpage-al/91328107_1.jpg,"[""masculine"", ""long-sleeved"", ""comfortable""]",true,Red Button-Down Shirt,897,0.62
apparel-sample-data-2304427000,"[""white""]","Discover the comfort of our white striped Oxford shirt. Crafted from soft materials, this shirt offers a relaxed fit and features a classic collar, making it a versatile addition to any wardrobe for both casual and polished looks.","{""lvl0"": ""apparel"", ""lvl1"": ""apparel > tops""}",75,tops,https://storage.googleapis.com/landingpage-al/91326531_0.jpg,"[""japanese"", ""oxford"", ""casual""]",true,White Striped Oxford Shirt,982,0.08
apparel-sample-data-2304419000,"[""blue"", ""red"", ""white""]","Discover a versatile plaid shirt featuring a stylish white collar and a classic button-down design. The blend of red and blue in a soft, breathable fabric makes it a perfect choice for both casual outings and more polished occasions.","{""lvl0"": ""apparel"", ""lvl1"": ""apparel > tops""}",45,tops,https://storage.googleapis.com/landingpage-al/91325147_0.jpg,"[""plaid"", ""casual"", ""breathable"", ""classic""]",true,Plaid shirt with white collar,890,0.9
apparel-sample-data-2304418000,"[""blue""]","Discover comfort with our blue lightweight Oxford shirt. Designed with a relaxed fit, this shirt features a classic button-down style and a neatly folded collar, making it a versatile addition to your wardrobe.","{""lvl0"": ""apparel"", ""lvl1"": ""apparel > tops""}",45,tops,https://storage.googleapis.com/landingpage-al/91325031_0.jpg,"[""lightweight"", ""button-down"", ""comfortable""]",true,Blue Lightweight Oxford Shirt,980,0.08
apparel-sample-data-2304412000,"[""white""]","Discover our white shirt crafted from lightweight cotton-poplin, featuring a charming embroidered design of a small star and heart at the front. With a classic collared neckline and long sleeves, this relaxed-fit shirt combines comfort with understated elegance, making it a versatile addition to any wardrobe.","{""lvl0"": ""apparel"", ""lvl1"": ""apparel > tops > shirts""}",75,shirts,https://storage.googleapis.com/landingpage-al/91323897_1.jpg,"[""embroidered"", ""cotton-poplin"", ""relaxed-fit"", ""casual""]",true,White Embroidered Shirt,987,0.33
apparel-sample-data-2304408000,"[""white""]","Discover our classic white polo shirt, designed for both comfort and style. Featuring long sleeves, a ribbed collar, and a ribbed hem, this shirt is highlighted by a distinctive black logo on the front. Perfect for casual outings or relaxed days at home.","{""lvl0"": ""apparel"", ""lvl1"": ""apparel > tops > shirts""}",45,shirts,https://storage.googleapis.com/landingpage-al/91323128_0.jpg,"[""embroidered"", ""crepe"", ""casual""]",true,White Polo Shirt with Logo,940,0.31
apparel-sample-data-2304399000,"[""blue""]","Discover the perfect blend of comfort and style with our blue oxford shirt. Crafted from lightweight material, it features a pointed collar and a classic button-down style. The rounded hemline and long sleeves with folded cuffs enhance its casual elegance, making it a versatile addition to your wardrobe.","{""lvl0"": ""apparel"", ""lvl1"": ""apparel > tops""}",45,shirts,https://storage.googleapis.com/landingpage-al/91320899_0.jpg,"[""blue"", ""oxford"", ""button-down"", ""casual""]",true,Blue Oxford Shirt,879,0.71
apparel-sample-data-2304397000,"[""blue"", ""black""]","Discover comfort and style with our blue and black plaid button-up shirt. This piece features a collared button-down front, long sleeves, and a relaxed fit, crafted from soft, lightweight material. The unique plaid pattern showcases a captivating mix of shades, enhanced by darker accents on the collar and cuffs. Ideal for casual outings, you can effortlessly pair it with a belt for added flair.","{""lvl0"": ""apparel"", ""lvl1"": ""apparel > shirts""}",45,tops,https://storage.googleapis.com/landingpage-al/91319994_0.jpg,"[""plaid"", ""button-up"", ""relaxed fit"", ""soft fabric""]",true,Blue and Black Plaid Button-Up Shirt,890,0.01
apparel-sample-data-2304384000,"[""blue"", ""white""]","Discover effortless style with our Blue and White Striped Knot Shirt. Designed with a relaxed fit, it features long sleeves and a chic knot detail at the top, making it a perfect choice for casual days or laid-back outings.","{""lvl0"": ""clothing"", ""lvl1"": ""clothing > tops""}",45,tops,https://storage.googleapis.com/landingpage-al/91316599_0.jpg,"[""striped"", ""casual"", ""loose fit"", ""knot detail""]",true,Blue and White Striped Knot Shirt,987,0.97
apparel-sample-data-2304364000,"[""grey"", ""white""]","Discover a unique blend of comfort and style with our grey sweatshirt featuring a striking white collar and button detailing. Underneath, a classic white shirt adds a sophisticated touch, making it a versatile choice for both casual and semi-formal occasions.","{""lvl0"": ""apparel"", ""lvl1"": ""apparel > tops""}",75,tops,https://storage.googleapis.com/landingpage-al/91310522_0.jpg,"[""multicolor"", ""buttondown"", ""sweatshirt""]",true,Grey and White Button-Down Sweatshirt,904,0.16
apparel-sample-data-2304345000,"[""white""]","Discover our classic white shirt made from soft material, designed for comfort and versatility. Featuring a stylish collared neckline, this shirt effortlessly pairs with a variety of bottoms, making it an essential addition to your wardrobe.","{""lvl0"": ""apparel"", ""lvl1"": ""apparel > tops""}",45,tops,https://storage.googleapis.com/landingpage-al/91307117_3.jpg,"[""soft"", ""versatile"", ""classic""]",true,Classic White Shirt,890,0.37
apparel-sample-data-2304335000,"[""blue""]","Introducing our blue checked plaid shirt, designed for comfort and style. This lightweight shirt features a classic collar and long sleeves, showcasing a striking black and white checkered pattern. Perfect for casual outings, its loose fit offers a relaxed appearance, ideal for layering or wearing solo.","{""lvl0"": ""apparel"", ""lvl1"": ""apparel > tops""}",45,tops,https://storage.googleapis.com/landingpage-al/91305450_0.jpg,"[""checked"", ""casual"", ""comfortable""]",true,Blue Checked Plaid Shirt,980,0.03
apparel-sample-data-2304329000,"[""blue"", ""white""]","Discover the charm of our light blue and white plaid shirt, designed with a sophisticated button-down style. Featuring a fitted silhouette, this shirt showcases vertical blue stripes complemented by delicate plaid lines, making it a versatile choice for casual outings or relaxed gatherings.","{""lvl0"": ""apparel"", ""lvl1"": ""apparel > tops""}",65,shirts,https://storage.googleapis.com/landingpage-al/91304303_0.jpg,"[""blue"", ""plaid"", ""fitted"", ""casual""]",true,Light Blue and White Plaid Shirt,982,0.89
apparel-sample-data-2302077000,"[""yellow""]","Discover a perfect blend of comfort and style with our yellow off-the-shoulder top. Crafted from shiny, silky material, this loose-fitting piece features long, flowy sleeves that gracefully enhance any outfit. Ideal for various occasions, it adds a touch of sophistication to your wardrobe.","{""lvl0"": ""apparel"", ""lvl1"": ""apparel > tops""}",50,tops,https://storage.googleapis.com/landingpage-al/91437295_0.jpg,"[""multicolor"", ""silky"", ""bardot"", ""casual"", ""flowy""]",true,Yellow Off-the-Shoulder Top,900,0.51
apparel-sample-data-2302071000,"[""white"", ""black""]","Discover a stylish addition to your wardrobe with our striped long-sleeved top. Featuring a ruffled collar and a charming bow at the neck, this shirt combines thick black stripes with elegant thin white stripes for a striking look. Designed for a comfortable loose fit, it’s perfect for casual outings or laid-back gatherings.","{""lvl0"": ""apparel"", ""lvl1"": ""apparel > tops""}",45,tops,https://storage.googleapis.com/landingpage-al/91435961_0.jpg,"[""multicolor"", ""striped"", ""casual""]",true,Striped Long-Sleeved Top,890,0.27
apparel-sample-data-2302069000,"[""white""]","This white blouse combines style and comfort, featuring elegant bell sleeves and a relaxed fit. Crafted from a soft cotton-linen blend, it offers breathability and a chic look, perfect for casual outings or layering for a polished outfit.","{""lvl0"": ""apparel"", ""lvl1"": ""apparel > tops""}",45,tops,https://storage.googleapis.com/landingpage-al/91435551_0.jpg,"[""shirred"", ""casual"", ""comfortable""]",true,White Bell Sleeve Blouse,876,0.01
apparel-sample-data-2302059000,"[""brown""]","Discover a blend of comfort and style with this brown long sleeve top. Designed with a plunging back and a subtle split, this tunic is crafted from soft material for a relaxed fit. The front features a small slit in the center and an elegant side slit, making it perfect for both casual outings and stylish layering.","{""lvl0"": ""apparel"", ""lvl1"": ""apparel > tops""}",45,tops,https://storage.googleapis.com/landingpage-al/91434879_0.jpg,"[""blue"", ""tie-back"", ""tunic"", ""comfortable"", ""fashionable""]",true,Brown Plunging Back Long Sleeve Top,987,0.17
apparel-sample-data-2302054000,"[""blue""]","This blue sweater combines comfort and style with its soft cotton fabric and unique white tape accent featuring the phrase 'j'adore le sneaker.' Designed with a ribbed neckline and cuffs for a snug fit, it's perfect for relaxed outings or layering with your favorite pieces.","{""lvl0"": ""clothing"", ""lvl1"": ""clothing > tops""}",75,tops,https://storage.googleapis.com/landingpage-al/91433894_0.jpg,"[""blue"", ""cotton"", ""long-sleeved"", ""sweater"", ""casual""]",true,Blue Sweater with J'adore le Sneaker Detail,980,0.17
apparel-sample-data-2302048000,"[""blue"", ""black""]","Enhance your wardrobe with our flowy blue and black tunic, featuring a trendy high-low hemline. Crafted from lightweight material, this top offers effortless style and comfort, perfect for both casual outings and dressier occasions.","{""lvl0"": ""clothing"", ""lvl1"": ""clothing > tops""}",45,tops,https://storage.googleapis.com/landingpage-al/91433263_0.jpg,"[""medallion"", ""print"", ""flowy"", ""stylish""]",true,Flowy Blue and Black Tunic,982,0.36
apparel-sample-data-2302047000,"[""blue""]","Discover the charm of our pale blue ribbed knit top, designed with a flattering v-neckline and long sleeves. Crafted from a lightweight and stretchy knit fabric, this cropped top offers a comfortable fit, making it a versatile choice for both casual and dressy occasions.","{""lvl0"": ""apparel"", ""lvl1"": ""apparel > tops""}",45,tops,https://storage.googleapis.com/landingpage-al/91433031_0.jpg,"[""blue"", ""petite"", ""ribbed"", ""lightweight"", ""cropped""]",true,Pale Blue Ribbed Knit Top,890,0.89
apparel-sample-data-2302040000,"[""red""]","Discover the effortless charm of our red v-neck blouse, designed with three-quarter length sleeves and a comfortable loose fit. Crafted from soft material, this blouse is perfect for relaxed outings and casual gatherings.","{""lvl0"": ""clothing"", ""lvl1"": ""clothing > tops""}",45,tops,https://storage.googleapis.com/landingpage-al/91431683_0.jpg,"[""soft"", ""v-neck"", ""three-quarter sleeves"", ""casual""]",true,Red V-Neck Blouse,875,0.49
apparel-sample-data-2302039000,"[""black""]","Discover the charm of our black off-the-shoulder top, featuring a flattering v-neckline and crafted from a soft, stretchy knit fabric. With long sleeves, this top effortlessly combines comfort with style, making it an ideal choice for casual outings or relaxing at home.","{""lvl0"": ""apparel"", ""lvl1"": ""apparel > tops""}",45,tops,https://storage.googleapis.com/landingpage-al/91431248_0.jpg,"[""black"", ""long sleeve"", ""comfortable"", ""casual""]",true,Black Off-the-Shoulder Long Sleeve Top,890,0.63
apparel-sample-data-2302036000,"[""red""]","Discover the perfect blend of comfort and style with our red top featuring a rounded neckline and chic three-quarter length sleeves. Crafted from stretchy material for a flattering fit, this top includes a discreet zipper at the back, making it an ideal choice for both casual outings and relaxed gatherings.","{""lvl0"": ""clothing"", ""lvl1"": ""clothing > tops""}",45,tops,https://storage.googleapis.com/landingpage-al/91430686_0.jpg,"[""blue"", ""stretchy"", ""casual""]",true,Red rounded neckline top,875,0.21
apparel-sample-data-2302032000,"[""dark blue""]","Discover the perfect blend of comfort and style with our dark blue ribbed long sleeve top. Crafted from soft fabric, this fitted design features a stylish ribbed texture, making it a versatile addition to your casual wardrobe.","{""lvl0"": ""apparel"", ""lvl1"": ""apparel > tops""}",45,tops,https://storage.googleapis.com/landingpage-al/91429850_0.jpg,"[""ribbed"", ""cutout"", ""fitted"", ""casual""]",true,Dark Blue Ribbed Long Sleeve Top,950,0.92
apparel-sample-data-2302026000,"[""blue"", ""white""]","Discover a stylish addition to your wardrobe with our blue and white striped v-neck top. Crafted from soft, shiny material, this top features a ribbed texture that adds a touch of sophistication. Perfect for casual outings or relaxed office days, it pairs beautifully with jeans or skirts.","{""lvl0"": ""apparel"", ""lvl1"": ""apparel > tops""}",45,tops,https://storage.googleapis.com/landingpage-al/91428988_0.jpg,"[""ribbed"", ""striped"", ""elegant""]",true,Blue and White Striped V-Neck Top,980,0.34
apparel-sample-data-2302023000,"[""red"", ""black"", ""white""]","Discover the charm of our striped high-neck long-sleeved top. Crafted with a distinctive ribbed texture, this shirt features bold black and white stripes that enhance its stylish appeal. The high crew neckline and cuffed sleeves provide a refined finish, making it an ideal choice for both casual and sophisticated outfits.","{""lvl0"": ""apparel"", ""lvl1"": ""apparel > tops""}",45,tops,https://storage.googleapis.com/landingpage-al/91427590_0.jpg,"[""striped"", ""ribbed"", ""elegant"", ""high-neck""]",true,Striped High-Neck Long Sleeved Top,2340,0.89
apparel-sample-data-2302018000,"[""black""]","Discover the charm of our black wrapover top, featuring a flattering v-neckline and long sleeves. Crafted from a stretchy knit material that gleams with sophistication, this top showcases a delicate ruffled detail on the front, making it a versatile addition to your wardrobe for both casual outings and chic events.","{""lvl0"": ""apparel"", ""lvl1"": ""apparel > tops""}",45,tops,https://storage.googleapis.com/landingpage-al/91427059_0.jpg,"[""black"", ""wrapover"", ""elegant"", ""ruffled""]",true,Black Wrapover Top,890,0.12
apparel-sample-data-2302009000,"[""gray""]","Discover a cozy staple with our gray sweater, adorned with playful black and white polka dots. This piece features a classic crew neckline and long sleeves, crafted from soft knit material for your ultimate comfort.","{""lvl0"": ""clothing"", ""lvl1"": ""clothing > tops""}",55,tops,https://storage.googleapis.com/landingpage-al/91426108_0.jpg,"[""knit"", ""polka dots"", ""comfortable""]",true,Gray Polka Dot Sweater,890,0.35
apparel-sample-data-2302007000,"[""white""]","Discover a chic addition to your wardrobe with our white wrap-around long sleeved top. Featuring a flattering v-neckline and long sleeves, this top is crafted from stretchy knit material that drapes beautifully over the body. Its lightweight fabric and subtle ruffled details on the sleeves ensure comfort while adding a touch of elegance to your casual outfits.","{""lvl0"": ""apparel"", ""lvl1"": ""apparel > tops""}",45,tops,https://storage.googleapis.com/landingpage-al/91425815_0.jpg,"[""wrapover"", ""lightweight"", ""relaxed fit"", ""ruffled detail""]",true,White wrap-around long sleeved top,890,0.18
apparel-sample-data-2302005000,"[""gray""]","Discover the comfort of our gray loose fit sweater, crafted from soft materials that gently embrace your body. This basic boat-neck style offers effortless versatility, making it ideal for layering or wearing alone for a relaxed look.","{""lvl0"": ""apparel"", ""lvl1"": ""apparel > tops""}",45,tops,https://storage.googleapis.com/landingpage-al/91425719_0.jpg,"[""comfortable"", ""versatile"", ""boat-neck""]",true,Gray Loose Fit Sweater,890,0.02
apparel-sample-data-2302001000,"[""white""]","Discover the charm of our white lace top, designed with a plunging neckline and long sleeves. The sheer lace fabric provides a delicate and feminine aesthetic, while the high-low hemline introduces a striking element to your outfit. A small keyhole at the front adds a sophisticated detail, making it perfect for both casual and formal settings.","{""lvl0"": ""apparel"", ""lvl1"": ""apparel > tops""}",65,tops,https://storage.googleapis.com/landingpage-al/91425413_0.jpg,"[""lace"", ""feminine"", ""elegant"", ""high-low hemline""]",true,White Lace Top,987,0.52
apparel-sample-data-2301996000,"[""gray"", ""yellow""]","Discover a stylish blend of comfort and color with our gray and yellow long-sleeved top. Featuring a round neckline and long sleeves, this top showcases a gray upper portion complemented by a vibrant yellow bottom. The practical front pocket, accented with blue lining, adds a functional yet fashionable touch.","{""lvl0"": ""apparel"", ""lvl1"": ""apparel > tops""}",45,tops,https://storage.googleapis.com/landingpage-al/91424800_0.jpg,"[""gray"", ""yellow"", ""comfortable"", ""trendy""]",true,Gray and Yellow Long-Sleeved Top,945,0.74
apparel-sample-data-2301994000,"[""black""]","Discover the charm of our black blouse adorned with delicate gold embellishments around the neckline. Designed with a relaxed fit and a classic round neckline, this top balances casual comfort with a touch of elegance, making it an ideal choice for various occasions.","{""lvl0"": ""apparel"", ""lvl1"": ""apparel > tops""}",75,tops,https://storage.googleapis.com/landingpage-al/91424675_0.jpg,"[""black"", ""embellished"", ""peplum"", ""casual"", ""elegant""]",true,Black Embellished Blouse,890,0.32
apparel-sample-data-2301992000,"[""white""]","Discover effortless style with our white long-sleeved button-down shirt. Designed with a high collar and front pocket, this shirt is crafted from soft, lightweight material for a comfortable, relaxed fit. Perfectly versatile, it can be paired with various outfits, whether layered over a t-shirt or worn alone.","{""lvl0"": ""apparel"", ""lvl1"": ""apparel > tops""}",75,tops,https://storage.googleapis.com/landingpage-al/91424506_0.jpg,"[""poplin"", ""relaxed fit"", ""versatile""]",true,White Relaxed Fit Button-Down Shirt,879,0.31
apparel-sample-data-2301987000,"[""black""]","Discover the allure of our black top featuring an elegant mesh overlay and intricate lace design. With a stylish front zipper and sheer fabric, this versatile piece adds sophistication to any outfit. Perfect for dressing up or down, it's a must-have addition to your wardrobe.","{""lvl0"": ""apparel"", ""lvl1"": ""apparel > tops""}",55,tops,https://storage.googleapis.com/landingpage-al/91422656_0.jpg,"[""black"", ""lace"", ""sheer""]",true,Black Mesh Overlay Top,978,0.22
apparel-sample-data-2301982000,"[""black"", ""white""]","Discover the comfort of our black and white striped long sleeve shirt. Crafted from a soft cotton blend, it features a ribbed texture and a classic crew neck. The thin stripes add a touch of modern style, making it an ideal choice for casual outings or relaxed days at home.","{""lvl0"": ""apparel"", ""lvl1"": ""apparel > tops""}",49.99,tops,https://storage.googleapis.com/landingpage-al/91422207_0.jpg,"[""striped"", ""black"", ""casual"", ""comfortable""]",true,Black and White Striped Long Sleeve Shirt,876,0.13
apparel-sample-data-2301980000,"[""blue""]","Discover comfort and style with our blue long sleeve top. Crafted from a soft material, it features a round neckline and a subtle silver button detail on the collar, making it a perfect addition to your casual wardrobe.","{""lvl0"": ""clothing"", ""lvl1"": ""clothing > tops""}",45,tops,https://storage.googleapis.com/landingpage-al/91421603_0.jpg,"[""blue"", ""soft"", ""casual"", ""comfortable""]",true,Blue Long Sleeve Top,890,0.04
apparel-sample-data-2301970000,"[""black""]","Discover the perfect blend of style and comfort with our black cold shoulder top. Crafted from stretchy knit fabric, this long-sleeved design features a chic round neckline and cut-out shoulder detail, making it a versatile addition to your wardrobe.","{""lvl0"": ""apparel"", ""lvl1"": ""apparel > tops""}",45,tops,https://storage.googleapis.com/landingpage-al/91420551_0.jpg,"[""black"", ""cold-shoulder"", ""long-sleeved"", ""stretchy""]",true,Black Cold Shoulder Top,897,0.38
apparel-sample-data-2301968000,"[""beige"", ""gray""]","Discover the perfect blend of comfort and style with our beige and gray striped sweater. This long-sleeved piece features a round neckline and a convenient front zipper, crafted from soft knit material, making it an ideal choice for both casual outings and relaxed days at home.","{""lvl0"": ""apparel"", ""lvl1"": ""apparel > tops""}",75,tops,https://storage.googleapis.com/landingpage-al/91420205_0.jpg,"[""multicolor"", ""striped"", ""casual""]",true,Beige and Gray Striped Sweater,980,0.58
apparel-sample-data-2301966000,"[""black""]","Discover effortless style with our black laced up top. Featuring a relaxed fit and a flattering square neckline, this top is crafted from a premium blend of cotton and polyester, ensuring comfort for any occasion.","{""lvl0"": ""apparel"", ""lvl1"": ""apparel > tops""}",45,tops,https://storage.googleapis.com/landingpage-al/91419983_0.jpg,"[""black"", ""casual"", ""comfortable"", ""versatile""]",true,Black Laced Up Top,890,0.91
apparel-sample-data-2301960000,"[""black"", ""white""]","Discover a versatile addition to your wardrobe with our black and white striped long sleeve shirt. Crafted from soft, stretchy material, this shirt features a classic round neckline and delicate thin stripes, making it perfect for both casual outings and more dressed-up occasions.","{""lvl0"": ""apparel"", ""lvl1"": ""apparel > tops""}",45,tops,https://storage.googleapis.com/landingpage-al/91419229_0.jpg,"[""multicolor"", ""striped"", ""casual"", ""comfortable""]",true,Black and White Striped Long Sleeve Shirt,890,0.91
apparel-sample-data-2301957000,"[""blue"", ""white""]","Discover effortless style with our blue and white striped long sleeve top. Designed with a modern round neckline and featuring a sleek silver zipper, this shirt is accented with elegant brown leather trims on the collar and cuffs, adding a touch of sophistication to your casual look.","{""lvl0"": ""clothing"", ""lvl1"": ""clothing > tops""}",45,tops,https://storage.googleapis.com/landingpage-al/91419023_0.jpg,"[""striped"", ""petite"", ""unique"", ""casual""]",true,Blue and White Striped Long Sleeve Top,980,0.02
apparel-sample-data-2301956000,"[""deep blue"", ""navy""]","Discover comfort and style with our deep blue casual sweater. Crafted from a soft knit material with a ribbed texture, it features a stylish silver zipper at the front, adding a modern twist to a classic look. Designed specifically for women's fit, this versatile sweater is perfect for everyday wear.","{""lvl0"": ""clothing"", ""lvl1"": ""clothing > tops""}",75,tops,https://storage.googleapis.com/landingpage-al/91418834_0.jpg,"[""blue"", ""zip-shoulder"", ""cotton"", ""casual"", ""women's fit""]",true,Deep Blue Casual Sweater,1024,0.09
apparel-sample-data-2301955000,"[""black""]","Discover our black knit top, designed for both comfort and style. This piece features a round neckline and a stylish silver zipper at the back. Adorned with decorative stitching on the front, it's a versatile addition to your casual wardrobe that makes a subtle yet fashionable statement.","{""lvl0"": ""apparel"", ""lvl1"": ""apparel > tops""}",45,tops,https://storage.googleapis.com/landingpage-al/91418598_0.jpg,"[""black"", ""cotton-blend"", ""grommet"", ""casual""]",true,Black Knit Top with Silver Zipper,980,0.31
apparel-sample-data-2301951000,"[""gray""]","Discover everyday comfort with our gray v-neck long sleeve shirt crafted from soft, breathable fabric. Perfect for layering or wearing on its own, this versatile piece combines style and comfort seamlessly.","{""lvl0"": ""apparel"", ""lvl1"": ""apparel > tops""}",45,tops,https://storage.googleapis.com/landingpage-al/91418142_0.jpg,"[""gray"", ""comfortable"", ""casual""]",true,Gray V-Neck Long Sleeve Shirt,980,0.1
apparel-sample-data-2301934000,"[""white"", ""grey""]","Discover the charm of our white lace blouse, featuring a high neckline and long bell sleeves for a graceful silhouette. The delicate front tie detail and lace-up back complement the sheer chiffon fabric, adorned with a subtle pattern of white and grey lace. Perfectly styled for a relaxed fit, this blouse embodies a bohemian vibe, ideal for various occasions.","{""lvl0"": ""apparel"", ""lvl1"": ""apparel > tops""}",75,tops,https://storage.googleapis.com/landingpage-al/91416930_0.jpg,"[""multicolor"", ""victorian"", ""lace"", ""bohemian""]",true,White lace blouse with high neckline,875,0.04
apparel-sample-data-2301929000,"[""white""]","Discover the charm of our Classic White Long-Sleeved Tunic, featuring a high collar and elegant long sleeves. Beautifully adorned with a silver button on the collar and a subtle button on the cuff, this shirt is crafted from a lightweight cotton or linen blend, offering both comfort and style for various occasions.","{""lvl0"": ""apparel"", ""lvl1"": ""apparel > tops""}",75,tops,https://storage.googleapis.com/landingpage-al/91416385_0.jpg,"[""women's"", ""tunic"", ""classic"", ""lightweight""]",true,Classic White Long-Sleeved Tunic,987,0.38
apparel-sample-data-2301928000,"[""blue"", ""white""]","Stay stylish and comfortable in our Blue and White Striped Oversized Shirt. Crafted from lightweight fabric, this shirt features a relaxed boxy silhouette and vertical stripes that add a modern touch. Perfect for casual outings or laid-back days at home, its loose fit offers ultimate ease of movement.","{""lvl0"": ""apparel"", ""lvl1"": ""apparel > tops""}",45,tops,https://storage.googleapis.com/landingpage-al/91416333_0.jpg,"[""multicolor"", ""breezy"", ""collared"", ""relaxed"", ""oversized""]",true,Blue and White Striped Oversized Shirt,982,0.56
apparel-sample-data-2301926000,"[""pink""]","Discover the perfect blend of casual and chic with our pink long-sleeved blouse. Designed with a high collar and button-down front, this lightweight and silky top features a convenient front pocket, making it an excellent choice for various occasions.","{""lvl0"": ""apparel"", ""lvl1"": ""apparel > tops""}",75,tops,https://storage.googleapis.com/landingpage-al/91416254_0.jpg,"[""multicolor"", ""pleat"", ""chic"", ""casual""]",true,Pink long-sleeved blouse,890,0.18
apparel-sample-data-2301917000,"[""pink"", ""purple""]","Discover the charm of our pink and purple printed top, designed for effortless style. Crafted from a lightweight, flowing material, it features a loose fit and a rounded neckline, making it perfect for everyday comfort. The soft, muted colors blend seamlessly, adding a touch of elegance to your casual outfits.","{""lvl0"": ""apparel"", ""lvl1"": ""apparel > tops""}",45,tops,https://storage.googleapis.com/landingpage-al/91415508_0.jpg,"[""casual"", ""lightweight"", ""comfortable"", ""floral""]",true,Pink and Purple Printed Top,890,0.99
apparel-sample-data-2301911000,"[""red""]","Discover the classic appeal of our red slim fit Guess graphic tee shirt. Featuring the iconic Guess logo prominently displayed on the front, this stylish shirt is perfect for casual outings or as a statement piece in your everyday wardrobe.","{""lvl0"": ""apparel"", ""lvl1"": ""apparel > tops""}",45,tops,https://storage.googleapis.com/landingpage-al/91414807_0.jpg,"[""red"", ""slim fit"", ""graphic""]",true,Guess Graphic Tee Shirt,980,0.99
apparel-sample-data-2301910000,"[""white"", ""black""]","Discover style and comfort with our white cropped top featuring striking black lettering that showcases the word 'Cavalli'. Crafted from a stretchy material with a ribbed texture, this top is perfect for casual outings and pairs effortlessly with high-waisted jeans or skirts.","{""lvl0"": ""apparel"", ""lvl1"": ""apparel > tops""}",45,tops,https://storage.googleapis.com/landingpage-al/91414526_0.jpg,"[""ribbed"", ""cropped"", ""multicolor"", ""stretch""]",true,Cavalli White Cropped Top,892,0.97
apparel-sample-data-2301903000,"[""dark gray""]","Discover the charm of our dark gray long sleeve sweater, designed with a flattering boat neckline. Made from a soft merino knit, this basic yet versatile piece effortlessly transitions from casual to dressy occasions.","{""lvl0"": ""apparel"", ""lvl1"": ""apparel > tops""}",75,tops,https://storage.googleapis.com/landingpage-al/91413199_0.jpg,"[""gray"", ""merino"", ""boat-neck"", ""versatile""]",true,Dark Gray Long Sleeve Sweater,890,0.75
apparel-sample-data-2301902000,"[""blue"", ""light blue""]","Discover the perfect blend of style and comfort with our blue long sleeved sweatshirt. Designed with a crew neck and long sleeves, this piece layers effortlessly over a light blue shirt for a chic casual look. Crafted from soft, breathable material, it's ideal for relaxed days or casual outings.","{""lvl0"": ""apparel"", ""lvl1"": ""apparel > tops""}",45,tops,https://storage.googleapis.com/landingpage-al/91413178_0.jpg,"[""blue"", ""comfortable"", ""high-low"", ""casual""]",true,Blue Long Sleeved Sweatshirt,876,0.97
apparel-sample-data-2301876000,"[""white""]","Discover the charm of our white peplum top, adorned with a delicately embroidered design featuring blue flowers and beige fringe. This peasant-style top showcases a classic crew neckline and offers a relaxed yet stylish fit, making it an ideal choice for both casual outings and dressier occasions.","{""lvl0"": ""apparel"", ""lvl1"": ""apparel > tops""}",60,tops,https://storage.googleapis.com/landingpage-al/91411177_0.jpg,"[""embroidered"", ""peplum"", ""casual"", ""floral""]",true,White Embroidered Peplum Top,904,0
apparel-sample-data-2301871000,"[""white""]","Discover comfort and style with our white long sleeve top, featuring a flattering v-neck and lace-up detail. Made from soft, knit material, this top ensures an effortless and relaxed fit for everyday wear.","{""lvl0"": ""clothing"", ""lvl1"": ""clothing > tops""}",45,tops,https://storage.googleapis.com/landingpage-al/91410906_0.jpg,"[""waffle-knit"", ""relaxed-fit"", ""versatile"", ""comfortable""]",true,White Relaxed Fit Long Sleeve Top,889,0.13
apparel-sample-data-2301866000,"[""pink""]","Discover the charm of our light pink long-sleeved top, designed with a high collar and front button closure. Crafted from soft silk material, it offers a relaxed fit, making it both comfortable and stylish for any occasion.","{""lvl0"": ""apparel"", ""lvl1"": ""apparel > tops""}",75,tops,https://storage.googleapis.com/landingpage-al/91410807_0.jpg,"[""silk"", ""relaxed fit"", ""elegant""]",true,Light Pink Long Sleeved Top,890,0.59
apparel-sample-data-2301864000,"[""black""]","Discover the perfect blend of comfort and style with our casual black loose fit top. Crafted from soft, stretchy material, it features a rounded neckline and raw edge detailing on the sides, making it an ideal choice for everyday wear.","{""lvl0"": ""apparel"", ""lvl1"": ""apparel > tops""}",45,tops,https://storage.googleapis.com/landingpage-al/91410379_0.jpg,"[""black"", ""plus size"", ""casual"", ""comfortable""]",true,Casual Black Loose Fit Top,876,0.88
apparel-sample-data-2301863000,"[""gray"", ""black""]","Discover a stylish blend of comfort and modern design with our gray and black long-sleeved top. Featuring a unique cross front design, this top combines a sleek black upper with a soft gray lower section. Made from stretchy material for an effortless fit, it offers a round neckline that enhances its casual charm.","{""lvl0"": ""apparel"", ""lvl1"": ""apparel > tops""}",45,tops,https://storage.googleapis.com/landingpage-al/91410343_0.jpg,"[""colorblocked"", ""crisscross"", ""casual""]",true,Gray and Black Colorblocked Top,982,0.96
apparel-sample-data-2301860000,"[""black""]","Discover the modern appeal of our black twist front top. Crafted from stretchy material, this design features a flattering rounded neckline and a unique twist front that enhances your outfit with a contemporary edge. Perfectly styled with black pants for a chic and stylish look.","{""lvl0"": ""apparel"", ""lvl1"": ""apparel > tops""}",45,tops,https://storage.googleapis.com/landingpage-al/91410165_0.jpg,"[""black"", ""asymmetrical"", ""stylish"", ""modern""]",true,Black twist front top,890,0.85
apparel-sample-data-2301858000,"[""purple"", ""black"", ""white"", ""red""]","Discover effortless style with our striped off-the-shoulder top. Crafted from stretchy material, this loose-fitting piece features a vibrant multicolored design complemented by a bold black stripe on the sleeves and a striking purple stripe at the neckline. Perfect for various occasions, this top combines comfort with eye-catching aesthetics.","{""lvl0"": ""apparel"", ""lvl1"": ""apparel > tops""}",45,tops,https://storage.googleapis.com/landingpage-al/91409960_0.jpg,"[""striped"", ""off-the-shoulder"", ""comfortable"", ""stylish""]",true,Striped Off-the-Shoulder Top,876,0.03
apparel-sample-data-2301857000,"[""white""]","Discover the charm of our white bohemian long-sleeved blouse, featuring a stylish lace-up front and a fringed hem. Crafted from lightweight material, this top offers a relaxed fit perfect for easygoing days. The high neckline and flowing sleeves add to its overall chic and textured design.","{""lvl0"": ""apparel"", ""lvl1"": ""apparel > tops""}",75,tops,https://storage.googleapis.com/landingpage-al/91409957_0.jpg,"[""boho"", ""embroidered"", ""lightweight"", ""fringe""]",true,White Bohemian Long-Sleeved Blouse,896,0.7
apparel-sample-data-2301853000,"[""white""]","Discover the charm of our white lace drawstring top, designed with a delicate floral pattern and a relaxed fit. The drawstring tie at the neckline allows for a customizable look, ideal for casual outings and everyday comfort, crafted from lightweight material for breathability.","{""lvl0"": ""apparel"", ""lvl1"": ""apparel > tops""}",45,tops,https://storage.googleapis.com/landingpage-al/91409752_0.jpg,"[""delicate"", ""floral"", ""casual"", ""comfortable""]",true,White Lace Drawstring Top,980,0.28
apparel-sample-data-2301847000,"[""black"", ""white""]","Discover versatility with our black and white long sleeved top, designed for a stylish layered look. This piece features a sophisticated black and white knit design and is crafted from a high-quality cotton and polyester blend. The accompanying sweater beneath adds a cozy ribbed texture, making it perfect for both casual and semi-formal occasions.","{""lvl0"": ""apparel"", ""lvl1"": ""apparel > tops""}",45,tops,https://storage.googleapis.com/landingpage-al/91409586_0.jpg,"[""black"", ""textured"", ""layered-look"", ""cotton-blend""]",true,Black and White Long Sleeved Top,890,0.45
apparel-sample-data-2301841000,"[""black""]","Discover the perfect blend of style and sophistication with our black long-sleeved top. Featuring three-quarter length sleeves and a chic mesh panel at the front, this top's rounded neckline and hemline offer a flattering silhouette. Ideal for pairing with jeans or dress pants, it's a versatile addition to your wardrobe.","{""lvl0"": ""apparel"", ""lvl1"": ""apparel > tops""}",45,tops,https://storage.googleapis.com/landingpage-al/91409316_0.jpg,"[""black"", ""fashionable"", ""sheer"", ""versatile""]",true,Black Three-Quarter Sleeve Top,982,0.39
apparel-sample-data-2301835000,"[""purple""]","Discover the charm of our purple ruffled top, featuring a flattering v-neckline and elegant long sleeves. Crafted from a soft material, this top offers a relaxed fit, adorned with delicate ruffles that enhance its feminine appeal, making it a versatile addition to your wardrobe.","{""lvl0"": ""apparel"", ""lvl1"": ""apparel > tops""}",45,tops,https://storage.googleapis.com/landingpage-al/91408953_0.jpg,"[""purple"", ""bell-sleeve"", ""surplice"", ""feminine""]",true,Purple Ruffled Top,980,0.92
apparel-sample-data-2301834000,"[""blue"", ""white""]","Discover a charming blend of style with our floral blue and white top. Featuring exquisite lace details and trendy bell sleeves, this top showcases a vibrant floral pattern that adds a refreshing touch to any outfit, perfect for both casual and semi-formal occasions.","{""lvl0"": ""clothing"", ""lvl1"": ""clothing > tops""}",45,tops,https://storage.googleapis.com/landingpage-al/91408926_0.jpg,"[""multicolor"", ""lace-trim"", ""floral"", ""bell sleeves""]",true,Floral Blue and White Top,987,0.37
apparel-sample-data-2301833000,"[""white"", ""navy blue"", ""light blue""]","Discover a perfect blend of comfort and style with the Lydia striped top featuring a boat neckline and three-quarter length sleeves. Crafted from a soft cotton and polyester blend, this top showcases a chic combination of navy blue, white, and light blue stripes, making it an ideal choice for everyday wear.","{""lvl0"": ""apparel"", ""lvl1"": ""apparel > tops""}",45,tops,https://storage.googleapis.com/landingpage-al/91408904_0.jpg,"[""casual"", ""striped"", ""boat-neck""]",true,Lydia Striped Boat-Neck Top,987,0.38
apparel-sample-data-2301830000,"[""burgundy""]","Discover comfort and style with our burgundy long-sleeved sweater. Crafted from soft fabric, this piece features a relaxed fit and a classic round neckline, making it an ideal addition to your everyday wardrobe.","{""lvl0"": ""apparel"", ""lvl1"": ""apparel > tops""}",65,tops,https://storage.googleapis.com/landingpage-al/91408842_0.jpg,"[""asymmetrical"", ""cotton"", ""casual"", ""comfortable""]",true,Burgundy Long-Sleeved Sweater,950,0.38
apparel-sample-data-2301821000,"[""blue""]","Discover a blend of comfort and style with our blue faux-suede top, designed with exquisite lace bell sleeves and a playful fringe hem. Crafted from soft fabric, this top features a round neckline and long, flowing sleeves, making it a versatile addition to your wardrobe for casual outings or special occasions.","{""lvl0"": ""apparel"", ""lvl1"": ""apparel > tops""}",75,tops,https://storage.googleapis.com/landingpage-al/91407892_0.jpg,"[""faux-suede"", ""bell-sleeve"", ""boho-chic""]",true,Blue Faux-Suede Top with Lace Bell Sleeves,943,0.32
apparel-sample-data-2301820000,"[""purple""]","Discover this elegant purple blouse, crafted from soft crepe fabric. It features a classic round neckline, long sleeves, and a front button placket complemented by a sophisticated pointed collar. This versatile piece is perfect for both casual and formal settings.","{""lvl0"": ""apparel"", ""lvl1"": ""apparel > tops""}",75,tops,https://storage.googleapis.com/landingpage-al/91407779_0.jpg,"[""purple"", ""crepe"", ""petite"", ""blouse""]",true,Purple Long Sleeved Blouse,980,0.5
apparel-sample-data-2301818000,"[""blue""]","Discover effortless style with our navy blue peasant top, crafted from lightweight cotton for comfort and breathability. Featuring a relaxed boxy fit, long sleeves, and a V-neck with a playful drawstring detail at the neckline, this top complements casual outfits with ease.","{""lvl0"": ""apparel"", ""lvl1"": ""apparel > tops""}",45,tops,https://storage.googleapis.com/landingpage-al/91407754_0.jpg,"[""blue"", ""embroidered"", ""casual"", ""comfortable""]",true,Navy blue peasant top,892,0.97
apparel-sample-data-2301817000,"[""dark blue""]","Discover the perfect addition to your casual wardrobe with our dark blue three-quarter sleeve top. Designed with a flattering v-neckline and adorned with gold-colored metal grommets, this top pairs effortlessly with your favorite jeans or skirts. Crafted from a soft, stretchy fabric, it promises outstanding comfort throughout your day.","{""lvl0"": ""apparel"", ""lvl1"": ""apparel > tops""}",45,tops,https://storage.googleapis.com/landingpage-al/91407685_0.jpg,"[""blue"", ""grommet-trim"", ""casual"", ""comfortable""]",true,Dark Blue V-Neck Top with Grommet Trim,985,0.23
apparel-sample-data-2301809000,"[""white"", ""black""]","This stunning white lace-up top features a striking black belt at the waist, creating a flattering silhouette. The intricate lace-up front adds a touch of sophistication, making it an excellent choice for a stylish night out.","{""lvl0"": ""apparel"", ""lvl1"": ""apparel > tops""}",75,tops,https://storage.googleapis.com/landingpage-al/91406693_0.jpg,"[""multicolor"", ""corset"", ""fashionable"", ""chic""]",true,White Lace-Up Top with Black Belt,953,0.87
apparel-sample-data-2301803000,"[""gray"", ""white""]","Discover the perfect blend of comfort and style with our gray and white blouse. Featuring long sleeves, a flattering v-neckline, and crafted from sheer, flowy fabric, this piece offers effortless elegance. The light gray back includes a subtle slit, adding a touch of sophistication to your look.","{""lvl0"": ""apparel"", ""lvl1"": ""apparel > tops""}",45,tops,https://storage.googleapis.com/landingpage-al/91405251_1.jpg,"[""gray"", ""flowy"", ""v-neck"", ""sheer""]",true,Gray and White Flowy Blouse,890,0.11
apparel-sample-data-2301800000,"[""black"", ""white""]","Discover the charm of our bohemian-inspired black and white blouse, designed with a sophisticated lace collar and delicate ruffled trim. Featuring a high neckline and long sleeves with cuffs, this cotton blend fabric offers comfort and elegance, making it perfect for both casual and semi-formal occasions.","{""lvl0"": ""apparel"", ""lvl1"": ""apparel > tops""}",75,tops,https://storage.googleapis.com/landingpage-al/91404444_0.jpg,"[""bohemian"", ""flare"", ""lace""]",true,Bohemian Black and White Blouse,875,0.31
apparel-sample-data-2301795000,"[""light gray""]","Discover comfort with our light gray turtleneck top, crafted from a soft and stretchy blend of cotton and polyester. Featuring long sleeves and a snug high neckline, this top is designed to fit closely to the body, accentuating your silhouette while providing warmth and style for any casual outing.","{""lvl0"": ""apparel"", ""lvl1"": ""apparel > tops""}",45,tops,https://storage.googleapis.com/landingpage-al/91401831_0.jpg,"[""high-neck"", ""ribbed"", ""comfortable"", ""casual""]",true,Light Gray Turtleneck Top,892,0.31
apparel-sample-data-2301790000,"[""white""]","Discover comfort and style with our white sheer long sleeve t-shirt. Crafted from lightweight, breathable fabric, this shirt features a relaxed fit and is ideal for warm weather. Available in various sizes to accommodate diverse body types.","{""lvl0"": ""apparel"", ""lvl1"": ""apparel > tops""}",35,tops,https://storage.googleapis.com/landingpage-al/91399839_0.jpg,"[""breathable"", ""lightweight"", ""relaxed fit"", ""versatile""]",true,White Sheer Long Sleeve T-shirt,987,0.32
apparel-sample-data-2301787000,"[""gray""]","Discover the perfect blend of comfort and style with our gray loose fit sweater. Designed with long sleeves and a relaxed silhouette, it drapes effortlessly, making it an ideal layering piece for any occasion.","{""lvl0"": ""apparel"", ""lvl1"": ""apparel > tops""}",45,tops,https://storage.googleapis.com/landingpage-al/91398808_0.jpg,"[""gray"", ""long sleeve"", ""tunic"", ""comfortable""]",true,Gray Loose Fit Sweater,982,0.32
apparel-sample-data-2301784000,"[""pink"", ""white""]","Discover a stylish addition to your wardrobe with our long sleeve tee in pink and white. This top features a high neck and a relaxed fit, highlighted by a striking twisted front and playful ruffled edges, blending comfort and fashion effortlessly.","{""lvl0"": ""apparel"", ""lvl1"": ""apparel > tops""}",45,tops,https://storage.googleapis.com/landingpage-al/91397465_0.jpg,"[""multicolor"", ""casual"", ""long sleeve"", ""unique design""]",true,Unique Long Sleeve Tee,900,0.76
apparel-sample-data-2301781000,"[""black"", ""white"", ""pink""]","Discover this stylish zebra print top featuring a high mock neck and elegant three-quarter length sleeves. Crafted from stretchy knit material, it provides a comfortable fit with a convenient front zipper closure. With its bold combination of black, white, and pink, this top is perfect for making a fashionable statement.","{""lvl0"": ""apparel"", ""lvl1"": ""apparel > tops""}",45,tops,https://storage.googleapis.com/landingpage-al/91396795_0.jpg,"[""zebra-print"", ""mock-neck"", ""multicolor"", ""comfortable""]",true,Zebra Print Mock-Neck Top,876,0.63
apparel-sample-data-2301776000,"[""gray""]","Discover the perfect blend of comfort and style with our gray long sleeve top. Crafted from soft knit material, this piece features a round neckline and a relaxed fit, making it ideal for pairing with high-waisted skirts or trousers. The dark gray hue adds a touch of sophistication to your casual wardrobe.","{""lvl0"": ""apparel"", ""lvl1"": ""apparel > tops""}",45,tops,https://storage.googleapis.com/landingpage-al/91395484_0.jpg,"[""multicolor"", ""basic"", ""comfortable"", ""versatile""]",true,Gray Long Sleeve Top,980,0.99
apparel-sample-data-2301772000,"[""pink""]","Discover the charm of our pink lace off the shoulder top, designed with a beautifully sheer material and intricate lace details. The high neckline and flowing design make it a captivating addition to your wardrobe, perfect for both casual outings and special occasions.","{""lvl0"": ""clothing"", ""lvl1"": ""clothing > tops""}",75,tops,https://storage.googleapis.com/landingpage-al/91392578_1.jpg,"[""lace"", ""sheer"", ""elegant""]",true,Pink Lace Off the Shoulder Top,950,0.8
apparel-sample-data-2301752000,"[""beige""]","Discover comfort and style with our beige loose-fitting long-sleeved top. Crafted from soft crepe fabric, it features a round neckline and a stylish front slit, making it an ideal choice for casual outings or relaxed days at home.","{""lvl0"": ""apparel"", ""lvl1"": ""apparel > tops""}",45,tops,https://storage.googleapis.com/landingpage-al/91390677_0.jpg,"[""natural"", ""v-neck"", ""crepe"", ""casual""]",true,Beige Loose-Fitting Long-Sleeved Top,980,0.71
apparel-sample-data-2301745000,"[""mustard"", ""multi-color""]","Discover comfort and style with our mustard-colored floral print blouse. Designed with a relaxed fit, it features a v-neckline and long, flowy sleeves, making it an ideal choice for casual outings. The soft fabric ensures all-day comfort while adding a touch of vibrancy to your wardrobe.","{""lvl0"": ""apparel"", ""lvl1"": ""apparel > tops""}",45,tops,https://storage.googleapis.com/landingpage-al/91390328_0.jpg,"[""floral"", ""casual"", ""flowy""]",true,Mustard Floral Print Blouse,982,0.66
apparel-sample-data-2301740000,"[""black"", ""grey""]","Discover the perfect blend of style and comfort with our black and grey mesh top. Crafted from a soft knit material, this top features a relaxed fit and unique mesh design, making it an ideal choice for effortless layering in any casual setting.","{""lvl0"": ""apparel"", ""lvl1"": ""apparel > tops""}",45,tops,https://storage.googleapis.com/landingpage-al/91389798_0.jpg,"[""black"", ""long-sleeve"", ""mesh"", ""casual""]",true,Black and Grey Mesh Top,980,0.55
apparel-sample-data-2301731000,"[""red"", ""mustard""]","Discover comfort and style with our cold shoulder top, featuring a vibrant red design complemented by a soft blend of cotton and polyester. This loose-fitting top showcases a wide neckline and long sleeves cut at the shoulder, making it perfect for relaxed outings or casual gatherings.","{""lvl0"": ""apparel"", ""lvl1"": ""apparel > tops""}",45,tops,https://storage.googleapis.com/landingpage-al/91389069_0.jpg,"[""multicolor"", ""flowy"", ""casual"", ""off-shoulder""]",true,Red and Mustard Cold Shoulder Top,980,0.27
apparel-sample-data-2301729000,"[""black""]","Discover the perfect blend of comfort and style with this black crop top from Calvin Klein. Crafted from a stretchy material, it features a flattering round neckline and a striking silver logo on the front that adds a modern touch. Ideal for pairing with high-waisted jeans for a fashionable look.","{""lvl0"": ""apparel"", ""lvl1"": ""apparel > tops""}",45,tops,https://storage.googleapis.com/landingpage-al/91388787_0.jpg,"[""black"", ""cropped"", ""casual"", ""trendy""]",true,Calvin Klein Black Crop Top,875,0.63
apparel-sample-data-2301725000,"[""green""]","Discover comfort and style with our green flowy tunic top, featuring a fashionable high-low hemline and an airy, loose fit. Perfectly paired with leggings or jeans for a relaxed yet chic look.","{""lvl0"": ""apparel"", ""lvl1"": ""apparel > tops""}",45,tops,https://storage.googleapis.com/landingpage-al/91388315_0.jpg,"[""multicolor"", ""batwing"", ""chiffon"", ""casual""]",true,Green flowy tunic top,987,0.58
apparel-sample-data-2301721000,"[""black""]","Discover the allure of our black lace top, designed with a high neckline and elegant wide collar. This chic piece features a stylish silver buckle and a delicate crocheted lace, perfect for pairing with your favorite jeans and accessories for a sophisticated look.","{""lvl0"": ""apparel"", ""lvl1"": ""apparel > tops""}",75,tops,https://storage.googleapis.com/landingpage-al/91387881_0.jpg,"[""lace-paneled"", ""semi-sheer"", ""elegant""]",true,Black Lace Top with High Neckline,890,0.56
apparel-sample-data-2301716000,"[""black""]","Discover effortless style with our black oversized long-sleeved top. Crafted from a stretchy modal blend, this top features a rounded neckline and a chic silver zipper at the front, complemented by a subtle slit at the back. Perfect for layering, its loose fit offers comfort and versatility for any casual ensemble.","{""lvl0"": ""apparel"", ""lvl1"": ""apparel > tops""}",45,tops,https://storage.googleapis.com/landingpage-al/91386789_0.jpg,"[""black"", ""oversized"", ""layering"", ""comfortable""]",true,Black Oversized Long-Sleeved Top,982,0.64
apparel-sample-data-2301714000,"[""purple""]","Discover the charm of our purple twist front sweater, crafted from stretchy knit material for a comfortable fit. This cropped design features a flattering v-neckline and long sleeves, making it an ideal choice for both casual outings and layered styling.","{""lvl0"": ""apparel"", ""lvl1"": ""apparel > tops""}",65,tops,https://storage.googleapis.com/landingpage-al/91386583_0.jpg,"[""ribbed"", ""wrapover"", ""casual""]",true,Purple Twist Front Sweater,890,0.9
apparel-sample-data-2301713000,"[""maroon""]","Discover the charm of our maroon ruffled neckline top, crafted from cozy knit fabric. This stylish piece features a crew neckline adorned with delicate ruffles, adding a touch of sophistication to any outfit. Perfectly paired with dark bottoms for a classic look.","{""lvl0"": ""apparel"", ""lvl1"": ""apparel > tops""}",45,tops,https://storage.googleapis.com/landingpage-al/91386421_0.jpg,"[""knitted"", ""ruffled"", ""elegant""]",true,Maroon Ruffled Neckline Top,970,0.53
apparel-sample-data-2301712000,"[""white""]","Discover the unique charm of our white one-shoulder top, featuring elegant ruffled detailing that adds a modern twist to a classic silhouette. Crafted from a comfortable stretch cotton blend, this top is perfect for both casual outings and more stylish events.","{""lvl0"": ""apparel"", ""lvl1"": ""apparel > tops""}",70,tops,https://storage.googleapis.com/landingpage-al/91386407_0.jpg,"[""multicolor"", ""one-shoulder"", ""stretch"", ""cotton-blend"", ""unique""]",true,White One-Shoulder Ruffled Top,890,0.22
apparel-sample-data-2301704000,"[""blue""]","Discover a stylish addition to your wardrobe with our blue cut-out v-neck tunic. Crafted from shiny material, this top features a relaxed fit and a distinctive cut-out detail, making it perfect for both casual outings and dressier events.","{""lvl0"": ""apparel"", ""lvl1"": ""apparel > tops""}",45,tops,https://storage.googleapis.com/landingpage-al/91384525_0.jpg,"[""blue"", ""cut-out"", ""comfortable"", ""tunic""]",true,Blue Cut-Out V-Neck Tunic,890,0.84
apparel-sample-data-2301697000,"[""black""]","Discover contemporary style with our black ribbed v-neck top, featuring a chic cut-out detail on the shoulder. Crafted from stretchy knit fabric, this top effortlessly combines comfort with modern design, ideal for elevating your everyday wardrobe.","{""lvl0"": ""apparel"", ""lvl1"": ""apparel > tops""}",45,tops,https://storage.googleapis.com/landingpage-al/91383238_0.jpg,"[""black"", ""ribbed"", ""v-neck"", ""trendy""]",true,Black Ribbed V-Neck Top,890,0.06
apparel-sample-data-2301690000,"[""white"", ""black""]","Discover the stylish blend of comfort and elegance in our off-the-shoulder top. Featuring a unique design with a crisp white base accented by bold black details, this piece combines the cozy feel of a sweater with the trendy silhouette of a crop top, perfect for any casual outing.","{""lvl0"": ""apparel"", ""lvl1"": ""apparel > tops""}",45,tops,https://storage.googleapis.com/landingpage-al/91380247_0.jpg,"[""off-the-shoulder"", ""sweater"", ""crop""]",true,Off-the-Shoulder Top,980,0.52
apparel-sample-data-2301671000,"[""black"", ""white""]","Discover the perfect blend of style and comfort with our black and white striped long sleeved top. Featuring a high neckline and elegant long sleeves, this versatile piece is ideal for both casual outings and chic ensembles. A stylish choice for year-round wear.","{""lvl0"": ""apparel"", ""lvl1"": ""apparel > tops""}",45,tops,https://storage.googleapis.com/landingpage-al/91377124_0.jpg,"[""black"", ""striped"", ""cutout-back"", ""chic""]",true,Black and White Striped Long Sleeved Top,987,0.88
apparel-sample-data-2301666000,"[""navy blue""]","Embrace a relaxed style with our navy blue floral peasant top. This piece features a loose fit, adorned with a vibrant floral pattern of red, blue, and pink flowers complemented by lush green leaves. A front button placket adds charm, all crafted from soft, breathable fabric for all-day comfort.","{""lvl0"": ""apparel"", ""lvl1"": ""apparel > tops""}",45,tops,https://storage.googleapis.com/landingpage-al/91376114_0.jpg,"[""floral"", ""bohemian"", ""comfortable""]",true,Navy Blue Floral Peasant Top,876,0.73
apparel-sample-data-2301665000,"[""black"", ""white""]","Discover a stylish statement with our black and white striped shirt, featuring the inspiring phrase 'slow life'. Perfect for casual wear, this long-sleeved top blends comfort and contemporary design effortlessly.","{""lvl0"": ""apparel"", ""lvl1"": ""apparel > tops""}",45,tops,https://storage.googleapis.com/landingpage-al/91375997_0.jpg,"[""striped"", ""casual"", ""graphic""]",true,Black and White Striped Shirt,890,0.96
apparel-sample-data-2301659000,"[""black"", ""white""]","Discover a unique blend of style and comfort with our black and white long sleeve top. Crafted from a soft cotton blend, this tunic features an eye-catching diamond pattern with contrasting outlines. Its flowy fit ensures ease of movement, making it a versatile addition to your wardrobe, perfect for both casual outings and relaxed evenings.","{""lvl0"": ""apparel"", ""lvl1"": ""apparel > tops""}",45,tops,https://storage.googleapis.com/landingpage-al/91373712_0.jpg,"[""multicolor"", ""casual"", ""stylish"", ""long-sleeve""]",true,Black and White Diamond Pattern Long Sleeve Top,892,0.36
apparel-sample-data-2301658000,"[""white""]","Discover the charm of our white flowy shirt, designed with a button-down front and a high, rounded neckline. Crafted from soft, stretchy material, this long-sleeved top offers a loose fit that enhances comfort and style. The rounded hemline falls just above the hips, making it perfect for casual, everyday wear.","{""lvl0"": ""apparel"", ""lvl1"": ""apparel > tops""}",65,tops,https://storage.googleapis.com/landingpage-al/91373494_0.jpg,"[""casual"", ""soft"", ""comfortable"", ""long-sleeved""]",true,Graham & Spencer White Flowy Shirt,875,0.28
apparel-sample-data-2301645000,"[""pink"", ""peach""]","Discover the charm of our elegant pink cold-shoulder blouse, beautifully designed with a crocheted top and delicate lace trim. This blouse features long ruffled sleeves and an off-the-shoulder neckline that exudes a relaxed yet stylish vibe. Perfect for both casual outings and special occasions.","{""lvl0"": ""apparel"", ""lvl1"": ""apparel > tops""}",45,tops,https://storage.googleapis.com/landingpage-al/91369438_0.jpg,"[""embroidered"", ""open-shoulder"", ""elegant"", ""fashionable""]",true,Elegant Pink Cold-Shoulder Blouse,890,0.48
apparel-sample-data-2301643000,"[""white"", ""black""]","Discover the perfect blend of sophistication and casual style with our white shirt featuring a classic black collar. Designed with a front button and a convenient pocket on the left side, this versatile top is ideal for both everyday wear and more polished occasions. Whether paired with jeans or dressed up with a belt, it showcases effortless charm.","{""lvl0"": ""apparel"", ""lvl1"": ""apparel > tops""}",45,tops,https://storage.googleapis.com/landingpage-al/91369143_0.jpg,"[""blue"", ""elegant"", ""casual""]",true,White Shirt with Black Collar,950,0.85
apparel-sample-data-2301637000,"[""pink""]","Embrace a chic and stylish look with our pink off-the-shoulder top. Designed with ruffled sleeves and crafted from stretchy material, it features a fitted silhouette that flatters your figure, making it a perfect choice for both casual and dressy occasions.","{""lvl0"": ""apparel"", ""lvl1"": ""apparel > tops""}",55,tops,https://storage.googleapis.com/landingpage-al/91367874_0.jpg,"[""pink"", ""ruffle sleeves"", ""fitted"", ""off-shoulder""]",true,Pink Off-the-Shoulder Top,978,0.63
apparel-sample-data-2301634000,"[""light blue""]","Embrace a casual chic look with our light blue denim off-the-shoulder top. Featuring a relaxed fit and drawstring waist, this versatile piece is perfect for effortless style on sunny days.","{""lvl0"": ""apparel"", ""lvl1"": ""apparel > tops""}",45,tops,https://storage.googleapis.com/landingpage-al/91366999_0.jpg,"[""blue"", ""chambray"", ""off-shoulder"", ""casual""]",true,Light Blue Denim Off-the-Shoulder Top,934,0.47
apparel-sample-data-2301626000,"[""black"", ""white"", ""pink"", ""blue"", ""green""]","Embrace a refreshing style with our floral printed blouse. Designed with a black and white color scheme, this blouse features an array of pink, blue, and green flowers. Its loose fit and lightweight fabric make it perfect for warm weather, while the button-down collar and long sleeves add a touch of sophistication to your casual look.","{""lvl0"": ""clothing"", ""lvl1"": ""clothing > tops""}",45,tops,https://storage.googleapis.com/landingpage-al/91365987_0.jpg,"[""floral"", ""lightweight"", ""casual"", ""stylish""]",true,Floral Printed Blouse,890,0.53
apparel-sample-data-2301625000,"[""black""]","Introducing our exquisite black silk blouse, designed with a cowl neckline and elegant long sleeves. Crafted from soft, flowing material, this blouse features a relaxed fit for ultimate comfort, making it a stylish choice for both casual and formal occasions. The slightly off-center cowl adds a distinctive flair, ensuring you stand out beautifully.","{""lvl0"": ""clothing"", ""lvl1"": ""clothing > tops""}",85,tops,https://storage.googleapis.com/landingpage-al/91365955_0.jpg,"[""silk"", ""long-sleeve"", ""relaxed-fit"", ""elegant""]",true,Black Silk Blouse,1024,0.59
apparel-sample-data-2301619000,"[""black""]","Discover the versatility of our black long sleeve t-shirt, crafted from stretchy material for a comfortable fit. Featuring a round neckline and a relaxed silhouette, this piece effortlessly transitions from casual outings to loungewear at home.","{""lvl0"": ""apparel"", ""lvl1"": ""apparel > tops""}",45,tops,https://storage.googleapis.com/landingpage-al/91365429_0.jpg,"[""black"", ""long sleeve"", ""casual""]",true,Black Long Sleeve T-Shirt,980,0.92
apparel-sample-data-2301617000,"[""blue"", ""white"", ""black""]","Discover the perfect blend of comfort and style with our Blue Plaid Flannel Shirt. Tailored with a button-down collar and long sleeves, this loose-fitting top is crafted from soft materials, making it ideal for casual outings or relaxed weekends.","{""lvl0"": ""apparel"", ""lvl1"": ""apparel > tops""}",45,tops,https://storage.googleapis.com/landingpage-al/91365246_0.jpg,"[""comfortable"", ""plaid"", ""casual""]",true,Blue Plaid Flannel Shirt,984,0.85
apparel-sample-data-2301612000,"[""white""]","Discover the perfect blend of style and comfort with our white relaxed fit t-shirt, featuring a unique black asymmetrical hemline and a classic crew neckline. Crafted from a soft cotton blend, this contemporary piece is designed for effortless styling, ideal for casual layering.","{""lvl0"": ""apparel"", ""lvl1"": ""apparel > tops""}",35,tops,https://storage.googleapis.com/landingpage-al/91364569_0.jpg,"[""white"", ""heathered"", ""contemporary"", ""relaxed fit""]",true,White Relaxed Fit T-Shirt,876,0.13
apparel-sample-data-2301611000,"[""dark grey""]","Discover the perfect blend of comfort and style with our dark grey wrap top. Crafted from a soft cotton blend, this long-sleeved top features a flattering v-neckline and a relaxed fit, making it ideal for versatile layering and effortless styling.","{""lvl0"": ""clothing"", ""lvl1"": ""clothing > tops""}",45,tops,https://storage.googleapis.com/landingpage-al/91364097_0.jpg,"[""multicolor"", ""soft"", ""versatile"", ""layering""]",true,Dark Grey Wrap Top,987,0.84
apparel-sample-data-2301583000,"[""white""]","Discover the charm of our white blouse featuring a delicate lace collar and intricate crocheted front. Crafted from lightweight material, this bohemian-style top beautifully combines elegance and artistry, making it a perfect addition to your wardrobe for any occasion.","{""lvl0"": ""apparel"", ""lvl1"": ""apparel > tops""}",75,tops,https://storage.googleapis.com/landingpage-al/91357834_0.jpg,"[""embroidered"", ""bohemian"", ""elegant"", ""lightweight""]",true,White Bohemian Blouse,932,0.91
apparel-sample-data-2301580000,"[""black""]","Discover the elegance of our black lace top, featuring an intricate design and a stylish ruffled neckline. This versatile piece combines classic and modern elements, crafted from stretchy material for comfort. Perfect for pairing with various bottoms, it adds a touch of femininity to any outfit.","{""lvl0"": ""apparel"", ""lvl1"": ""apparel > tops""}",75,tops,https://storage.googleapis.com/landingpage-al/91357475_0.jpg,"[""black"", ""flounced"", ""lace"", ""versatile""]",true,Black Lace Top,983,0.61
apparel-sample-data-2301578000,"[""white""]","Discover our white lace-up top featuring a sophisticated high neckline and long sleeves. Crafted from soft cotton with a ribbed texture, this top is designed with a sheer lace-up detail that elegantly ties at the front, complemented by a delicate black button at the neckline. Perfect for any casual or semi-formal occasion.","{""lvl0"": ""apparel"", ""lvl1"": ""apparel > tops""}",75,tops,https://storage.googleapis.com/landingpage-al/91357184_0.jpg,"[""embroidered"", ""cotton"", ""elegant""]",true,White Lace-Up Top,980,0.97
apparel-sample-data-2301577000,"[""blue""]","Discover the charm of our deep blue long-sleeved top featuring a stylish cowl neckline. Crafted from a soft, knit material, this top offers a relaxed fit that drapes beautifully, making it a versatile choice for casual outings or chic layered looks.","{""lvl0"": ""apparel"", ""lvl1"": ""apparel > tops""}",45,tops,https://storage.googleapis.com/landingpage-al/91356923_0.jpg,"[""blue"", ""asymmetric"", ""flowy"", ""casual""]",true,Deep Blue Flowy Top,947,0.49
apparel-sample-data-2301571000,"[""black"", ""white""]","Discover the chic sophistication of our black lace top, beautifully accented with a delicate crochet design. This stylish piece features a round neckline and long sleeves, offering a loose and comfortable fit that's perfect for any occasion.","{""lvl0"": ""apparel"", ""lvl1"": ""apparel > tops""}",75,tops,https://storage.googleapis.com/landingpage-al/91356218_0.jpg,"[""crochet-inset"", ""stylish"", ""black""]",true,Black Lace Top with Crochet Design,987,0.17
apparel-sample-data-2301565000,"[""black""]","Discover the perfect blend of style and comfort with our black lace long sleeve top. Crafted from soft, stretchy nylon, this piece features an elegant v-neck design and shiny lace accents, making it a versatile addition to any wardrobe. Pair it effortlessly with a variety of bottoms for a chic look.","{""lvl0"": ""apparel"", ""lvl1"": ""apparel > tops""}",75,tops,https://storage.googleapis.com/landingpage-al/91355212_0.jpg,"[""black"", ""lace"", ""v-neck"", ""fitted""]",true,Black Lace Long Sleeve Top,897,0.49
apparel-sample-data-2301561000,"[""white"", ""red""]","This white blouse with red-striped sleeves offers a stylish yet casual aesthetic. Designed with a chic collar and a convenient front zipper, it is crafted from lightweight fabric, making it an ideal choice for comfortable everyday wear.","{""lvl0"": ""apparel"", ""lvl1"": ""apparel > tops""}",45,tops,https://storage.googleapis.com/landingpage-al/91354079_2.jpg,"[""casual"", ""lightweight"", ""striped"", ""everyday""]",true,White Striped Blouse,897,0.53
apparel-sample-data-2301550000,"[""purple""]","Discover the charm of our Purple Faux-Wrap Long Sleeve Top, designed with a flattering v-neckline and crafted from a stretchy knit fabric for optimal comfort. This stylish piece drapes beautifully over the shoulders, perfect for both casual and dressy occasions.","{""lvl0"": ""clothing"", ""lvl1"": ""clothing > tops""}",45,tops,https://storage.googleapis.com/landingpage-al/91352564_0.jpg,"[""purple"", ""plus size"", ""faux-wrap"", ""jersey"", ""comfortable""]",true,Purple Faux-Wrap Long Sleeve Top,987,0.62
apparel-sample-data-2301547000,"[""pink""]","Discover the perfect blend of comfort and style with our pink off-the-shoulder long sleeved top. Crafted from stretchy knit material, this top features a flattering high-low hemline and a relaxed fit, making it an ideal choice for both casual outings and stylish gatherings.","{""lvl0"": ""clothing"", ""lvl1"": ""clothing > tops""}",45,tops,https://storage.googleapis.com/landingpage-al/91352085_0.jpg,"[""contemporary"", ""ribbed"", ""casual""]",true,Pink Off-the-Shoulder Long Sleeved Top,980,0.47
apparel-sample-data-2301546000,"[""blue""]","Discover comfort and style with our blue long sleeve performance top. Crafted from stretchy material, this shirt features a unique black design on the front and a flattering rounded neckline, making it ideal for both active wear and casual outings.","{""lvl0"": ""apparel"", ""lvl1"": ""apparel > tops""}",45,tops,https://storage.googleapis.com/landingpage-al/91351950_0.jpg,"[""blue"", ""pleated"", ""performance"", ""comfortable""]",true,Blue Long Sleeve Performance Top,987,0.61
apparel-sample-data-2301544000,"[""black""]","Discover the sophistication of our chic black blouse, featuring a v-neckline and a stylish tie at the waist. Crafted from a lustrous satin material, this blouse showcases a beautiful bow with a silver buckle, perfect for elevating any wardrobe. Long sleeves complete the look, making it an ideal choice for both casual and formal occasions.","{""lvl0"": ""apparel"", ""lvl1"": ""apparel > tops""}",75,tops,https://storage.googleapis.com/landingpage-al/91351574_0.jpg,"[""black"", ""modern"", ""chic"", ""satin""]",true,Chic Black Blouse with White Belt,980,0.53
apparel-sample-data-2301542000,"[""dark brown"", ""light brown""]","Discover the charm of our Brown Bell Sleeve Top, designed for comfort and style. Crafted from soft fabric, this relaxed-fit shirt features elegant bell sleeves in a lighter shade of brown and a classic round neckline. Perfect for versatile styling, it effortlessly complements both casual and chic looks.","{""lvl0"": ""apparel"", ""lvl1"": ""apparel > tops""}",45,tops,https://storage.googleapis.com/landingpage-al/91351450_0.jpg,"[""multicolor"", ""ruffle"", ""casual""]",true,Brown Bell Sleeve Top,890,0.56
apparel-sample-data-2301539000,"[""black""]","Discover a staple for your wardrobe with our black turtleneck top, designed for both comfort and style. Featuring a high round neckline and long sleeves, this piece is crafted from stretchy material for a fitted look. With subtle gathering at the front, it serves as a versatile option that can seamlessly transition from casual to formal settings.","{""lvl0"": ""apparel"", ""lvl1"": ""apparel > tops""}",45,tops,https://storage.googleapis.com/landingpage-al/91350947_0.jpg,"[""black"", ""mock neck"", ""versatile"", ""stretchy""]",true,Black Turtleneck Top,890,0.97
apparel-sample-data-2301537000,"[""black""]","Discover the sophisticated allure of our black faux-wrap top, designed with a flattering v-neckline and long sleeves adorned with ruched detailing. Crafted from stretchy jersey material, this versatile top offers both comfort and style, ideal for dressing up or down.","{""lvl0"": ""apparel"", ""lvl1"": ""apparel > tops""}",75,tops,https://storage.googleapis.com/landingpage-al/91350791_0.jpg,"[""faux-wrap"", ""jersey"", ""elegant""]",true,Black Faux-Wrap Top,890,0.6
apparel-sample-data-2301533000,"[""black""]","Discover ultimate comfort with our black long sleeve top, designed with a built-in bra for exceptional support during your workouts. Crafted from moisture-wicking material and featuring a breathable mesh panel at the back, this top is perfect for keeping you cool and focused whether you're hitting the gym or enjoying outdoor activities.","{""lvl0"": ""apparel"", ""lvl1"": ""apparel > tops""}",45,tops,https://storage.googleapis.com/landingpage-al/91349610_0.jpg,"[""black"", ""pleated"", ""activewear"", ""moisture-wicking""]",true,Black Moisture-Wicking Long Sleeve Top,980,0.78
apparel-sample-data-2301530000,"[""gray"", ""white""]","Discover the comfort of our gray and white long sleeve top, crafted from a cozy fabric blend for ultimate relaxation. Its round neckline and loose fit create a stylish silhouette, making it a perfect choice for sleepwear or casual lounging. The contemporary gray and white color scheme ensures you'll look effortlessly chic, whether you're at home or out.","{""lvl0"": ""apparel"", ""lvl1"": ""apparel > tops""}",45,tops,https://storage.googleapis.com/landingpage-al/91349052_0.jpg,"[""relaxed fit"", ""sleepwear"", ""soft fabric"", ""modern""]",true,Gray and White Long Sleeve Top,875,0.63
apparel-sample-data-2301528000,"[""white""]","Discover a chic addition to your wardrobe with our white cut-out high-neck top. Featuring elegant cut-out details on the shoulders and crafted from stretchy material, this top offers both style and comfort with a relaxed fit, making it perfect for various occasions.","{""lvl0"": ""clothing"", ""lvl1"": ""clothing > tops""}",45,tops,https://storage.googleapis.com/landingpage-al/91348055_0.jpg,"[""high-neck"", ""cold-shoulder"", ""versatile""]",true,White Cut-Out High-Neck Top,980,0.16
apparel-sample-data-2301526000,"[""mustard yellow""]","Discover our mustard yellow long-sleeved button-down shirt designed for comfort and style. Crafted from a soft, breathable fabric, this collared shirt features a relaxed fit and rounded collar, making it perfect for warm weather. Versatile enough for casual outings or more polished events, this shirt adapts to any occasion effortlessly.","{""lvl0"": ""apparel"", ""lvl1"": ""apparel > tops""}",45,tops,https://storage.googleapis.com/landingpage-al/91347851_0.jpg,"[""multicolor"", ""woven"", ""versatile"", ""lightweight""]",true,Mustard Yellow Button-Down Shirt,950,0.61
apparel-sample-data-2301525000,"[""light ivory""]","Discover the perfect blend of comfort and style with our Light Ivory Ribbed Knitted Sweater. This long-sleeved top features a classic crew neckline and is crafted from a soft, stretchy material that allows for ease of movement. Its ribbed texture adds a touch of sophistication, making it an excellent choice for layering or wearing solo. Ideal for pairing with a variety of outfits, this versatile sweater is a must-have for any wardrobe.","{""lvl0"": ""apparel"", ""lvl1"": ""apparel > tops""}",45,tops,https://storage.googleapis.com/landingpage-al/91347747_0.jpg,"[""ribbed"", ""comfortable"", ""versatile""]",true,Light Ivory Ribbed Knitted Sweater,980,0.15
apparel-sample-data-2301516000,"[""white""]","Discover the perfect blend of comfort and style with our white turtleneck top. Crafted from soft, smooth fabric that may include cotton, this top features a long, high neckline, embodying a chic and timeless aesthetic suitable for various outfits. Its simple yet elegant design makes it an essential addition to your wardrobe for a variety of occasions.","{""lvl0"": ""apparel"", ""lvl1"": ""apparel > tops""}",45,tops,https://storage.googleapis.com/landingpage-al/91343895_0.jpg,"[""multicolor"", ""brushed"", ""casual"", ""elegant""]",true,White Turtleneck Top,879,0.38
apparel-sample-data-2301513000,"[""brown"", ""khaki""]","Discover the perfect blend of comfort and style with our brown ribbed tunic. Crafted from stretchy material, this v-neck shirt is designed to provide a flattering fit. Ideal as a versatile piece, it pairs seamlessly with a variety of bottoms for any occasion.","{""lvl0"": ""apparel"", ""lvl1"": ""apparel > tops""}",45,tops,https://storage.googleapis.com/landingpage-al/91343103_0.jpg,"[""multicolor"", ""khaki"", ""ribbed"", ""versatile""]",true,Brown Ribbed V-Neck Tunic,920,0.15
apparel-sample-data-2301510000,"[""grey"", ""white"", ""red"", ""black""]","Discover the charm of our floral print wrap blouse, featuring a delicate grey and white floral pattern complemented by vibrant red and black accents on the sleeves. Crafted from lightweight material, this blouse offers a comfortable loose fit, complete with a stylish tie at the front and a button closure at the neck, making it a versatile choice for any casual outing.","{""lvl0"": ""apparel"", ""lvl1"": ""apparel > tops""}",75,tops,https://storage.googleapis.com/landingpage-al/91342223_1.jpg,"[""floral"", ""multicolor"", ""lightweight"", ""wrap design""]",true,Floral Print Wrap Blouse,890,0.25
apparel-sample-data-2301504000,"[""black"", ""white""]","Discover the charm of our Black and White Ruffled Blouse. This stylish piece features a sheer black top adorned with a delicate lace overlay, complemented by a playful ruffled hem. The long sleeves with lace cuffs enhance its elegance, while the loose fit and round neckline offer comfort and versatility for various occasions.","{""lvl0"": ""apparel"", ""lvl1"": ""apparel > tops""}",75,tops,https://storage.googleapis.com/landingpage-al/91340501_0.jpg,"[""black"", ""silk"", ""lace"", ""elegant""]",true,Black and White Ruffled Blouse,903,0.68
apparel-sample-data-2301501000,"[""brown"", ""green""]","Discover the charm of our multicolor high-low shirt, designed with a relaxed fit for ultimate comfort. This stylish top features a round neckline and long sleeves, complemented by a unique lace-up detail at the back. Crafted from soft materials, it offers a perfect blend of casual and chic, making it a versatile addition to your wardrobe.","{""lvl0"": ""apparel"", ""lvl1"": ""apparel > tops""}",45,tops,https://storage.googleapis.com/landingpage-al/91339677_0.jpg,"[""multicolor"", ""lace-up"", ""back detail"", ""fashionable"", ""comfortable""]",true,Multicolor high-low shirt,987,0.26
apparel-sample-data-2301500000,"[""purple"", ""red"", ""pink""]","Discover the charm of our multicolored bell sleeve sweater. Crafted from soft knit material, it features a relaxed fit and striking bell-shaped sleeves with a ruffled edge. Perfect for adding a playful touch to your everyday wardrobe, this vibrant piece combines shades of purple, red, and pink for a unique look.","{""lvl0"": ""apparel"", ""lvl1"": ""apparel > tops""}",75,tops,https://storage.googleapis.com/landingpage-al/91339130_0.jpg,"[""off-the-shoulder"", ""multicolored"", ""bohemian""]",true,Multicolored Bell Sleeve Sweater,987,0.76
apparel-sample-data-2301496000,"[""ivory""]","Discover the perfect blend of comfort and style with our ivory ribbed longline top. Crafted from stretchy material, this t-shirt features a flattering round neckline and a relaxed fit, making it an ideal choice for casual wear with jeans or leggings.","{""lvl0"": ""apparel"", ""lvl1"": ""apparel > tops""}",45,tops,https://storage.googleapis.com/landingpage-al/91338504_0.jpg,"[""casual"", ""comfortable"", ""maternity"", ""ribbed""]",true,Ivory Ribbed Longline Top,890,0.28
apparel-sample-data-2301494000,"[""white"", ""black""]","This stunning white lace top features a sophisticated high neckline and long sleeves, adorned with a delicate black lace overlay. The sheer lace showcases an exquisite pattern while a sleek silver zipper at the front adds a modern touch. Perfectly styled with a black lace-up belt for a chic silhouette.","{""lvl0"": ""apparel"", ""lvl1"": ""apparel > tops""}",75,tops,https://storage.googleapis.com/landingpage-al/91338376_0.jpg,"[""black"", ""lace"", ""contemporary"", ""elegant""]",true,White Lace Top with Black Overlay,987,0.54
apparel-sample-data-2301485000,"[""multicolor""]","Embrace summer vibes with our floral print long sleeve cover-up. Crafted from lightweight material, this stylish piece features a vibrant blend of bright and pastel colors, showcasing an enchanting mix of white and pink flowers combined with lush greenery. Its loose fit makes it the perfect addition to your beach attire, effortlessly worn over a swimsuit.","{""lvl0"": ""apparel"", ""lvl1"": ""apparel > tops""}",45,tops,https://storage.googleapis.com/landingpage-al/91336623_0.jpg,"[""multicolor"", ""v-neck"", ""tunic"", ""beachwear""]",true,Floral Print Long Sleeve Cover-Up,876,0.89
apparel-sample-data-2301480000,"[""mustard yellow""]","This mustard yellow long sleeve top features a relaxed fit and a classic round neckline, making it a versatile addition to your wardrobe. Perfect for layering or wearing on its own, this top combines comfort with chic style.","{""lvl0"": ""apparel"", ""lvl1"": ""apparel > tops""}",45,tops,https://storage.googleapis.com/landingpage-al/91335825_0.jpg,"[""multicolor"", ""pintuck"", ""pleat"", ""long sleeve"", ""casual""]",true,Mustard Yellow Long Sleeve Top,890,0.04
apparel-sample-data-2301473000,"[""black"", ""white""]","Discover the perfect blend of comfort and style with our star pattern v-neck shirt. Crafted from stretchy material, this black and white top features a unique design of small black dots against a white background, making it a standout choice for casual outings.","{""lvl0"": ""clothing"", ""lvl1"": ""clothing > tops""}",45,tops,https://storage.googleapis.com/landingpage-al/91334555_0.jpg,"[""multicolor"", ""print"", ""casual""]",true,Star Pattern V-Neck Shirt,890,0.13
apparel-sample-data-2301471000,"[""black"", ""white""]","Discover the perfect blend of style and comfort with our black and white striped off-the-shoulder top. Designed with playful ruffles on the sleeves, this top is crafted from stretchy material, offering a flowy fit that flatters any silhouette.","{""lvl0"": ""apparel"", ""lvl1"": ""apparel > tops""}",45,tops,https://storage.googleapis.com/landingpage-al/91334390_0.jpg,"[""black"", ""off-the-shoulder"", ""stripe-print"", ""fashionable""]",true,Black and White Striped Off-the-Shoulder Top,980,0.59
apparel-sample-data-2301466000,"[""white"", ""black"", ""gray""]","Discover the perfect blend of comfort and style with our long sleeve t-shirt. Crafted from soft, stretchy material, this shirt features a relaxed fit and a classic crew neckline, making it an ideal choice for both casual outings and cozy days at home. Available in a range of versatile colors, including timeless black and crisp white.","{""lvl0"": ""apparel"", ""lvl1"": ""apparel > tops""}",35,tops,https://storage.googleapis.com/landingpage-al/91332825_0.jpg,"[""black"", ""long sleeve"", ""comfortable"", ""versatile""]",true,Comfortable Long Sleeve T-Shirt,987,0.43
apparel-sample-data-2301463000,"[""white"", ""multicolor""]","Discover the comfort of our white long-sleeved t-shirt, crafted from a soft cotton blend. Featuring a classic round neckline and a relaxed fit, this versatile piece is perfect for layering or wearing on its own for a casual yet chic look.","{""lvl0"": ""apparel"", ""lvl1"": ""apparel > tops""}",35,tops,https://storage.googleapis.com/landingpage-al/91332205_0.jpg,"[""soft"", ""comfortable"", ""casual"", ""breathable""]",true,White long-sleeved t-shirt,890,0.18
apparel-sample-data-2301462000,"[""black"", ""white""]","Discover the perfect blend of sophistication and style with our black and white striped high-neck top. Designed with elegant long bell sleeves, this versatile piece is ideal for pairing with a sleek black leather skirt for an effortlessly chic look.","{""lvl0"": ""apparel"", ""lvl1"": ""apparel > tops""}",75,tops,https://storage.googleapis.com/landingpage-al/91331914_0.jpg,"[""striped"", ""high-neck"", ""fashion-forward""]",true,Black and White Striped High-Neck Top,985,0.72
apparel-sample-data-2301457000,"[""blue"", ""black""]","Discover the charm of our blue and black paisley-print top, crafted from lightweight silk. Its flowy fit and stylish design make it an ideal choice for both casual outings and chic evenings. The unique print seamlessly blends shades of blue and black, adding a touch of sophistication to your wardrobe.","{""lvl0"": ""apparel"", ""lvl1"": ""apparel > tops""}",75,tops,https://storage.googleapis.com/landingpage-al/91330681_0.jpg,"[""blue"", ""paisley-print"", ""silk"", ""versatile""]",true,Blue and Black Paisley-Print Top,890,0.45
apparel-sample-data-2301449000,"[""pink""]","Discover the perfect blend of comfort and style with our pink blouse featuring a high collar and an elegant tie at the neck. Crafted from a soft, lightweight material, this blouse offers a relaxed fit, making it an ideal choice for both casual outings and more polished looks.","{""lvl0"": ""apparel"", ""lvl1"": ""apparel > tops""}",45,tops,https://storage.googleapis.com/landingpage-al/91329401_0.jpg,"[""blue"", ""casual"", ""comfortable"", ""fashionable""]",true,Pink Blouse with High Collar,890,0.35
apparel-sample-data-2301429000,"[""black""]","Discover the comfort of our black long sleeved tee, designed with a rounded neckline for a classic look. Crafted from a soft cotton blend, this basic yet versatile piece is perfect for effortless casual wear.","{""lvl0"": ""apparel"", ""lvl1"": ""apparel > tops""}",30,tops,https://storage.googleapis.com/landingpage-al/91325748_0.jpg,"[""casual"", ""soft fabric"", ""comfortable""]",true,Black Long Sleeved Tee,879,0.04
apparel-sample-data-2301419000,"[""green"", ""brown""]","Discover a unique blend of style and comfort with our green and brown long sleeve top. Crafted from soft materials, this top features an innovative cut that sets it apart. Perfect for casual outings or dressed-up occasions, it's an essential piece for any wardrobe.","{""lvl0"": ""apparel"", ""lvl1"": ""apparel > tops""}",45,tops,https://storage.googleapis.com/landingpage-al/91322958_0.jpg,"[""green"", ""pieced"", ""long sleeve"", ""stylish"", ""comfortable""]",true,Green and Brown Long Sleeve Top,987,0.27
apparel-sample-data-2301414000,"[""navy blue""]","Stay comfortable and stylish with our navy blue heathered long sleeve top. Crafted from soft knit material, this piece features a classic crew neck design, perfect for layering or wearing on its own for a casual look.","{""lvl0"": ""apparel"", ""lvl1"": ""apparel > tops""}",45,tops,https://storage.googleapis.com/landingpage-al/91322265_0.jpg,"[""blue"", ""casual"", ""knit""]",true,Navy Blue Heathered Long Sleeve Top,984,0.9
apparel-sample-data-2301413000,"[""white"", ""black""]","Discover the charm of our white blouse featuring a high collar and a relaxed fit. Accented with luxurious black satin trim around the neckline and complemented by a matching belt at the waist, this lightweight, silky fabric drapes beautifully, offering both comfort and style for everyday wear.","{""lvl0"": ""clothing"", ""lvl1"": ""clothing > tops""}",75,tops,https://storage.googleapis.com/landingpage-al/91322168_1.jpg,"[""multicolor"", ""minimalist"", ""casual"", ""sophisticated""]",true,White Blouse with Black Satin Trim,932,0.2
apparel-sample-data-2301412000,"[""white""]","Discover the charm of our white ruffled blouse, designed with elegant frills on the neckline and long sleeves. Crafted from lightweight cotton, this blouse features a high neckline with a stylish front tie, complemented by a classic shirt collar and a discreet front button placket, making it perfect for elevated occasions.","{""lvl0"": ""apparel"", ""lvl1"": ""apparel > tops""}",75,tops,https://storage.googleapis.com/landingpage-al/91322077_0.jpg,"[""silk"", ""elegant"", ""lightweight""]",true,White Ruffled Blouse,920,0.37
apparel-sample-data-2301410000,"[""black""]","Introducing our elegant black lace top, featuring a high neckline and long sleeves, crafted from sheer lace adorned with a delicate floral pattern. This top pairs beautifully with a fitted black midi skirt, making it a sophisticated choice for special occasions.","{""lvl0"": ""apparel"", ""lvl1"": ""apparel > tops""}",85,tops,https://storage.googleapis.com/landingpage-al/91321949_0.jpg,"[""contemporary"", ""floral"", ""lace"", ""elegant""]",true,Elegant Black Lace Top,980,0.17
apparel-sample-data-2301403000,"[""grey""]","Enjoy a laid-back vibe with our grey sweatshirt, crafted from soft material for all-day comfort. Featuring a loose fit and a bold message, this piece is perfect for casual outings or cozy nights in.","{""lvl0"": ""apparel"", ""lvl1"": ""apparel > tops""}",45,tops,https://storage.googleapis.com/landingpage-al/91319826_0.jpg,"[""casual"", ""comfortable"", ""graphic""]",true,Grey Fun Graphic Sweatshirt,892,0.05
apparel-sample-data-2301397000,"[""light green""]","Discover comfort with our light green long sleeve top. Crafted from organic linen, this relaxed crew neck t-shirt features a loose fit that drapes beautifully, making it a perfect choice for casual outings or cozy nights in.","{""lvl0"": ""apparel"", ""lvl1"": ""apparel > tops""}",45,tops,https://storage.googleapis.com/landingpage-al/91318627_0.jpg,"[""organic"", ""flowy"", ""comfortable"", ""casual""]",true,Light Green Flowy Long Sleeve Top,890,0.73
apparel-sample-data-2301395000,"[""white""]","Discover the charm of casual elegance with our white ribbed knit sweater. Featuring a high neckline and a stylish cropped fit, this piece is perfect for layering or wearing on its own. Pair it effortlessly with a belt for a chic silhouette.","{""lvl0"": ""apparel"", ""lvl1"": ""apparel > tops""}",75,tops,https://storage.googleapis.com/landingpage-al/91318223_1.jpg,"[""knit"", ""ribbed"", ""cropped"", ""casual""]",true,White ribbed knit sweater,985,0.36
apparel-sample-data-2301391000,"[""black"", ""white""]","Discover the charm of our Bohemian black and white blouse, designed for a relaxed, stylish look. Featuring a v-neckline, long sleeves, and a loose fit, this lightweight piece showcases intricate embroidered patterns complemented by elegant gold accents. Ideal for effortless layering or solo wear, this blouse embodies comfort and artistic flair.","{""lvl0"": ""apparel"", ""lvl1"": ""apparel > tops""}",75,tops,https://storage.googleapis.com/landingpage-al/91317686_0.jpg,"[""embellished"", ""bohemian"", ""casual"", ""lightweight""]",true,Bohemian Black and White Blouse,940,0.57
apparel-sample-data-2301388000,"[""gray"", ""white""]","Discover a stylish addition to your wardrobe with our Gray and White V-Neck Top. Featuring a contrasting design, the front showcases a rich gray shade while the back offers a clean white finish. Crafted from a soft cotton-blend material, this top is perfect for transitioning from casual outings to more formal gatherings with ease.","{""lvl0"": ""apparel"", ""lvl1"": ""apparel > tops""}",45,tops,https://storage.googleapis.com/landingpage-al/91317432_0.jpg,"[""gray"", ""fashion"", ""versatile""]",true,Gray and White V-Neck Top,980,0.38
apparel-sample-data-2301385000,"[""white"", ""blue""]","Discover a blend of comfort and style with our White and Blue Baseball Tee. Crafted from soft, stretchy material, the white body provides ease of movement, while the blue accents are made from a thicker, durable fabric. This tee features a classic round neckline and short sleeves, making it a versatile choice for casual outings. The unique rounded hemline adds a contemporary touch to your wardrobe.","{""lvl0"": ""apparel"", ""lvl1"": ""apparel > tops""}",45,tops,https://storage.googleapis.com/landingpage-al/91316316_0.jpg,"[""blue"", ""navy"", ""casual""]",true,White and Blue Baseball Tee,980,0.8
apparel-sample-data-2301384000,"[""mustard yellow""]","Discover effortless style with our mustard yellow cold-shoulder top. Crafted with a relaxed fit and loose silhouette, this top features a flattering v-neckline and long sleeves with stylish slit details, perfect for any casual occasion.","{""lvl0"": ""apparel"", ""lvl1"": ""apparel > tops""}",45,tops,https://storage.googleapis.com/landingpage-al/91316149_0.jpg,"[""multicolor"", ""relaxed fit"", ""cold-shoulder"", ""elegant""]",true,Mustard Yellow Cold-Shoulder Top,978,0.91
apparel-sample-data-2301371000,"[""maroon""]","Discover the perfect blend of comfort and style with our maroon long sleeved top. Designed with a scoop neckline and crafted from stretchy material, this top offers a flowy fit that moves with you, making it an ideal choice for casual outings or relaxing at home.","{""lvl0"": ""apparel"", ""lvl1"": ""apparel > tops""}",45,tops,https://storage.googleapis.com/landingpage-al/91312046_3.jpg,"[""flowy"", ""comfortable"", ""wearable""]",true,Maroon long sleeved top,875,0.88
apparel-sample-data-2301366000,"[""gray""]","Discover the comfort of our gray relaxed fit jacket, featuring a stylish black zipper, ribbed collar, and cuffs. Crafted from stretchy material, it's the perfect layer to wear over a tank top or t-shirt, making it an essential addition to your casual wardrobe.","{""lvl0"": ""apparel"", ""lvl1"": ""apparel > tops""}",75,tops,https://storage.googleapis.com/landingpage-al/91310837_3.jpg,"[""gray"", ""zipper"", ""casual"", ""relaxed fit"", ""comfortable""]",true,Gray Relaxed Fit Jacket,890,0.52
apparel-sample-data-2301364000,"[""white""]","Discover our white long sleeve shirt, designed for comfort and style. Crafted from soft, stretchy material, this piece features a relaxed, boxy fit and a classic round neckline, making it a versatile addition to your wardrobe.","{""lvl0"": ""apparel"", ""lvl1"": ""apparel > tops""}",45,tops,https://storage.googleapis.com/landingpage-al/91310336_0.jpg,"[""white"", ""comfortable"", ""relaxed fit"", ""versatile""]",true,White Relaxed Fit Long Sleeve Shirt,980,0.15
apparel-sample-data-2301340000,"[""red""]","Discover the charm of our red long-sleeved sweater, designed with a stylish v-neckline and crafted from luxurious knit fabric for ultimate comfort. This loose-fitting piece offers versatility, making it perfect for pairing with your favorite jeans or leggings for an effortless look.","{""lvl0"": ""apparel"", ""lvl1"": ""apparel > tops""}",85,tops,https://storage.googleapis.com/landingpage-al/91305478_0.jpg,"[""soft"", ""casual"", ""versatile""]",true,Red long-sleeved sweater,890,0.22
apparel-sample-data-2298698000,"[""blue""]","Discover the charm of our blue lace top, featuring a delicate sheer background adorned with a floral lace design. This sleeveless cropped top comes with a stylish round neckline and a keyhole cutout, perfect for adding a touch of sophistication to any outfit.","{""lvl0"": ""apparel"", ""lvl1"": ""apparel > tops""}",75,tops,https://storage.googleapis.com/landingpage-al/91438548_0.jpg,"[""charmeuse"", ""lace"", ""floral"", ""elegant""]",true,Blue Lace Top,982,0.89
apparel-sample-data-2298696000,"[""peach""]","Discover a blend of comfort and style with our peach silk blouse. Designed with a flattering cowl neckline and wrap front, this loose-fitting garment is perfect for both casual outings and semi-formal events. Crafted from soft, luxurious material, it adds a touch of sophistication to any wardrobe.","{""lvl0"": ""apparel"", ""lvl1"": ""apparel > tops""}",75,tops,https://storage.googleapis.com/landingpage-al/91438215_0.jpg,"[""silk"", ""casual"", ""semi-formal""]",true,Peach Silk Blouse,890,0.07
apparel-sample-data-2298693000,"[""black"", ""white""]","This elegant black and white blouse features a striking lace panel at the front, adding a touch of sophistication to your wardrobe. Designed as a long-sleeved, collared shirt, it seamlessly combines style with comfort, making it perfect for both casual and formal settings.","{""lvl0"": ""women's clothing"", ""lvl1"": ""women's clothing > tops > blouses""}",75,blouses,https://storage.googleapis.com/landingpage-al/91437411_0.jpg,"[""lace"", ""elegant"", ""chic""]",true,Elegant Black and White Blouse,980,0.74
apparel-sample-data-2298689000,"[""beige""]","Discover the charm of our beige peplum blouse. Designed with a round neckline and long sleeves adorned with ruffled edges, this lightweight piece enhances comfort with a chic silhouette. The gathered waist and front slit add a touch of sophistication, making it perfect for both casual outings and special occasions.","{""lvl0"": ""apparel"", ""lvl1"": ""apparel > tops > blouses""}",75,blouses,https://storage.googleapis.com/landingpage-al/91437049_0.jpg,"[""elegant"", ""comfortable"", ""peplum"", ""fashionable""]",true,Beige Peplum Blouse,890,0.87
apparel-sample-data-2298684000,"[""black""]","Discover sophistication with our elegant black lace blouse. Crafted from sheer lace fabric over a soft black silk lining, this blouse features a high neckline adorned with a delicate lace collar and a small button closure. The long sleeves, complete with cuffs, offer a refined touch, while the relaxed silhouette ensures comfort without compromising style. Perfect for pairing with both casual and formal attire.","{""lvl0"": ""apparel"", ""lvl1"": ""apparel > tops""}",75,tops,https://storage.googleapis.com/landingpage-al/91435931_0.jpg,"[""black"", ""lace"", ""elegant""]",true,Elegant Black Lace Blouse,890,0.28
apparel-sample-data-2298678000,"[""blue""]","Discover the charm of our blue top featuring a rounded neckline and three-quarter length sleeves. Crafted from luxurious shiny fabric, this piece boasts a delightful ruffled detail at the neckline, perfect for both casual outings and sophisticated gatherings.","{""lvl0"": ""shirts"", ""lvl1"": ""shirts > tops""}",65,tops,https://storage.googleapis.com/landingpage-al/91435185_0.jpg,"[""blue"", ""ruched"", ""elegant""]",true,Blue Ruched Top,890,0.58
apparel-sample-data-2298670000,"[""blue"", ""green"", ""red""]","Discover the charm of our blue floral print top, designed with a flattering v-neckline and short sleeves. Crafted from a blend of comfortable polyester and rayon, this top offers a relaxed fit and a loose silhouette, perfect for pairing with high-waisted skirts or wide-leg pants. The vibrant floral print showcases a harmonious mix of blue, green, and red hues, making it a versatile choice for various occasions.","{""lvl0"": ""apparel"", ""lvl1"": ""apparel > tops""}",45,tops,https://storage.googleapis.com/landingpage-al/91433530_0.jpg,"[""floral"", ""bohemian"", ""contemporary"", ""relaxed fit""]",true,Blue Floral Print Blouse,875,0.19
apparel-sample-data-2298667000,"[""white""]","Discover our white lightweight blouse, designed for a relaxed fit and crafted from breathable fabric. With its classic collar and versatile style, this blouse pairs effortlessly with casual trousers, making it a perfect choice for everyday wear.","{""lvl0"": ""apparel"", ""lvl1"": ""apparel > tops""}",45,tops,https://storage.googleapis.com/landingpage-al/91433452_0.jpg,"[""lightweight"", ""loose fit"", ""comfortable"", ""casual""]",true,White lightweight blouse,987,0.21
apparel-sample-data-2298659000,"[""white""]","Discover the charm of our elegant white blouse, featuring a flattering v-neck and three-quarter length sleeves. The loose-fit design is crafted from sheer material that adds a light, airy feel. Delicate ruffles adorn the front, while a longer ruffle at the back provides a unique twist. Perfectly paired with jeans for a casual yet sophisticated look.","{""lvl0"": ""apparel"", ""lvl1"": ""apparel > tops""}",75,tops,https://storage.googleapis.com/landingpage-al/91432937_0.jpg,"[""sheer"", ""ruffled"", ""elegant""]",true,Elegant White Blouse,897,0.56
apparel-sample-data-2298653000,"[""purple"", ""blue""]","Embrace a summer vibe with our floral purple and blue tank top. Crafted from a lightweight cotton blend, this piece features a relaxed fit and a flattering v-neckline. Adorned with a delicate mix of purple and blue hues, complemented by scattered white flowers, it serves as a perfect addition to your casual wardrobe.","{""lvl0"": ""apparel"", ""lvl1"": ""apparel > tops""}",45,tops,https://storage.googleapis.com/landingpage-al/91432089_0.jpg,"[""floral"", ""lightweight"", ""summer"", ""casual""]",true,Floral Purple and Blue Tank Top,980,0.72
apparel-sample-data-2298649000,"[""white""]","Discover the charm of our White Lace Blouse, designed with intricate crocheted details along the neckline and a sophisticated high collar. Featuring long sleeves and a buttoned front, this lightweight and flowy blouse offers a relaxed fit with a slightly oversized silhouette, making it a perfect addition for both casual and formal occasions.","{""lvl0"": ""women's apparel"", ""lvl1"": ""women's apparel > tops""}",85,tops,https://storage.googleapis.com/landingpage-al/91431653_0.jpg,"[""multicolor"", ""lace"", ""elegant"", ""oversized""]",true,White Lace Blouse,982,0.9
apparel-sample-data-2298646000,"[""light blue"", ""white""]","Discover a stylish addition to your wardrobe with our light blue striped blouse. Crafted from lightweight fabric, this shirt features a classic collar and white accents at the cuffs. Designed for a relaxed fit, it effortlessly combines comfort with elegance, making it perfect for everyday wear.","{""lvl0"": ""clothing"", ""lvl1"": ""clothing > tops""}",45,tops,https://storage.googleapis.com/landingpage-al/91430849_0.jpg,"[""striped"", ""light blue"", ""loose fit""]",true,Light Blue Striped Blouse,980,0.37
apparel-sample-data-2298645000,"[""black""]","Discover effortless style with our black loose-fit blouse, crafted from a lightweight rayon-cotton blend. Featuring three-quarter length sleeves, a flattering v-neckline, and a delicate ruffled hemline, this top combines comfort and elegance for your everyday wardrobe.","{""lvl0"": ""apparel"", ""lvl1"": ""apparel > tops""}",45,tops,https://storage.googleapis.com/landingpage-al/91430781_0.jpg,"[""casual"", ""comfortable"", ""lightweight""]",true,Black loose-fit blouse,876,0.72
apparel-sample-data-2298641000,"[""gray"", ""black"", ""white""]","Discover our stylish multicolor blouse featuring a v-neck design and long sleeves. Crafted from a lightweight blend, this top showcases an eye-catching print that effortlessly transitions from casual to semi-formal occasions.","{""lvl0"": ""women's apparel"", ""lvl1"": ""women's apparel > tops > blouses""}",45,blouses,https://storage.googleapis.com/landingpage-al/91430345_0.jpg,"[""multicolor"", ""pleated"", ""casual"", ""semi-formal""]",true,Multicolor V-Neck Blouse,890,0.55
apparel-sample-data-2298633000,"[""black""]","Discover sophistication with our elegant black top featuring a graceful bow at the neckline. Crafted from a lustrous fabric with a loose fit, this blouse is a perfect addition to your wardrobe for a versatile and chic look.","{""lvl0"": ""women's clothing"", ""lvl1"": ""women's clothing > tops""}",75,tops,https://storage.googleapis.com/landingpage-al/91429544_0.jpg,"[""sleeveless"", ""tie-neck"", ""elegant"", ""plus size""]",true,Elegant Black Bow-Accent Top,890,0.1
apparel-sample-data-2298625000,"[""blue"", ""green"", ""white"", ""red""]","Discover the charm of our plaid shirt dress, designed with a stylish black collar and a front button closure. Crafted from soft material, this piece offers a comfortable, loose fit, perfect for casual outings. The eye-catching plaid pattern features shades of green, white, and red, making it a versatile addition to your wardrobe.","{""lvl0"": ""apparel"", ""lvl1"": ""apparel > tops""}",75,tops,https://storage.googleapis.com/landingpage-al/91428845_0.jpg,"[""plaid"", ""casual"", ""soft fabric""]",true,Plaid Shirt Dress with Black Collar,896,0.27
apparel-sample-data-2298624000,"[""dark blue""]","Discover the perfect blend of comfort and style with our dark blue loose-fitting blouse. This long-sleeved shirt features a round neckline and a front button placket, offering an effortlessly chic look. Made from lightweight fabric, this versatile piece can be styled for casual outings or dressed up for special occasions.","{""lvl0"": ""apparel"", ""lvl1"": ""apparel > tops""}",75,blouses,https://storage.googleapis.com/landingpage-al/91428807_0.jpg,"[""loose fit"", ""lightweight"", ""comfortable"", ""versatile""]",true,Dark Blue Loose-Fitting Blouse,980,0.05
apparel-sample-data-2298619000,"[""white"", ""black""]","Discover the sophistication of our classic white blouse, designed with long sleeves and a refined collar. Accented with a subtle black stripe and a delicate button on the collar, this shirt exudes a polished style while maintaining a clean, minimalist aesthetic. Crafted from a silky fabric, it's perfect for both casual and formal settings.","{""lvl0"": ""tops"", ""lvl1"": ""tops > blouses""}",75,blouses,https://storage.googleapis.com/landingpage-al/91428237_0.jpg,"[""buttoned"", ""classic"", ""elegant""]",true,Classic White Blouse with Black Stripe,980,0.53
apparel-sample-data-2298615000,"[""black""]","Discover the essence of effortless style with our black shiny v-neck top. Featuring a sleek zipper at the front and a comfortable loose fit, this versatile piece is perfect for casual outings or a polished look. The stylish silver zipper adds a modern touch, making it a must-have addition to your wardrobe.","{""lvl0"": ""apparel"", ""lvl1"": ""apparel > tops""}",45,tops,https://storage.googleapis.com/landingpage-al/91427869_0.jpg,"[""v-neck"", ""zipper"", ""casual"", ""shiny""]",true,Black shiny v-neck top,897,0.29
apparel-sample-data-2298609000,"[""black"", ""white""]","Discover sophistication with our elegant black and white chiffon blouse. This sleeveless design features a charming bow at the neckline that offers a stylish contrast against the rich black fabric, perfect for a polished look.","{""lvl0"": ""apparel"", ""lvl1"": ""apparel > tops""}",75,tops,https://storage.googleapis.com/landingpage-al/91427501_0.jpg,"[""chiffon"", ""contrast"", ""elegant""]",true,Elegant Black and White Chiffon Blouse,876,0.58
apparel-sample-data-2298604000,"[""red"", ""black""]","Discover effortless style with our floral print long sleeve blouse. Crafted from lightweight georgette, this blouse features a classic collared neckline and a button placket, offering a relaxed fit perfect for warm days. The vibrant red, yellow, and white flowers on a bold black background make it a standout piece.","{""lvl0"": ""tops"", ""lvl1"": ""tops > blouses""}",49.99,blouses,https://storage.googleapis.com/landingpage-al/91426616_0.jpg,"[""floral"", ""georgette"", ""lightweight"", ""bohemian""]",true,Floral Print Long Sleeve Blouse,875,0.8
apparel-sample-data-2298601000,"[""purple""]","Discover the charm of our purple lightweight blouse, designed with a round neckline and long sleeves featuring a stylish keyhole detail at the front. Crafted from airy material, this blouse offers a relaxed fit, making it a perfect choice for both casual and semi-formal occasions.","{""lvl0"": ""apparel"", ""lvl1"": ""apparel > tops""}",65,tops,https://storage.googleapis.com/landingpage-al/91426491_0.jpg,"[""lightweight"", ""relaxed fit"", ""elegant""]",true,Purple Lightweight Blouse,879,0.38
apparel-sample-data-2298598000,"[""white""]","Introducing our elegant white blouse, featuring a charming ruffled collar and a stylish front tie. Crafted from lightweight fabric, this long-sleeve piece evokes a bohemian spirit with its relaxed fit and loose silhouette, making it a perfect addition to any casual wardrobe.","{""lvl0"": ""apparel"", ""lvl1"": ""apparel > tops""}",75,tops,https://storage.googleapis.com/landingpage-al/91426291_0.jpg,"[""bohemian"", ""v-neck"", ""lightweight"", ""relaxed fit""]",true,White ruffled collar blouse,980,0.83
apparel-sample-data-2298597000,"[""black"", ""white""]","Discover sophistication with our black and white lace blouse. This stylish piece features a high neckline and long sleeves, with an intricate lace design adorning the front, while the back remains a classic solid black. Pair it effortlessly with a black skirt for a polished look.","{""lvl0"": ""apparel"", ""lvl1"": ""apparel > tops""}",75,tops,https://storage.googleapis.com/landingpage-al/91426194_0.jpg,"[""lace-inset"", ""elegant"", ""women's""]",true,Elegant Black and White Lace Blouse,942,0.76
apparel-sample-data-2298595000,"[""black"", ""white""]","Introducing our black and white floral printed sleeveless top. Featuring a round neckline, this elegant piece showcases a subtle pattern of small white flowers against a sleek black backdrop. Crafted from a luxurious shiny material, it adds a touch of sophistication to any outfit.","{""lvl0"": ""apparel"", ""lvl1"": ""apparel > tops""}",75,tops,https://storage.googleapis.com/landingpage-al/91425851_0.jpg,"[""embroidered"", ""floral"", ""sleeveless""]",true,Floral Printed Sleeveless Top,980,0.34
apparel-sample-data-2298588000,"[""black"", ""brown""]","Discover the charm of our multicolored floral blouse, featuring a ruffled neckline that adds a playful touch. Crafted from luxurious silky material, this bohemian-style blouse showcases a loose fit and flowy design, making it ideal for both casual outings and stylish layering.","{""lvl0"": ""apparel"", ""lvl1"": ""apparel > tops""}",65,tops,https://storage.googleapis.com/landingpage-al/91425030_0.jpg,"[""bohemian"", ""floral"", ""silky""]",true,Multicolored floral blouse,890,0.18
apparel-sample-data-2298584000,"[""green"", ""white""]","Introducing our stylish green and white polka dot blouse, designed with a button-down collar and a relaxed fit for everyday comfort. Crafted from soft material, this blouse seamlessly combines elegance with ease, making it a versatile addition to your wardrobe.","{""lvl0"": ""apparel"", ""lvl1"": ""apparel > tops""}",45,tops,https://storage.googleapis.com/landingpage-al/91424124_0.jpg,"[""polka dot"", ""comfortable"", ""chic""]",true,Green and White Polka Dot Blouse,986,0.62
apparel-sample-data-2298581000,"[""black""]","Discover the perfect blend of comfort and style with our black loose-fit blouse. Crafted from soft materials, this shirt features a classic folded collar and a stylish button closure, making it a versatile addition to your wardrobe for both casual outings and relaxed office days.","{""lvl0"": ""apparel"", ""lvl1"": ""apparel > tops""}",75,tops,https://storage.googleapis.com/landingpage-al/91423288_1.jpg,"[""soft"", ""casual"", ""comfortable""]",true,Black Loose-Fit Blouse,876,0.29
apparel-sample-data-2298577000,"[""white""]","Discover our elegant white blouse, designed with a comfortable loose fit and a charming ruffled collar. The delicate tie at the neck, crafted from sheer material, can be beautifully styled in a bow, adding a touch of sophistication to your everyday wardrobe. Perfect for both casual outings and office wear.","{""lvl0"": ""apparel"", ""lvl1"": ""apparel > tops""}",75,tops,https://storage.googleapis.com/landingpage-al/91423010_0.jpg,"[""white"", ""blouse"", ""ruffled"", ""casual""]",true,Elegant White Blouse with Ruffled Collar,980,0.74
apparel-sample-data-2298575000,"[""white""]","Discover the charm of our White Lace Blouse, featuring a high neckline and long sleeves crafted from sheer fabric with a delicate striped pattern. The loose fit and intricate lace details on the neckline and sleeves effortlessly enhance your feminine silhouette, making it a perfect choice for both casual and formal occasions.","{""lvl0"": ""apparel"", ""lvl1"": ""apparel > tops""}",75,tops,https://storage.googleapis.com/landingpage-al/91422747_0.jpg,"[""lace"", ""feminine"", ""elegant""]",true,White Lace Blouse,890,0.03
apparel-sample-data-2298574000,"[""white""]","Discover our elegant white blouse featuring a delicate ruffled neckline crafted from intricate lace. Designed with a relaxed fit and long sleeves, this blouse is perfect for casual outings while maintaining a chic and comfortable style.","{""lvl0"": ""apparel"", ""lvl1"": ""apparel > tops""}",75,tops,https://storage.googleapis.com/landingpage-al/91422746_0.jpg,"[""multicolor"", ""scalloped"", ""casual"", ""relaxed fit""]",true,White Ruffled Neckline Blouse,879,0.86
apparel-sample-data-2298570000,"[""white""]","Discover the charm of our white lace top, featuring a high collar and intricately designed crochet lace. This lightweight piece, crafted from soft fabric, brings a touch of bohemian elegance to your wardrobe, making it ideal for both casual and dressy occasions.","{""lvl0"": ""apparel"", ""lvl1"": ""apparel > tops""}",75,tops,https://storage.googleapis.com/landingpage-al/91422393_0.jpg,"[""multicolor"", ""lace"", ""bohemian""]",true,White Lace Top,948,0.86
apparel-sample-data-2298563000,"[""black"", ""white"", ""blue""]","Discover our floral printed top that combines classic black and white tones with a relaxed fit. Featuring a stylish v-neckline and long sleeves adorned with an exquisite floral pattern, this top is perfect for casual outings or layered for a stylish ensemble.","{""lvl0"": ""apparel"", ""lvl1"": ""apparel > tops""}",45,tops,https://storage.googleapis.com/landingpage-al/91421945_0.jpg,"[""floral"", ""v-neck"", ""loose fit"", ""elegant""]",true,Floral Printed V-Neck Top,892,0.07
apparel-sample-data-2298562000,"[""black""]","Discover the perfect blend of style and comfort with our black zippered blouse. Crafted from shiny material, this long-sleeve top features a chic silver zipper accent and a relaxed fit, making it an ideal choice for both casual outings and stylish layering.","{""lvl0"": ""apparel"", ""lvl1"": ""apparel > tops""}",70,tops,https://storage.googleapis.com/landingpage-al/91421835_0.jpg,"[""black"", ""casual"", ""long sleeve"", ""versatile""]",true,Black zippered blouse,897,0.76
apparel-sample-data-2298558000,"[""blue"", ""yellow"", ""white""]","Discover the charm of our floral printed blouse, beautifully crafted with a blend of silk and cotton. This blouse showcases a delightful mix of yellow, blue, and white hues, featuring a relaxed fit and a stylish v-neckline. Perfect for both bohemian and modern outfits, it's designed to be worn effortlessly, adding a touch of elegance to your casual look.","{""lvl0"": ""apparel"", ""lvl1"": ""apparel > tops""}",75,tops,https://storage.googleapis.com/landingpage-al/91421126_0.jpg,"[""floral"", ""bohemian"", ""modern"", ""silk"", ""casual""]",true,Floral Printed Blouse,932,0.29
apparel-sample-data-2298544000,"[""blue""]","Discover the effortless charm of our blue blouse featuring a stylish cowl neckline. Made from lightweight fabric, this blouse offers a relaxed fit, complemented by long, loose sleeves and a delicate waist tie. Perfect for both casual outings and elegant occasions.","{""lvl0"": ""apparel"", ""lvl1"": ""apparel > tops""}",75,tops,https://storage.googleapis.com/landingpage-al/91419342_1.jpg,"[""blue"", ""kimono"", ""loose_fit"", ""cowl_neck""]",true,Blue Cowl Neck Blouse,932,0.11
apparel-sample-data-2298536000,"[""black""]","Discover the charm of our black blouse, beautifully adorned with a delicate white lace overlay featuring an elegant floral design. Made from stretchy material, it offers a comfortable fit while the round neckline adds a classic touch, making it a versatile addition to any wardrobe.","{""lvl0"": ""apparel"", ""lvl1"": ""apparel > tops""}",75,tops,https://storage.googleapis.com/landingpage-al/91418375_0.jpg,"[""embroidered"", ""lace"", ""floral""]",true,Black Lace Overlay Blouse,980,0.21
apparel-sample-data-2298513000,"[""purple""]","Discover the charm of our purple high-low blouse, designed with a deep, rich hue that perfectly complements the fall season. Crafted from soft fabric, it features a flattering v-neckline and a loose, flowy silhouette that ensures comfort without compromising style. Ideal for any occasion, this blouse is a versatile addition to your wardrobe.","{""lvl0"": ""women's clothing"", ""lvl1"": ""women's clothing > tops""}",45,tops,https://storage.googleapis.com/landingpage-al/91414591_0.jpg,"[""purple"", ""high-low"", ""flowy"", ""comfortable""]",true,Purple High-Low Blouse,981,0.21
apparel-sample-data-2298510000,"[""orange""]","Discover effortless style with our printed orange silk-like blouse, designed with a relaxed silhouette and long sleeves for a sophisticated yet comfortable look. Ideal for both casual outings and chic gatherings.","{""lvl0"": ""apparel"", ""lvl1"": ""apparel > tops > blouses""}",75,blouses,https://storage.googleapis.com/landingpage-al/91414394_0.jpg,"[""printed"", ""silk-like"", ""loose fit"", ""long sleeves""]",true,Printed Orange Silk-like Blouse,980,0.49
apparel-sample-data-2298507000,"[""beige""]","Discover comfort and style with our beige graphic hoodie. This cozy piece features a front zipper, a charming design of a star and crescent moon, and a practical kangaroo pocket. With its soft material and relaxed fit, it's perfect for casual outings or lounging at home.","{""lvl0"": ""apparel"", ""lvl1"": ""apparel > tops""}",65,tops,https://storage.googleapis.com/landingpage-al/91413360_0.jpg,"[""multicolor"", ""printed"", ""casual"", ""comfortable""]",true,Beige Graphic Hoodie,875,0.98
apparel-sample-data-2298505000,"[""peach""]","Discover the charm of our peach floral blouse, designed with a sophisticated button-down front and high collar. This piece features long sleeves with buttoned cuffs, making it a versatile addition to your wardrobe for both casual and elegant looks.","{""lvl0"": ""apparel"", ""lvl1"": ""apparel > tops""}",45,tops,https://storage.googleapis.com/landingpage-al/91412821_0.jpg,"[""floral"", ""trendy"", ""plus size"", ""button-down"", ""elegant""]",true,Peach Floral Blouse,942,0.73
apparel-sample-data-2298502000,"[""pink""]","Discover the timeless charm of our pink silk blouse, designed with a loose-fitting silhouette that gracefully drapes over your body. Featuring a square neckline and sleeveless style, this blouse exudes effortless elegance and pairs beautifully with your favorite bottoms.","{""lvl0"": ""apparel"", ""lvl1"": ""apparel > tops""}",85,tops,https://storage.googleapis.com/landingpage-al/91412507_0.jpg,"[""silk"", ""relaxed"", ""elegant""]",true,Pink Silk Blouse,876,0.04
apparel-sample-data-2298501000,"[""brown""]","Discover the charm of our brown silk blouse, designed for both comfort and sophistication. Featuring a front button placket adorned with two elegant silver buttons, this blouse offers long sleeves and a relaxed fit that seamlessly transitions from casual outings to more refined gatherings. The high-quality silk material adds a touch of luxury to your everyday wardrobe.","{""lvl0"": ""apparel"", ""lvl1"": ""apparel > tops""}",85,tops,https://storage.googleapis.com/landingpage-al/91412457_0.jpg,"[""silk"", ""luxurious"", ""versatile"", ""relaxed fit""]",true,Brown Silk Blouse,892,0.93
apparel-sample-data-2298500000,"[""purple""]","Discover effortless style with our purple long sleeve blouse. Crafted from a soft, flowy material, this collared shirt features a front button placket and two practical front pockets. Its loose fit ensures comfort while making it a versatile addition to your wardrobe.","{""lvl0"": ""apparel"", ""lvl1"": ""apparel > tops""}",45,tops,https://storage.googleapis.com/landingpage-al/91411968_0.jpg,"[""purple"", ""roll-tab-sleeve"", ""casual"", ""comfortable""]",true,Purple Long Sleeve Blouse,984,0.83
apparel-sample-data-2298499000,"[""white""]","This elegant white off-the-shoulder blouse features charming ruffles along the neckline and long sleeves. Made from a shiny material, it showcases a chic high waist design, perfect for adding a touch of sophistication to your wardrobe.","{""lvl0"": ""apparel"", ""lvl1"": ""apparel > tops""}",75,tops,https://storage.googleapis.com/landingpage-al/91411859_0.jpg,"[""multicolor"", ""off-shoulder"", ""elegant"", ""ruffles""]",true,Elegant White Off-the-Shoulder Blouse,890,0.07
apparel-sample-data-2298493000,"[""pink""]","Discover effortless style with our Women's Plus Size Pink Top. Designed with a loose fit and a scoop neckline, this top features a curved hemline crafted from soft, stretchy material, making it perfect for every casual outing.","{""lvl0"": ""apparel"", ""lvl1"": ""apparel > tops""}",45,tops,https://storage.googleapis.com/landingpage-al/91409679_0.jpg,"[""pink"", ""plus size"", ""casual"", ""soft fabric""]",true,Women's Plus Size Pink Top,879,0.6
apparel-sample-data-2298492000,"[""white""]","Discover the charm of our white lace top featuring a square neckline and long bell sleeves. Crafted from soft, flowy material, it drapes beautifully and adds a touch of bohemian elegance to any outfit.","{""lvl0"": ""apparel"", ""lvl1"": ""apparel > tops""}",75,tops,https://storage.googleapis.com/landingpage-al/91409598_0.jpg,"[""bohemian"", ""elegant"", ""lace""]",true,White Lace Bohemian Top,980,0.68
apparel-sample-data-2298486000,"[""white"", ""gold""]","Discover effortless style with our white polka dot blouse, featuring a chic metallic gold tie at the neckline. This loose-fitting design ensures comfort and versatility, making it an ideal choice for both casual outings and sophisticated gatherings.","{""lvl0"": ""tops"", ""lvl1"": ""tops > blouses""}",75,blouses,https://storage.googleapis.com/landingpage-al/91408802_0.jpg,"[""multicolor"", ""plus size"", ""side-tie"", ""casual""]",true,White Polka Dot Blouse,980,0.5
apparel-sample-data-2298484000,"[""white""]","Discover ultimate comfort with our white relaxed fit blouse. This stylish piece features a collared neckline, long sleeves, and a convenient front button placket. Crafted from lightweight material, it’s perfect for casual outings or daily wear.","{""lvl0"": ""tops"", ""lvl1"": ""tops > blouses""}",45,blouses,https://storage.googleapis.com/landingpage-al/91408510_0.jpg,"[""white"", ""relaxed-fit"", ""everyday-wear""]",true,White Relaxed Fit Blouse,876,0.18
apparel-sample-data-2298483000,"[""white""]","Discover the ideal blend of comfort and style with our white long sleeve blouse. Crafted from a sheer, lightweight material, this shirt features a button-down front and a high collar for a sophisticated look. Its loose fit offers versatility, making it suitable for both casual outings and more polished occasions.","{""lvl0"": ""apparel"", ""lvl1"": ""apparel > tops""}",45,tops,https://storage.googleapis.com/landingpage-al/91408344_0.jpg,"[""multicolor"", ""lace"", ""casual"", ""versatile""]",true,White Long Sleeve Blouse,890,0.17
apparel-sample-data-2298479000,"[""white"", ""black""]","Discover the charm of our white polka dot blouse featuring a sophisticated black collar and front button placket. Crafted from a soft, lightweight material, this blouse offers a relaxed fit that drapes beautifully. With its subtle, eye-catching polka dot design, it effortlessly transitions from casual to dressy occasions, making it a timeless addition to your wardrobe.","{""lvl0"": ""apparel"", ""lvl1"": ""apparel > tops""}",45,tops,https://storage.googleapis.com/landingpage-al/91407967_0.jpg,"[""polka-dot"", ""relaxed-fit"", ""versatile"", ""lightweight""]",true,White Polka Dot Blouse with Black Collar,980,0.19
apparel-sample-data-2298467000,"[""black"", ""white""]","Discover the perfect blend of style and versatility with our plaid black and white button-down shirt. Featuring a relaxed fit and classic button-down collar, this shirt showcases a striking plaid pattern characterized by bold vertical and horizontal lines. Ideal for both casual outings and formal events, it seamlessly transitions from day to night.","{""lvl0"": ""apparel"", ""lvl1"": ""apparel > tops""}",55,tops,https://storage.googleapis.com/landingpage-al/91406980_0.jpg,"[""plaid"", ""casual"", ""formal""]",true,Plaid Black and White Button-Down Shirt,890,0.18
apparel-sample-data-2298453000,"[""brown"", ""white""]","Discover a versatile addition to your wardrobe with our brown and white striped ruffled top. Featuring a playful ruffled neckline and a stylish tie at the bottom, this stretchy fabric piece offers comfort and flair, making it perfect for both casual outings and everyday wear.","{""lvl0"": ""apparel"", ""lvl1"": ""apparel > tops""}",45,tops,https://storage.googleapis.com/landingpage-al/91403468_0.jpg,"[""multicolor"", ""comfortable"", ""casual"", ""stylish""]",true,Brown and White Striped Ruffled Top,942,0.89
apparel-sample-data-2298452000,"[""red"", ""blue""]","Introduce a touch of nature to your wardrobe with this floral print blouse. Crafted from soft, flowy material, it features a chic mandarin collar and long sleeves, offering a comfortable loose fit perfect for casual outings or relaxed gatherings.","{""lvl0"": ""apparel"", ""lvl1"": ""apparel > tops""}",49.99,tops,https://storage.googleapis.com/landingpage-al/91402891_0.jpg,"[""floral"", ""loose fit"", ""comfortable""]",true,Floral Print Blouse,980,0.44
apparel-sample-data-2298451000,"[""brown"", ""black"", ""red""]","Discover the charm of our Brown and Black Floral Shirt, designed with a high collar and long sleeves. Crafted from soft material, this shirt features a loose fit adorned with delicate floral patterns in earthy tones, ideal for transitioning effortlessly between formal and casual settings.","{""lvl0"": ""apparel"", ""lvl1"": ""apparel > tops""}",75,tops,https://storage.googleapis.com/landingpage-al/91402538_0.jpg,"[""floral"", ""casual"", ""sophisticated""]",true,Brown and Black Floral Shirt,892,0.42
apparel-sample-data-2298450000,"[""white"", ""gray""]","Discover a sophisticated blend of comfort and style with our white and gray floral print blouse. Featuring a loose fit, a high neckline adorned with a ruffled collar, and long sleeves with ruffled cuffs, this lightweight top is perfect for both casual and formal occasions, crafted from breathable fabric for easy wear.","{""lvl0"": ""apparel"", ""lvl1"": ""apparel > tops""}",75,tops,https://storage.googleapis.com/landingpage-al/91401921_0.jpg,"[""gray"", ""printed"", ""off-the-shoulder"", ""elegant""]",true,White and Gray Floral Print Blouse,890,0.21
apparel-sample-data-2298437000,"[""black"", ""white""]","Discover the charm of our black and white floral top, designed with a rounded neckline and short sleeves. The vibrant floral pattern, featuring hues of pink, red, and purple complemented by green leaves, brings a lively touch. Crafted from a lightweight, flowy material, this top ensures a comfortable and relaxed fit, making it perfect for both casual outings and special occasions.","{""lvl0"": ""apparel"", ""lvl1"": ""apparel > tops""}",45,tops,https://storage.googleapis.com/landingpage-al/91395290_0.jpg,"[""floral"", ""relaxed-fit"", ""chiffon"", ""elegant""]",true,Black and White Floral Top,1082,0.7
apparel-sample-data-2298433000,"[""white"", ""cream""]","Discover the sophistication of our white silk blouse, designed with a high neckline and a relaxed fit. Made from luxurious shiny silk, this blouse features long, flowy sleeves and a comfortable silhouette, making it perfect for both casual and formal occasions.","{""lvl0"": ""apparel"", ""lvl1"": ""apparel > tops""}",85,tops,https://storage.googleapis.com/landingpage-al/91392343_1.jpg,"[""multicolor"", ""smocked"", ""charmeuse"", ""elegant""]",true,White Silk Blouse,982,0.05
apparel-sample-data-2298422000,"[""white"", ""black""]","Discover the sophisticated charm of our white and black silk blouse. Featuring a crisp white collar, striking black cuffs, and delicate black buttons, this long-sleeved blouse combines modern elegance with classic style. The front pocket adds a functional detail, making it suitable for both casual and formal occasions.","{""lvl0"": ""apparel"", ""lvl1"": ""apparel > tops""}",85,tops,https://storage.googleapis.com/landingpage-al/91390037_0.jpg,"[""silk"", ""elegant"", ""collared""]",true,White and Black Silk Blouse,2047,0.67
apparel-sample-data-2298416000,"[""black""]","Discover effortless style with our Black Lace-Up Blouse. This piece features a deep V-neckline and long sleeves, crafted from a soft, flowy fabric for a comfortable fit. The intricate lace-up detailing, enhanced with shiny metallic thread, lends a touch of sophistication to this relaxed, bohemian-inspired top. Perfect for layering over a basic tee or dressing up with your favorite accessories.","{""lvl0"": ""apparel"", ""lvl1"": ""apparel > tops""}",75,tops,https://storage.googleapis.com/landingpage-al/91388319_0.jpg,"[""black"", ""lace-up"", ""silk"", ""bohemian"", ""elegant""]",true,Black Lace-Up Blouse,890,0.28
apparel-sample-data-2298414000,"[""red"", ""gold""]","Discover the charm of our red polka dot blouse, featuring a sophisticated high collar and long sleeves. The front button placket adds a classic touch, while the sheer red mesh overlay, embellished with a gold metallic threaded pattern, enhances its unique appeal. The neckline is elegantly adorned with a gold metallic bow, and the glossy fabric offers a luxurious, silky texture, making it perfect for both casual and formal occasions.","{""lvl0"": ""apparel"", ""lvl1"": ""apparel > tops""}",75,tops,https://storage.googleapis.com/landingpage-al/91388162_3.jpg,"[""multicolor"", ""glitter"", ""elegant"", ""sheer""]",true,Red Polka Dot Blouse,980,0.74
apparel-sample-data-2298405000,"[""white""]","Discover the charm of our white lace blouse, designed with a flattering wrap style and complemented by a sleek black belt. The sheer lace material adds a delicate touch, while the ruffled collar and sleeves create a romantic silhouette. Perfect for pairing with a black pencil skirt for an effortlessly chic look.","{""lvl0"": ""apparel"", ""lvl1"": ""apparel > tops""}",85,tops,https://storage.googleapis.com/landingpage-al/91386689_0.jpg,"[""sheer"", ""lace"", ""elegant"", ""wrap""]",true,White Lace Blouse with Black Belt,875,0.78
apparel-sample-data-2298394000,"[""white"", ""black""]","Discover our floral print top featuring a delicate white and black design. This top offers a relaxed fit and a classic round neckline, making it ideal for casual outings or paired with your favorite jeans for a chic look.","{""lvl0"": ""apparel"", ""lvl1"": ""apparel > tops""}",45,tops,https://storage.googleapis.com/landingpage-al/91383022_0.jpg,"[""floral"", ""loose fit"", ""elegant""]",true,Floral Print Top,890,0.08
apparel-sample-data-2298390000,"[""black""]","Discover the perfect blend of style and comfort with our black sleeveless top. Featuring a flattering v-neckline and a convenient back zipper, this fitted piece is crafted from stretchy material, ensuring a comfortable fit. Ideal for both casual outings and dressier occasions.","{""lvl0"": ""apparel"", ""lvl1"": ""apparel > tops""}",45,tops,https://storage.googleapis.com/landingpage-al/91382448_1.jpg,"[""sleek"", ""fitted"", ""sleeveless""]",true,Black Sleeveless Top,875,0.78
apparel-sample-data-2298384000,"[""white""]","This elegant white blouse features a loose fit and delicate ruffles, complemented by long sleeves and a rounded neckline. The charming front tie adds a playful touch, making it a versatile piece for both casual and formal occasions.","{""lvl0"": ""apparel"", ""lvl1"": ""apparel > tops""}",65,tops,https://storage.googleapis.com/landingpage-al/91379947_0.jpg,"[""ruffled"", ""long-sleeved"", ""elegant""]",true,Elegant White Ruffled Blouse,875,0.44
apparel-sample-data-2298376000,"[""white"", ""black""]","Discover the charm of our floral print blouse featuring a stylish white and black design. With its elegant v-neckline, long sleeves, and practical front button placket, this top is a perfect choice for both casual outings and office wear.","{""lvl0"": ""apparel"", ""lvl1"": ""apparel > tops""}",45,tops,https://storage.googleapis.com/landingpage-al/91378243_0.jpg,"[""floral"", ""v-neck"", ""long sleeves"", ""casual""]",true,Floral Print Blouse,890,0.6
apparel-sample-data-2298372000,"[""black""]","Discover the perfect blend of comfort and style with our black ruffled blouse. This piece features three-quarter length sleeves, a round neckline, and a loose fit that drapes elegantly. Adorned with charming ruffles on the sleeves and a delightful ruffle at the bottom, it’s crafted from a lightweight cotton-linen blend, making it ideal for casual wear.","{""lvl0"": ""tops"", ""lvl1"": ""tops > blouses""}",45,blouses,https://storage.googleapis.com/landingpage-al/91377888_0.jpg,"[""multicolor"", ""ruffle"", ""casual"", ""comfortable""]",true,Black Ruffled Blouse,890,0.94
apparel-sample-data-2298352000,"[""white""]","Discover the charm of our Delphine white silk blouse, designed with a high neck and elegant long sleeves. The distinctive front tie, crafted from a luxurious black fringe material, adds a playful touch. Featuring a ruffled collar and hemline, this sheer silk chiffon piece effortlessly transitions from a casual outing to a sophisticated evening event.","{""lvl0"": ""women's clothing"", ""lvl1"": ""women's clothing > tops""}",95,tops,https://storage.googleapis.com/landingpage-al/91375715_0.jpg,"[""silk"", ""cropped"", ""elegant""]",true,Delphine White Silk Blouse,879,0.38
apparel-sample-data-2298350000,"[""black""]","Step into comfort with our black off-the-shoulder top, designed with charming ruffles on the sleeves and a wide neckline. Crafted from a soft, flowy material, this top offers a relaxed fit that effortlessly combines style and ease for various occasions.","{""lvl0"": ""apparel"", ""lvl1"": ""apparel > tops""}",45,tops,https://storage.googleapis.com/landingpage-al/91375332_0.jpg,"[""multicolor"", ""off-shoulder"", ""stylish"", ""casual""]",true,Black Off-the-Shoulder Top,897,0.51
apparel-sample-data-2298349000,"[""pink""]","Introduce a touch of sophistication to your wardrobe with this pink ruffled blouse. Designed with a high neckline and crafted from lightweight fabric, the blouse features delicate ruffles that add a charming contrast, creating a fitted silhouette that's perfect for both casual and dressy occasions.","{""lvl0"": ""apparel"", ""lvl1"": ""apparel > tops""}",55,tops,https://storage.googleapis.com/landingpage-al/91375245_0.jpg,"[""ruffled"", ""sleeveless"", ""lightweight"", ""elegant""]",true,Pink Ruffled Blouse,980,0.11
apparel-sample-data-2298346000,"[""white"", ""yellow""]","Discover a splendid floral print sleeveless top featuring a vibrant yellow design against a crisp white background. This elegantly tailored top showcases a satin finish and is adorned with a charming bow detail at the front, making it an ideal choice for high-waisted bottoms. Experience comfort and style seamlessly combined for any occasion.","{""lvl0"": ""apparel"", ""lvl1"": ""apparel > tops""}",75,tops,https://storage.googleapis.com/landingpage-al/91375153_0.jpg,"[""embroidered"", ""floral"", ""satin"", ""summer""]",true,Floral Print Sleeveless Top,890,0.99
apparel-sample-data-2298343000,"[""black"", ""white""]","Discover the charm of our polka dot dress, blending classic black and white patterns in a loose fit design. With a flattering round neckline, this versatile piece features a delightful contrast between the black polka dots on the front and the white dots on the back, making it perfect for any casual occasion.","{""lvl0"": ""apparel"", ""lvl1"": ""apparel > tops""}",75,tops,https://storage.googleapis.com/landingpage-al/91374906_0.jpg,"[""polka dot"", ""loose fit"", ""round neckline""]",true,Polka Dot Dress,890,0.1
apparel-sample-data-2298339000,"[""blue"", ""white""]","Discover the charm of our blue and white bohemian top, designed for effortless style. This loose-fitting piece features a flattering v-neckline and long sleeves with cuffs, adorned with delicate white embroidered flowers and striking white stripes on the sleeves, perfect for casual outings or relaxed gatherings.","{""lvl0"": ""apparel"", ""lvl1"": ""apparel > tops""}",45,tops,https://storage.googleapis.com/landingpage-al/91374375_0.jpg,"[""bohemian"", ""embroidered"", ""casual""]",true,Blue and White Bohemian Top,980,0.05
apparel-sample-data-2298338000,"[""black"", ""white""]","Discover the charm of our black and white mesh top, featuring a striking sheer fabric with elegant ruffled edges. Designed with a high neckline and long sleeves, this top seamlessly blends sophistication with contemporary style, making it an ideal choice for an evening out.","{""lvl0"": ""clothing"", ""lvl1"": ""clothing > tops""}",85,tops,https://storage.googleapis.com/landingpage-al/91374319_0.jpg,"[""multicolor"", ""ruffled"", ""mesh"", ""fashionable""]",true,Black and White Ruffled Mesh Top,890,0.71
apparel-sample-data-2298333000,"[""white""]","Discover the perfect blend of simplicity and elegance with our white blouse. Featuring a high rounded neckline, long sleeves, and a pleated front, this soft matte piece is versatile enough for both casual outings and formal gatherings.","{""lvl0"": ""tops"", ""lvl1"": ""tops > blouses""}",75,blouses,https://storage.googleapis.com/landingpage-al/91372731_0.jpg,"[""elegant"", ""soft"", ""versatile""]",true,Elegant White Blouse,982,0.14
apparel-sample-data-2298332000,"[""black"", ""red"", ""purple""]","Discover a stylish blend of sophistication and flair with our black and red striped shirt, featuring an elegant purple high collar and thin, evenly spaced stripes. Crafted from a comfortable cotton-polyester blend, this versatile piece pairs effortlessly with a range of bottoms, offering a chic addition to your wardrobe.","{""lvl0"": ""clothing"", ""lvl1"": ""clothing > tops""}",65,tops,https://storage.googleapis.com/landingpage-al/91372429_1.jpg,"[""black"", ""striped"", ""fashionable""]",true,Black and Red Striped Shirt,980,0.13
apparel-sample-data-2298329000,"[""blue""]","Discover the luxurious feel of our blue silk top, designed with a round neckline and flowing long sleeves. Its lightweight, shiny fabric ensures comfort while providing a sophisticated silhouette, making it an ideal choice for both casual outings and elegant evenings.","{""lvl0"": ""women's apparel"", ""lvl1"": ""women's apparel > tops""}",85,tops,https://storage.googleapis.com/landingpage-al/91371252_0.jpg,"[""silk"", ""elegant"", ""loose fit""]",true,Blue Silk Top,880,0.05
apparel-sample-data-2298327000,"[""black""]","Discover the charm of our Giulia Black Off-the-Shoulder Blouse. Crafted from a stretchy ribbed material, this top features a stylish high neckline and long sleeves that extend past the elbow. The unique ruffled edge adds an eye-catching detail, making it an exquisite addition to any wardrobe.","{""lvl0"": ""apparel"", ""lvl1"": ""apparel > tops""}",75,tops,https://storage.googleapis.com/landingpage-al/91370216_0.jpg,"[""black"", ""off-the-shoulder"", ""ruffled"", ""elegant""]",true,Giulia Black Off-the-Shoulder Blouse,890,0.58
apparel-sample-data-2298317000,"[""black"", ""white""]","Discover the charm of our black and white printed blouse adorned with a delicate floral pattern. This shirt features a classy black collar and stylish black and white sleeves, making it a versatile addition to your wardrobe. Perfect for layering or wearing solo, it's an ideal choice for any occasion.","{""lvl0"": ""clothing"", ""lvl1"": ""clothing > tops""}",55,tops,https://storage.googleapis.com/landingpage-al/91367091_0.jpg,"[""floral"", ""chiffon"", ""elegant""]",true,Floral Print Blouse,875,0.96
apparel-sample-data-2298315000,"[""white"", ""black""]","Discover the perfect blend of style and comfort with our striped loose fit shirt. This classic white and black design features a chic striped pattern and a stylish front pocket, making it a versatile addition to any wardrobe. The long sleeves and relaxed fit ensure all-day comfort, suitable for both casual outings and relaxed office settings.","{""lvl0"": ""apparel"", ""lvl1"": ""apparel > tops""}",49.99,tops,https://storage.googleapis.com/landingpage-al/91366931_0.jpg,"[""striped"", ""casual"", ""versatile""]",true,Striped Loose Fit Shirt,892,0.56
apparel-sample-data-2298314000,"[""black"", ""white"", ""gray""]","Embrace a bohemian vibe with our black and white floral print top. Featuring a stylish button-down collar, long sleeves, and a convenient front pocket, this lightweight top is perfect for casual outings. The delicate floral pattern adds a touch of charm, making it a versatile addition to your wardrobe.","{""lvl0"": ""apparel"", ""lvl1"": ""apparel > tops""}",49.99,tops,https://storage.googleapis.com/landingpage-al/91366345_0.jpg,"[""multicolor"", ""paisley-print"", ""bohemian"", ""casual""]",true,Black and White Floral Print Top,956,0.52
apparel-sample-data-2298305000,"[""black"", ""grey"", ""white""]","Discover the charm of our floral black and grey blouse, designed with a chic black collar. Adorned with delicate floral patterns in gray and white, this piece features striking long bell sleeves for added elegance. It's perfect for capturing attention while maintaining a sophisticated look.","{""lvl0"": ""apparel"", ""lvl1"": ""apparel > tops""}",75,tops,https://storage.googleapis.com/landingpage-al/91365234_0.jpg,"[""floral"", ""long sleeve"", ""bell sleeve"", ""sophisticated""]",true,Floral Black and Grey Blouse,894,0.55
apparel-sample-data-2298303000,"[""white""]","Discover our white ruffled blouse, designed with a high collar and charming ruffled front that adds a feminine touch. Crafted from lightweight fabric, this long-sleeve blouse offers a relaxed fit, ensuring comfort and versatility for various occasions.","{""lvl0"": ""women's clothing"", ""lvl1"": ""women's clothing > tops""}",75,blouses,https://storage.googleapis.com/landingpage-al/91364551_0.jpg,"[""lace-trimmed"", ""elegant"", ""versatile""]",true,White Ruffled Blouse,982,0.34
apparel-sample-data-2298297000,"[""light blue"", ""dark blue"", ""white""]","Immerse yourself in a touch of charm with our floral pattern blouse. This exquisite piece features a light blue hue complemented by dark blue trim on the neckline and cuffs. Its long sleeves and high neckline create a sophisticated silhouette, while the loose fit ensures comfort throughout the day. Perfect for casual outings or laid-back office days.","{""lvl0"": ""apparel"", ""lvl1"": ""apparel > blouses""}",75,tops,https://storage.googleapis.com/landingpage-al/91363210_0.jpg,"[""floral"", ""multicolor"", ""casual""]",true,Floral Pattern Blouse,890,0.03
apparel-sample-data-2298296000,"[""black"", ""white""]","Discover the charm of our floral print blouse, beautifully crafted with a high neckline and long sleeves. This elegant piece features a sophisticated blend of black, white, and gray patterns, made from luxurious silky material that drapes effortlessly for a relaxed fit.","{""lvl0"": ""apparel"", ""lvl1"": ""apparel > tops""}",85,tops,https://storage.googleapis.com/landingpage-al/91363129_0.jpg,"[""floral"", ""silk"", ""loose fit"", ""elegant""]",true,Floral Print Silk Blouse,942,0.67
apparel-sample-data-2298294000,"[""white""]","Discover the charm of our white knot-detail top, designed with a high neckline and elegant ruffled collar. Crafted from shiny material, this sleeveless piece showcases modern style, making it a versatile addition to your wardrobe.","{""lvl0"": ""apparel"", ""lvl1"": ""apparel > tops""}",75,tops,https://storage.googleapis.com/landingpage-al/91362584_0.jpg,"[""knot-detail"", ""sleeveless"", ""modern""]",true,White knot-detail top,890,0.89
apparel-sample-data-2298286000,"[""black""]","Discover the charm of our Black Lace Cold Shoulder Top, featuring a delicate ruffled neckline and short sleeves. This versatile piece pairs beautifully with a black camisole for a sophisticated look that transitions effortlessly from day to night.","{""lvl0"": ""apparel"", ""lvl1"": ""apparel > tops""}",75,tops,https://storage.googleapis.com/landingpage-al/91361627_0.jpg,"[""black"", ""lace"", ""cold shoulder"", ""elegant""]",true,Black Lace Cold Shoulder Top,982,0.84
apparel-sample-data-2298284000,"[""red""]","Discover the perfect blend of comfort and style with our red blouse featuring long sleeves and a sophisticated cowl neckline. Designed with a loose fit and crafted from stretchy material, this blouse offers both elegance and ease. The ruffled cuffs add a delicate touch, making it an ideal choice for various occasions.","{""lvl0"": ""apparel"", ""lvl1"": ""apparel > blouses""}",55,tops,https://storage.googleapis.com/landingpage-al/91361271_0.jpg,"[""plus size"", ""sheer"", ""elegant"", ""casual""]",true,Red Cowl Neck Blouse,890,0.9
apparel-sample-data-2298272000,"[""blue"", ""white""]","Discover comfort and style with our blue and white plaid shirt, designed with a relaxed fit and crafted from soft flannel. It features a high, open collar and long sleeves with buttoned cuffs, offering an effortlessly chic vibe. Perfect for pairing with jeans or layering over a cami for versatile looks.","{""lvl0"": ""apparel"", ""lvl1"": ""apparel > tops""}",49.99,tops,https://storage.googleapis.com/landingpage-al/91359178_0.jpg,"[""multicolor"", ""relaxed fit"", ""flannel"", ""oversized""]",true,Blue and White Plaid Shirt,875,0.82
apparel-sample-data-2298264000,"[""white"", ""black""]","Discover a stylish blend of patterns with our white and black printed blouse. This unique piece features a charming ruffled collar and a chic black tie at the neck. Its loose fit ensures comfort while showcasing a playful polka dot and leopard print design, making it a versatile addition to any casual wardrobe.","{""lvl0"": ""apparel"", ""lvl1"": ""apparel > tops""}",75,tops,https://storage.googleapis.com/landingpage-al/91357479_0.jpg,"[""multicolor"", ""animal print"", ""ruffle"", ""long sleeve"", ""casual""]",true,White and Black Printed Blouse,950,0.39
apparel-sample-data-2298263000,"[""black""]","Discover the allure of our elegant black lace top, featuring an exquisite sheer netting overlay and an intricate floral lace design. This piece boasts a chic keyhole neckline and a stylish lace-up back, making it a perfect addition to your wardrobe for both casual outings and special occasions.","{""lvl0"": ""apparel"", ""lvl1"": ""apparel > tops""}",75,tops,https://storage.googleapis.com/landingpage-al/91357346_2.jpg,"[""multicolor"", ""crochet"", ""frill"", ""bohemian"", ""elegant""]",true,Elegant Black Lace Top,890,0.51
apparel-sample-data-2298253000,"[""black"", ""white""]","Discover the sophistication of our floral black and white blouse, beautifully crafted with sheer black silk-chiffon and adorned with delicate lace overlays. Featuring long sleeves with black lace trim and a high collar, this blouse boasts a stunning floral design on the front that effortlessly enhances your look for any occasion.","{""lvl0"": ""apparel"", ""lvl1"": ""apparel > tops""}",89.99,tops,https://storage.googleapis.com/landingpage-al/91355943_0.jpg,"[""black"", ""sequin-embellished"", ""floral"", ""elegant""]",true,Floral Black and White Blouse,980,0.14
apparel-sample-data-2298252000,"[""green"", ""black""]","Discover the charm of our green and black floral blouse, beautifully designed with a delicate lace collar and long sleeves. Crafted from a luxurious blend of cotton and silk, this piece seamlessly combines bohemian flair with classic elegance, making it a versatile addition to any wardrobe.","{""lvl0"": ""apparel"", ""lvl1"": ""apparel > tops""}",75,tops,https://storage.googleapis.com/landingpage-al/91355699_0.jpg,"[""multicolor"", ""broderie"", ""cotton"", ""bohemian"", ""floral""]",true,Green and Black Floral Blouse,892,0.15
apparel-sample-data-2298250000,"[""pink""]","Discover the charm of our pink silky blouse featuring a flattering v-neckline and long, loose sleeves enhanced with ruffled cuffs. The front tie adds a touch of sophistication, making it an ideal choice for both casual outings and elegant gatherings.","{""lvl0"": ""apparel"", ""lvl1"": ""apparel > tops""}",85,tops,https://storage.googleapis.com/landingpage-al/91355443_0.jpg,"[""pink"", ""silky"", ""blouse"", ""elegant"", ""fashionable""]",true,Pink Silky Blouse,980,0.58
apparel-sample-data-2298249000,"[""black"", ""white"", ""red""]","Discover a beautiful blend of style and comfort with our floral printed blouse. This black and white top features a ruffled neckline and puffed sleeves, designed with a relaxed fit. The bold floral design showcases vibrant red accents, making it a versatile choice for both casual and dressy occasions.","{""lvl0"": ""apparel"", ""lvl1"": ""apparel > tops""}",45,tops,https://storage.googleapis.com/landingpage-al/91355266_0.jpg,"[""floral"", ""puffed sleeves"", ""loose fit"", ""elegant""]",true,Floral Printed Blouse,980,0.74
apparel-sample-data-2298247000,"[""white""]","Discover the perfect blend of comfort and style with our white casual blouse. Featuring a loose fit and a round neckline, this lightweight top is crafted from breathable materials, making it an ideal choice for everyday wear. The long sleeves add a touch of elegance, ensuring you look effortlessly chic at any occasion.","{""lvl0"": ""apparel"", ""lvl1"": ""apparel > tops""}",45,tops,https://storage.googleapis.com/landingpage-al/91354926_0.jpg,"[""lightweight"", ""casual"", ""comfortable""]",true,White Casual Blouse,980,0.09
apparel-sample-data-2298240000,"[""white"", ""pink""]","Discover the charm of our white lace blouse, designed with a pink silk tie at the neckline. This blouse features a beautiful crochet lace design complemented by a ruffled collar and long sleeves, offering a relaxed fit ideal for a stylish yet casual appearance.","{""lvl0"": ""apparel"", ""lvl1"": ""apparel > tops""}",80,tops,https://storage.googleapis.com/landingpage-al/91354144_0.jpg,"[""lace"", ""casual"", ""stylish""]",true,White lace blouse with pink silk tie,875,0.14
apparel-sample-data-2298235000,"[""white""]","Discover the charm of our white polka dot blouse, designed with a luxurious gold silk neckline. Crafted from smooth, silky material, this blouse features a relaxed fit, making it a perfect addition to your casual and semi-formal wardrobe.","{""lvl0"": ""apparel"", ""lvl1"": ""apparel > tops""}",75,tops,https://storage.googleapis.com/landingpage-al/91353340_0.jpg,"[""printed"", ""petite"", ""elegant""]",true,White Polka Dot Blouse,890,0.03
apparel-sample-data-2298226000,"[""black""]","Discover the perfect blend of comfort and style with our elegant black dress. Designed with a drawstring waist and long sleeves, this piece features a shiny material that drapes beautifully for a relaxed yet sophisticated look.","{""lvl0"": ""clothing"", ""lvl1"": ""clothing > tops""}",85,tops,https://storage.googleapis.com/landingpage-al/91351979_0.jpg,"[""black"", ""silk blend"", ""elegant"", ""loose fit""]",true,Elegant Black Dress,950,0.85
apparel-sample-data-2298224000,"[""pink""]","Discover a charming blend of style and comfort with our pink polka dot sweater. Designed with a flattering ribbed neckline and long sleeves, this sheer sweater is adorned with delicate light pink lace and a row of small pink beads, making it a perfect choice for adding a touch of whimsy to your outfit.","{""lvl0"": ""upper wear"", ""lvl1"": ""upper wear > blouses""}",75,blouses,https://storage.googleapis.com/landingpage-al/91351911_1.jpg,"[""multicolor"", ""sheer"", ""long sleeve"", ""knit"", ""elegant""]",true,Pink Polka Dot Sweater,875,0.34
apparel-sample-data-2298216000,"[""white"", ""black""]","Discover versatility with our white and black abstract print top. This lightweight v-neck design, crafted from a soft cotton blend, effortlessly combines comfort and style, making it a perfect choice for any occasion.","{""lvl0"": ""apparel"", ""lvl1"": ""apparel > tops""}",45,tops,https://storage.googleapis.com/landingpage-al/91349284_0.jpg,"[""abstract"", ""lightweight"", ""fashionable""]",true,White and Black Abstract Print Top,982,0.8
apparel-sample-data-2298215000,"[""ivory""]","Discover our elegant ivory wrap top featuring a soft cowl neckline. Crafted from stretchy knit fabric, this top offers a relaxed fit that effortlessly transitions from casual to dressy, making it a must-have versatile piece for your wardrobe.","{""lvl0"": ""apparel"", ""lvl1"": ""apparel > tops""}",55,tops,https://storage.googleapis.com/landingpage-al/91349269_0.jpg,"[""natural"", ""faux-wrap"", ""versatile"", ""jersey""]",true,Ivory Cowl Neck Wrap Top,982,0.38
apparel-sample-data-2298212000,"[""blue"", ""white""]","Discover style and comfort with our blue and white striped blouse featuring delicate ruffles at the collar and cuffs. Made from soft cotton-poplin, this shirt balances chic design with everyday wearability, perfect for any occasion.","{""lvl0"": ""apparel"", ""lvl1"": ""apparel > tops""}",75,tops,https://storage.googleapis.com/landingpage-al/91348109_0.jpg,"[""striped"", ""cotton-poplin"", ""multicolor"", ""feminine""]",true,Blue and White Striped Blouse,980,0.19
apparel-sample-data-2298206000,"[""white""]","Discover the allure of our elegant white blouse, crafted with a stunning ruffled neckline and delicate long sleeves. The wrap-around design and sheer, lightweight fabric create a graceful silhouette that drapes beautifully over the body. With its loose fit and high-low hemline, this blouse is perfect for sophisticated occasions.","{""lvl0"": ""tops"", ""lvl1"": ""tops > blouses""}",75,blouses,https://storage.googleapis.com/landingpage-al/91347284_1.jpg,"[""multicolor"", ""ruffle"", ""elegant"", ""sheer"", ""lightweight""]",true,Elegant White Ruffled Blouse,982,0.88
apparel-sample-data-2298203000,"[""white""]","This white blouse combines classic style with feminine charm. Crafted from a lightweight cotton or polyester blend, it features delicate ruffles along the high neckline and long sleeves with buttoned cuffs, making it a versatile addition to your wardrobe.","{""lvl0"": ""apparel"", ""lvl1"": ""apparel > tops""}",75,tops,https://storage.googleapis.com/landingpage-al/91346283_0.jpg,"[""multicolor"", ""ivory"", ""frill"", ""feminine"", ""classic""]",true,White Ruffled Blouse,890,0.24
apparel-sample-data-2298198000,"[""white""]","Discover the charm of our white lace blouse, designed with a high neckline and long sleeves for a timeless silhouette. The delicate lace fabric enhances its elegance, while the ruffled collar adds a playful femininity. This versatile piece is perfect for both casual and formal occasions, effortlessly elevating your wardrobe.","{""lvl0"": ""apparel"", ""lvl1"": ""apparel > tops""}",85,tops,https://storage.googleapis.com/landingpage-al/91343385_0.jpg,"[""lace"", ""elegant"", ""feminine""]",true,White Lace Blouse,982,0.57
apparel-sample-data-2298194000,"[""red"", ""black"", ""white""]","Discover a refreshing style with our floral print top featuring a charming black and white color scheme. Designed with a round neckline and short sleeves, this lightweight piece offers a relaxed fit, perfect for your everyday looks. The intricate floral design showcases a mix of bold and subtle flower patterns, enhancing your casual wardrobe effortlessly.","{""lvl0"": ""apparel"", ""lvl1"": ""apparel > tops""}",45,tops,https://storage.googleapis.com/landingpage-al/91342876_0.jpg,"[""floral"", ""casual"", ""lightweight""]",true,Floral Print Casual Top,875,0.7
apparel-sample-data-2298193000,"[""beige""]","Discover effortless style with our beige blouse featuring a sophisticated cowl neckline and three-quarter length sleeves. Crafted from soft, flowing material, this loose-fit design ensures comfort and elegance, making it ideal for both casual and formal occasions.","{""lvl0"": ""apparel"", ""lvl1"": ""apparel > tops""}",75,tops,https://storage.googleapis.com/landingpage-al/91342356_0.jpg,"[""neutral"", ""flowing"", ""elegant"", ""comfortable""]",true,Beige cowl neckline blouse,980,0.88
apparel-sample-data-2298189000,"[""blue""]","Discover the charm of our blue top featuring exquisite lace details along the neckline and long sleeves. Crafted from a soft, flowy material, it offers a relaxed fit, making it a perfect choice for both casual and semi-formal occasions.","{""lvl0"": ""women's clothing"", ""lvl1"": ""women's clothing > tops""}",45,tops,https://storage.googleapis.com/landingpage-al/91341654_0.jpg,"[""blue"", ""crepe"", ""peasant"", ""delicate""]",true,Blue Lace Detail Top,980,0.54
apparel-sample-data-2298188000,"[""black"", ""white""]","Discover our elegant black and white blouse crafted from lightweight chiffon. Designed with a short sleeve and an eye-catching black ruffled layer, this blouse offers a flowy silhouette that effortlessly combines comfort and style, making it an ideal choice for both casual outings and more formal events.","{""lvl0"": ""apparel"", ""lvl1"": ""apparel > tops""}",75,tops,https://storage.googleapis.com/landingpage-al/91341605_0.jpg,"[""chiffon"", ""flowy"", ""elegant""]",true,Black and White Ruffled Blouse,980,0.12
apparel-sample-data-2298186000,"[""black""]","Discover the charm of our black sequined blouse, designed with a loose fit and a stylish v-neck. Highlighted by a sparkling array of small sequins, it features a sleek silver zipper at the back, adding an elegant touch perfect for both casual and formal occasions.","{""lvl0"": ""apparel"", ""lvl1"": ""apparel > tops""}",75,blouses,https://storage.googleapis.com/landingpage-al/91341390_0.jpg,"[""black"", ""long-sleeved"", ""v-neck"", ""sequin"", ""fashionable""]",true,Black Sequined Blouse,980,0.36
apparel-sample-data-2298171000,"[""pink""]","Discover the charm of our pink lightweight blouse, designed with a rounded neckline and three-quarter length sleeves. Its loose fit and breathable fabric make it an ideal choice for warm days, ensuring comfort and style in any casual setting.","{""lvl0"": ""apparel"", ""lvl1"": ""apparel > tops""}",45,tops,https://storage.googleapis.com/landingpage-al/91339741_0.jpg,"[""lightweight"", ""loose fit"", ""versatile""]",true,Pink lightweight blouse,984,0.35
apparel-sample-data-2298168000,"[""black""]","Discover this chic black lace-up top featuring a ruffled front and a stylish tie at the neck. Designed with a loose fit and a flattering v-neckline, it's crafted from a stretchy material that enhances comfort. The soft, flowy fabric adds a touch of elegance, making it perfect for layering over a camisole or wearing alone for a statement look.","{""lvl0"": ""apparel"", ""lvl1"": ""apparel > tops""}",45,tops,https://storage.googleapis.com/landingpage-al/91339358_0.jpg,"[""black"", ""bohemian"", ""lace-up"", ""flowy"", ""layering""]",true,Black lace-up top with ruffled front,980,0.98
apparel-sample-data-2298158000,"[""pink"", ""nude""]","Discover comfort and style with our pink lightweight top. Designed with a rounded neckline and short sleeves, this casual piece is crafted from a soft blend of cotton and polyester, making it ideal for everyday wear. Effortlessly pair it with your favorite jeans or skirts for a laid-back yet chic look.","{""lvl0"": ""apparel"", ""lvl1"": ""apparel > tops""}",35,tops,https://storage.googleapis.com/landingpage-al/91338343_0.jpg,"[""multicolor"", ""casual"", ""comfortable"", ""lightweight"", ""versatile""]",true,Pink lightweight casual top,879,0.38
apparel-sample-data-2298155000,"[""white"", ""black""]","Discover effortless style with our multicolor ruffled tank top, featuring a classic black tie around the neck. Crafted from a lightweight silk-blend material, this top boasts a loose fit and beautifully layered black and white ruffles for a refined touch, ideal for warm-weather outings.","{""lvl0"": ""tops"", ""lvl1"": ""tops > blouses""}",75,blouses,https://storage.googleapis.com/landingpage-al/91338286_0.jpg,"[""multicolor"", ""silk-blend"", ""ruffled"", ""elegant""]",true,Multicolor Ruffled Tank Top,987,0.92
apparel-sample-data-2298142000,"[""light grey""]","Discover the perfect blend of comfort and sophistication with our light grey silk blouse. Designed with a flattering v-neckline and long sleeves, this piece features a relaxed fit and is crafted from soft, silky material, making it an ideal choice for both casual and formal occasions.","{""lvl0"": ""apparel"", ""lvl1"": ""apparel > tops""}",85,tops,https://storage.googleapis.com/landingpage-al/91337187_0.jpg,"[""v-neck"", ""solid"", ""elegant"", ""comfortable""]",true,Light Grey Silk Blouse,879,0.24
apparel-sample-data-2298140000,"[""blue"", ""white""]","Discover the charm of our blue and white blouse featuring a delicate floral pattern. With its high neckline and long sleeves, this lightweight top is crafted for comfort and style. The beautiful blue and white flowers are complemented by vibrant green leaves, making it an ideal choice for effortlessly chic looks.","{""lvl0"": ""apparel"", ""lvl1"": ""apparel > tops""}",45,tops,https://storage.googleapis.com/landingpage-al/91336636_0.jpg,"[""floral"", ""lightweight"", ""comfortable""]",true,Blue and White Floral Blouse,980,0.17
apparel-sample-data-2298138000,"[""white"", ""gray""]","Discover the perfect blend of style and comfort with our white high-collar blouse. Featuring long sleeves, a front button, and a subtle zipper closure, this lightweight fabric ensures all-day ease. Ideal for both professional and casual occasions, this blouse is a versatile addition to any wardrobe.","{""lvl0"": ""apparel"", ""lvl1"": ""apparel > tops""}",75,tops,https://storage.googleapis.com/landingpage-al/91336493_0.jpg,"[""gray"", ""keyhole"", ""contrast"", ""elegant""]",true,White high-collar blouse,890,0.99
apparel-sample-data-2298133000,"[""black"", ""white""]","Discover our chic black and white ruffled top, designed with a stylish metal zipper. This piece features a striking black ruffle on the neckline paired with elegant white ruffles on the sleeves, crafted from a comfortable cotton blend. Its versatile design seamlessly transitions from casual outings to more formal occasions.","{""lvl0"": ""apparel"", ""lvl1"": ""apparel > tops""}",75,tops,https://storage.googleapis.com/landingpage-al/91336066_0.jpg,"[""crepe"", ""ruffled"", ""versatile""]",true,Black and White Ruffled Top,890,0.58
apparel-sample-data-2298122000,"[""dark blue""]","Discover the charm of our dark blue silk top featuring a round neckline and a convenient front button. Designed with a relaxed fit, this luxurious piece drapes beautifully and offers unparalleled comfort, making it an ideal choice for both casual and formal occasions.","{""lvl0"": ""apparel"", ""lvl1"": ""apparel > tops""}",85,tops,https://storage.googleapis.com/landingpage-al/91334528_0.jpg,"[""silk"", ""relaxed-fit"", ""elegant""]",true,Dark Blue Silk Top,982,0.74
apparel-sample-data-2298116000,"[""black"", ""white""]","Discover a chic addition to your wardrobe with our black and white polka dot blouse. Crafted from luxurious silky material, this blouse features a stylish black and gold pattern on a classic polka dot background. Its loose fit offers comfort while making it suitable for both casual outings and formal gatherings.","{""lvl0"": ""apparel"", ""lvl1"": ""apparel > tops""}",45,tops,https://storage.googleapis.com/landingpage-al/91334160_0.jpg,"[""polka dot"", ""silky"", ""casual"", ""formal""]",true,Black and White Polka Dot Blouse,890,0.48
apparel-sample-data-2298102000,"[""blue""]","Discover a blend of comfort and sophistication with our blue top featuring a delicate lace collar. Crafted from soft cotton fabric, this loose-fitting design promises both ease and style, making it an ideal choice for casual outings.","{""lvl0"": ""apparel"", ""lvl1"": ""apparel > tops""}",45,tops,https://storage.googleapis.com/landingpage-al/91331760_0.jpg,"[""lace"", ""casual"", ""comfortable"", ""elegant""]",true,Blue Lace-Collared Top,980,0.73
apparel-sample-data-2298094000,"[""black"", ""white""]","Discover the charm of our floral printed blouse in a stunning black and white design. Featuring a delicate ruffled collar and long sleeves, this blouse showcases lace trim around the neckline and cuffs, blending elegance with comfort. Crafted from lightweight chiffon or silk, it offers a loose fit, perfect for everyday wear or special occasions.","{""lvl0"": ""women's apparel"", ""lvl1"": ""women's apparel > tops""}",75,tops,https://storage.googleapis.com/landingpage-al/91330733_0.jpg,"[""floral"", ""print"", ""silk"", ""elegant"", ""lightweight""]",true,Floral Printed Blouse,980,0.42
apparel-sample-data-2298093000,"[""black"", ""grey""]","Discover the charm of our black and grey printed blouse, featuring a delicate bow at the neck and a stylish ruffled collar. Crafted from shiny fabric, it not only showcases a beautiful floral print but also offers a comfortable loose fit, making it a versatile addition to your wardrobe for both casual and formal occasions.","{""lvl0"": ""tops"", ""lvl1"": ""tops > blouses""}",75,blouses,https://storage.googleapis.com/landingpage-al/91330724_0.jpg,"[""floral"", ""metallic"", ""elegant""]",true,Black and Grey Printed Blouse,890,0.88
apparel-sample-data-2298092000,"[""white"", ""black""]","Discover the charm of our elegant white blouse, featuring a striking black and white pattern. Designed with a high neck and long sleeves, this silky garment is complemented by a ruffled collar, making it perfect for formal occasions.","{""lvl0"": ""clothing"", ""lvl1"": ""clothing > tops""}",85,tops,https://storage.googleapis.com/landingpage-al/91330666_1.jpg,"[""multicolor"", ""pussy-bow"", ""elegant""]",true,Elegant White Blouse with Ruffled Collar,932,0.64
apparel-sample-data-2298084000,"[""red""]","Discover the perfect blend of sophistication and comfort with our red high-neck blouse. Designed with puffed sleeves and a loose fit, this blouse features a shiny material that adds a touch of sheen. The gathered top and ruffled edges elevate its appeal, making it an ideal choice for both casual and formal occasions.","{""lvl0"": ""clothing"", ""lvl1"": ""clothing > tops""}",75,tops,https://storage.googleapis.com/landingpage-al/91328536_0.jpg,"[""multicolor"", ""sheer"", ""elegant"", ""puffed sleeves""]",true,Red high-neck blouse,890,0.51
apparel-sample-data-2298082000,"[""black"", ""purple""]","Discover the charm of our floral black and purple blouse, designed with a round neckline and long sleeves. Crafted from a light blend of cotton and polyester, this top offers a flowy, bohemian silhouette perfect for any casual outing.","{""lvl0"": ""apparel"", ""lvl1"": ""apparel > tops""}",45,tops,https://storage.googleapis.com/landingpage-al/91328369_0.jpg,"[""floral"", ""bohemian"", ""comfortable""]",true,Floral Black and Purple Blouse,890,0.58
apparel-sample-data-2298078000,"[""white"", ""black""]","Discover effortless style with our floral print blouse in white and black. Featuring a sleeveless design and an elegant boat neckline, this piece offers a flowy, loose fit that softly drapes over your silhouette, making it ideal for both casual outings and more polished looks.","{""lvl0"": ""tops"", ""lvl1"": ""tops > blouses""}",75,blouses,https://storage.googleapis.com/landingpage-al/91328148_0.jpg,"[""floral"", ""asymmetric"", ""silk"", ""flowy""]",true,Floral Print Blouse in White and Black,987,0.63
apparel-sample-data-2298075000,"[""white"", ""red"", ""pink"", ""green""]","Discover the charm of our white floral cold shoulder top, featuring a delightful pattern in shades of red, pink, and green. Crafted from lightweight fabric, this top offers a relaxed fit that makes it ideal for both casual outings and dressing up with your favorite jeans and sandals.","{""lvl0"": ""apparel"", ""lvl1"": ""apparel > tops""}",45,tops,https://storage.googleapis.com/landingpage-al/91327197_0.jpg,"[""multicolor"", ""cold-shoulder"", ""casual"", ""versatile""]",true,White Floral Cold Shoulder Top,890,0.34
apparel-sample-data-2298072000,"[""white""]","Discover the allure of our elegant white sheer blouse, designed with a high neckline and voluminous puffy sleeves. Featuring a delicate ruffled collar and hemline, this piece exudes sophistication with a relaxed fit, perfect for various occasions.","{""lvl0"": ""tops"", ""lvl1"": ""tops > blouses""}",75,blouses,https://storage.googleapis.com/landingpage-al/91326841_0.jpg,"[""multicolor"", ""woven"", ""sheer"", ""elegant""]",true,Elegant White Sheer Blouse,980,0.07
apparel-sample-data-2298068000,"[""black""]","Discover sophistication with our black turtleneck top, designed with long sleeves and a striking mesh back. Made from a stretchy knit fabric, it offers both comfort and style, perfect for layering or wearing on its own.","{""lvl0"": ""apparel"", ""lvl1"": ""apparel > tops""}",75,tops,https://storage.googleapis.com/landingpage-al/91325967_0.jpg,"[""black"", ""turtleneck"", ""mesh"", ""sleek""]",true,Black Turtleneck Top,890,0.28
apparel-sample-data-2298063000,"[""brown"", ""pink""]","Discover sophistication with our brown ruffled top featuring a stylish v-neckline. Crafted from soft material, this top showcases a blend of rich brown and delicate pink ruffles, making it perfect for both casual outings and formal events.","{""lvl0"": ""apparel"", ""lvl1"": ""apparel > tops""}",75,tops,https://storage.googleapis.com/landingpage-al/91325211_0.jpg,"[""ruffled"", ""casual"", ""formal"", ""elegant""]",true,Brown Ruffled Top,876,0.84
apparel-sample-data-2298052000,"[""black""]","This outfit effortlessly combines sophistication and style. The sheer black top features a delicate lace-up detail and long sleeves adorned with ruffled cuffs, perfectly complemented by a high-waisted black leather skirt with a front zipper closure. Ideal for those seeking a chic and trendy look.","{""lvl0"": ""clothing"", ""lvl1"": ""clothing > tops""}",85,tops,https://storage.googleapis.com/landingpage-al/91323887_0.jpg,"[""sheer"", ""fashionable"", ""elegant""]",true,Sheer black top with lace-up detail,980,0.05
apparel-sample-data-2298051000,"[""gray"", ""white""]","Discover the charm of our gray and white sweater, featuring a delicate ruffled neckline and crafted from soft fabric for a comfortable wear. This loose-fit design offers a classic casual look, ideal for relaxed outings or cozy days at home.","{""lvl0"": ""apparel"", ""lvl1"": ""apparel > tops""}",65,tops,https://storage.googleapis.com/landingpage-al/91323878_0.jpg,"[""gray"", ""plus-size"", ""casual"", ""comfortable"", ""ruffled""]",true,Gray and White Ruffled Sweater,890,0.29
apparel-sample-data-2298043000,"[""black""]","Discover the allure of our elegant black lace dress, designed with a high neckline and a captivating low back. The fitted bodice flatters your silhouette, while the flowing skirt ensures a chic movement. Crafted from intricate lace with a stretchy fabric for comfort, this dress is a perfect choice for formal or semi-formal occasions.","{""lvl0"": ""apparel"", ""lvl1"": ""apparel > tops""}",150,tops,https://storage.googleapis.com/landingpage-al/91322314_0.jpg,"[""black"", ""lace"", ""elegant"", ""sleeveless""]",true,Elegant Black Lace Dress,980,0.16
apparel-sample-data-2298041000,"[""black""]","Discover our chic black silk blouse, designed with a high collar and a front button placket. This blouse features a loose fit that pairs beautifully with tailored trousers, and the addition of a black leather jacket draped over the shoulders enhances its relaxed yet stylish appeal.","{""lvl0"": ""apparel"", ""lvl1"": ""apparel > tops""}",85,tops,https://storage.googleapis.com/landingpage-al/91322160_1.jpg,"[""draped"", ""silk-blend"", ""chic"", ""loose-fit""]",true,Chic Black Silk Blouse,974,0.53
apparel-sample-data-2298034000,"[""brown"", ""beige"", ""multicolor""]","Discover the charm of our floral print blouse featuring a delicate brown and beige design. The sheer top elegantly contrasts with a solid brown bottom, while the long bell sleeves with ruffled cuffs add a touch of sophistication. Ideal for pairing with a belt for a defined waistline.","{""lvl0"": ""apparel"", ""lvl1"": ""apparel > tops""}",75,tops,https://storage.googleapis.com/landingpage-al/91320739_0.jpg,"[""floral"", ""sheer"", ""elegant""]",true,Floral Print Blouse,890,0.32
apparel-sample-data-2298028000,"[""blush pink"", ""peach""]","Discover the charm of our blush pink lace top featuring an intricate sequined design. This delicate piece is tailored for a fitted silhouette, making it ideal for layering over a peach-colored dress for any special occasion. The subtle shine of the sequins adds a touch of sophistication to your ensemble.","{""lvl0"": ""clothing"", ""lvl1"": ""clothing > tops""}",75,tops,https://storage.googleapis.com/landingpage-al/91319152_0.jpg,"[""lace"", ""illusion"", ""elegant"", ""plus size""]",true,Blush Pink Lace Top,893,0.61
apparel-sample-data-2298027000,"[""black"", ""grey"", ""white""]","Discover the charm of our multicolor geometric pattern blouse. This stylish black and grey design showcases an elegant high collar made from silky material, featuring a captivating diamond shape pattern that adds a touch of modern sophistication to your wardrobe.","{""lvl0"": ""apparel"", ""lvl1"": ""apparel > tops""}",75,tops,https://storage.googleapis.com/landingpage-al/91319109_0.jpg,"[""multicolor"", ""printed"", ""mock neck"", ""sophisticated""]",true,Multicolor Geometric Pattern Blouse,982,0.74
apparel-sample-data-2298025000,"[""black"", ""white""]","Discover the charm of our black and white polka dot blouse, designed with a classic button-down collar and long sleeves. Featuring a stylish front button placket and a chic front pocket, this piece combines playful patterns with effortless sophistication, perfect for both casual and semi-formal occasions.","{""lvl0"": ""clothing"", ""lvl1"": ""clothing > tops""}",45,tops,https://storage.googleapis.com/landingpage-al/91318639_0.jpg,"[""polka dot"", ""modern"", ""casual""]",true,Black and White Polka Dot Blouse,982,0.48
apparel-sample-data-2298023000,"[""dark blue""]","Discover the elegance of our dark blue silk tie-neck blouse, designed with a stylish bow at the neck and long sleeves. Crafted from luxurious silk, this blouse offers a comfortable loose fit, making it a versatile choice for both casual and formal occasions.","{""lvl0"": ""apparel"", ""lvl1"": ""apparel > tops""}",85,tops,https://storage.googleapis.com/landingpage-al/91318143_0.jpg,"[""blue"", ""silk"", ""dressy"", ""tie-neck""]",true,Dark Blue Silk Tie-Neck Blouse,950,0.3
apparel-sample-data-2298016000,"[""white"", ""blue""]","Discover the charm of our white and blue top, designed with a unique mix of shapes that create an eye-catching pattern. Made from lightweight material, this sleeveless piece offers both comfort and style, making it a versatile addition to your wardrobe for any occasion.","{""lvl0"": ""apparel"", ""lvl1"": ""apparel > tops""}",45,tops,https://storage.googleapis.com/landingpage-al/91317013_0.jpg,"[""embroidered"", ""lightweight"", ""fashionable""]",true,White and Blue Embroidered Top,980,0.14
apparel-sample-data-2298014000,"[""blue"", ""yellow"", ""white""]","Discover our multicolored striped tank top, designed for effortless style. Featuring a relaxed fit and crafted from lightweight fabric, this top combines blue, yellow, and white tones, making it a versatile choice for both casual outings and dressier occasions.","{""lvl0"": ""apparel"", ""lvl1"": ""apparel > tops""}",45,tops,https://storage.googleapis.com/landingpage-al/91316439_0.jpg,"[""blue"", ""striped"", ""lightweight"", ""versatile""]",true,Multicolored Striped Tank Top,879,0.2
apparel-sample-data-2298002000,"[""black"", ""red""]","Discover the perfect blend of edgy and feminine with our Black and Red Floral Top. Adorned with a striking floral pattern, this top features a lace-up neckline and long sleeves crafted from sheer black lace, highlighted with delicate red embroidery. The relaxed fit and slightly oversized silhouette ensure comfort and style, making it a versatile addition to your wardrobe.","{""lvl0"": ""apparel"", ""lvl1"": ""apparel > tops""}",75,tops,https://storage.googleapis.com/landingpage-al/91314098_1.jpg,"[""floral"", ""lace"", ""edgy"", ""feminine""]",true,Black and Red Floral Top,980,0.78
apparel-sample-data-2298000000,"[""white""]","Discover the timeless charm of our classic white blouse, designed with long, relaxed sleeves and a high round neckline. Crafted from soft, creamy fabric, this piece features a button-up front and a rounded hemline, making it a versatile addition to your wardrobe, perfect for dressing up or down for any occasion.","{""lvl0"": ""tops"", ""lvl1"": ""tops > blouses""}",60,blouses,https://storage.googleapis.com/landingpage-al/91313349_0.jpg,"[""pleat"", ""sleeve detail"", ""relaxed fit"", ""versatile""]",true,Classic White Blouse,890,0.26
apparel-sample-data-2297993000,"[""red""]","Discover the charm of our red top, featuring a high rounded neckline and a wide, loose silhouette. Crafted from soft, flowing material, this piece elegantly incorporates a front slit that enhances its overall design, making it perfect for both casual and semi-formal occasions.","{""lvl0"": ""apparel"", ""lvl1"": ""apparel > tops""}",75,tops,https://storage.googleapis.com/landingpage-al/91311534_0.jpg,"[""elegant"", ""silk"", ""flowing""]",true,Red flowing top,932,0.84
apparel-sample-data-2297992000,"[""blue"", ""white""]","Discover a blend of comfort and style with our blue and white striped tank top. This tank features a button-down front and a round neckline, perfect for a relaxed yet polished look. The lightweight linen-blend fabric ensures breathability, making it an ideal choice for warm days.","{""lvl0"": ""apparel"", ""lvl1"": ""apparel > tops""}",45,tops,https://storage.googleapis.com/landingpage-al/91311333_0.jpg,"[""blue"", ""striped"", ""linen-blend"", ""casual""]",true,Blue and White Striped Tank Top,987,0.16
apparel-sample-data-2295802000,"[""black""]","Discover sophistication with our Black Leather Miniskirt. Crafted from high-quality leather, this sleek design boasts a shiny finish and a comfortable zipper closure at the front. The wide belt wraps elegantly around the waist, enhancing your silhouette. Perfect for adding a touch of style to any ensemble.","{""lvl0"": ""bottoms"", ""lvl1"": ""bottoms > skirts""}",85,skirts,https://storage.googleapis.com/landingpage-al/91431559_0.jpg,"[""black"", ""leather"", ""stylish"", ""miniskirt""]",true,Black Leather Miniskirt,930,0.53
apparel-sample-data-2295796000,"[""black"", ""white""]","Get ready for stylish comfort with our Black and White Plaid Mini Skirt. This piece features a black elastic waistband and a chic high-low hemline, crafted from soft, stretchy material that ensures a perfect fit. The timeless checkered pattern adds a touch of sophistication to your casual look.","{""lvl0"": ""bottoms"", ""lvl1"": ""bottoms > skirts""}",45,skirts,https://storage.googleapis.com/landingpage-al/91429401_0.jpg,"[""plaid"", ""mini"", ""high-low"", ""soft fabric""]",true,Black and White Plaid Mini Skirt,897,0.77
apparel-sample-data-2295775000,"[""black"", ""white""]","Discover modern style with our black and white asymmetric skirt. Featuring a chic wrap-around design and a sleek white panel, this skirt is crafted from a comfortable cotton-polyester blend. Its side zipper allows for easy wear, making it an excellent choice for both casual outings and formal events.","{""lvl0"": ""bottoms"", ""lvl1"": ""bottoms > skirts""}",75,skirts,https://storage.googleapis.com/landingpage-al/91415808_0.jpg,"[""asymmetric"", ""stylish"", ""crepe""]",true,Black and White Asymmetric Skirt,980,0.95
apparel-sample-data-2295774000,"[""brown""]","Discover the chic design of our brown faux-suede mini skirt, featuring a stylish zipper closure and a luxurious leather-like texture. The front slit enhances movement, while the faux leather belt adorned with a gold-tone buckle adds a touch of elegance. Perfect for day or night outings.","{""lvl0"": ""bottoms"", ""lvl1"": ""bottoms > skirts""}",75,skirts,https://storage.googleapis.com/landingpage-al/91415467_0.jpg,"[""faux-suede"", ""mod"", ""mini"", ""trendy""]",true,Brown faux-suede mini skirt,943,0.23
apparel-sample-data-2295771000,"[""brown"", ""black"", ""red"", ""orange""]","Discover the charm of our Brown Leather Patchwork Mini Skirt, featuring a vibrant striped pattern in black, red, and orange. Crafted from high-quality leather, this skirt combines style with versatility, making it ideal for both casual outings and formal events. The chic zipper closure enhances its fashionable appeal.","{""lvl0"": ""bottoms"", ""lvl1"": ""bottoms > skirts""}",85,skirts,https://storage.googleapis.com/landingpage-al/91413203_0.jpg,"[""multicolor"", ""leather"", ""patchwork"", ""fashionable""]",true,Brown Leather Patchwork Mini Skirt,980,0.17
apparel-sample-data-2295769000,"[""blue""]","Introducing our chic blue denim midi skirt, designed with five stylish front buttons and a convenient zipper closure. This high-waisted piece features a flattering cut and a front slit for a touch of elegance, making it an ideal addition to any casual wardrobe.","{""lvl0"": ""bottoms"", ""lvl1"": ""bottoms > skirts""}",75,skirts,https://storage.googleapis.com/landingpage-al/91410856_0.jpg,"[""denim"", ""high-waisted"", ""midi"", ""front slit""]",true,Blue Denim Midi Skirt,980,0.78
apparel-sample-data-2295768000,"[""gray""]","Discover the sophisticated charm of our gray plaid midi skirt. Designed for comfort and style, this piece features five elegant black buttons at the front and a discreet side zipper. Crafted from a blend of cotton and polyester, it offers a relaxed fit that's perfect for any occasion.","{""lvl0"": ""bottoms"", ""lvl1"": ""bottoms > skirts""}",75,skirts,https://storage.googleapis.com/landingpage-al/91410552_0.jpg,"[""plaid"", ""midi"", ""loose fit"", ""comfortable""]",true,Gray Plaid Midi Skirt,895,0.81
apparel-sample-data-2295765000,"[""black"", ""white"", ""brown""]","Discover the perfect blend of style and comfort with our black and white faux-leather mini skirt. Adorned with a striking multicolored striped pattern, this skirt features a convenient zipper closure and is crafted from high-quality leather. Ideal for both casual outings and formal events, it promises a bold fashion statement wherever you go.","{""lvl0"": ""clothing"", ""lvl1"": ""clothing > skirts""}",75,skirts,https://storage.googleapis.com/landingpage-al/91409456_0.jpg,"[""multicolor"", ""faux-leather"", ""colorblocked"", ""fashionable""]",true,Black and White Faux-Leather Mini Skirt,980,0.73
apparel-sample-data-2295762000,"[""light green""]","Discover sophistication with our light green pleated midi skirt. Crafted from stretchy material for comfort, this skirt features a fitted waistline and elegantly falls just above the knee. The evenly spaced pleats create a smooth, flowing silhouette, perfect for both casual and formal occasions.","{""lvl0"": ""apparel"", ""lvl1"": ""apparel > skirts""}",75,skirts,https://storage.googleapis.com/landingpage-al/91408080_0.jpg,"[""solid"", ""a-line"", ""elegant""]",true,Light Green Pleated Midi Skirt,890,0.71
apparel-sample-data-2295753000,"[""dark blue""]","Discover our dark blue mini skirt, featuring six stylish black buttons on the front and crafted from a luxurious wool-like material. The high-waisted design and subtle front slit offer a sophisticated silhouette, making it a versatile addition to your wardrobe.","{""lvl0"": ""bottoms"", ""lvl1"": ""bottoms > skirts""}",75,skirts,https://storage.googleapis.com/landingpage-al/91402235_0.jpg,"[""high-waisted"", ""mini"", ""elegant""]",true,Dark Blue Mini Skirt,987,0.9
apparel-sample-data-2295746000,"[""green""]","Discover the charm of our green pleated mini skirt, designed for stylish versatility. This eye-catching piece drapes elegantly, making it a perfect addition to casual or semi-formal outfits.","{""lvl0"": ""bottoms"", ""lvl1"": ""bottoms > skirts""}",45,skirts,https://storage.googleapis.com/landingpage-al/91399762_0.jpg,"[""green"", ""pleated"", ""versatile""]",true,Green Pleated Mini Skirt,982,0.66
apparel-sample-data-2295743000,"[""black""]","Discover the perfect blend of style and sophistication with our black pleated midi skirt. Crafted from a high-quality synthetic blend, this skirt falls gracefully just above the knee and features a structured pleated design, making it an ideal choice for both professional and elegant occasions.","{""lvl0"": ""clothing"", ""lvl1"": ""clothing > skirts""}",65,skirts,https://storage.googleapis.com/landingpage-al/91399177_0.jpg,"[""solid"", ""pleated"", ""professional""]",true,Black Pleated Midi Skirt,950,0.87
apparel-sample-data-2295738000,"[""pink""]","Discover the chic appeal of our pink velvet mini skirt. Crafted from stretchy material, this stylish skirt features a midi length complemented by a subtle front slit, making it a versatile addition to your wardrobe for both casual and formal occasions.","{""lvl0"": ""bottoms"", ""lvl1"": ""bottoms > skirts""}",70,skirts,https://storage.googleapis.com/landingpage-al/91392701_0.jpg,"[""velvet"", ""elegant"", ""stylish""]",true,Pink Velvet Mini Skirt,890,0.65
apparel-sample-data-2295736000,"[""pink"", ""black""]","Discover a bold statement piece with our multicolor mini skirt. The unique design features a striking pink and black color scheme, complemented by a chic pink belt and black straps. Crafted from a shiny material, this skirt adds a fashionable edge to any outfit, making it ideal for trendy occasions.","{""lvl0"": ""bottoms"", ""lvl1"": ""bottoms > skirts""}",75,skirts,https://storage.googleapis.com/landingpage-al/91391855_0.jpg,"[""multicolor"", ""denim"", ""fashionable"", ""mini""]",true,Multicolor Mini Skirt,987,0.72
apparel-sample-data-2295708000,"[""black""]","Discover a touch of vintage charm with our Black Pleated Mini Skirt. This stylish piece features a classy pleated design, complemented by a matching black button and belt. Crafted from a comfortable cotton-polyester blend, it's perfect for adding an elegant flair to your wardrobe, reminiscent of the classic styles of the 1950s.","{""lvl0"": ""bottoms"", ""lvl1"": ""bottoms > skirts""}",65,skirts,https://storage.googleapis.com/landingpage-al/91376006_0.jpg,"[""pleated"", ""vintage"", ""elegant""]",true,Black Pleated Mini Skirt,980,0.17
apparel-sample-data-2295695000,"[""blue""]","Discover the charm of our vintage blue high-rise denim mini skirt. Designed with a flattering high waist and a trendy distressed finish, this skirt effortlessly combines comfort and style. Perfect for enhancing your casual wardrobe, it adds a playful touch to any outfit.","{""lvl0"": ""bottoms"", ""lvl1"": ""bottoms > skirts""}",70,skirts,https://storage.googleapis.com/landingpage-al/91369916_0.jpg,"[""blue"", ""high-rise"", ""distressed"", ""vintage""]",true,Vintage Blue High-Rise Denim Mini Skirt,890,0.29
apparel-sample-data-2295687000,"[""silver"", ""black""]","Add a modern touch to your wardrobe with our striking silver and black mini skirt. Crafted from a shiny material with a metallic sheen, this skirt complements both casual and formal looks effortlessly. Pair it with a sleek top and pumps for a polished appearance.","{""lvl0"": ""bottoms"", ""lvl1"": ""bottoms > skirts""}",75,skirts,https://storage.googleapis.com/landingpage-al/91366667_0.jpg,"[""multicolor"", ""metallic"", ""mini"", ""elegant""]",true,Silver and Black Mini Skirt,987,0.54
apparel-sample-data-2295685000,"[""dark blue""]","Discover style and comfort with our dark blue high-waist mini skirt, crafted from soft denim. Featuring a white drawstring waistband and a chic front slit, this skirt is designed for a flattering fit, making it an essential addition to your wardrobe.","{""lvl0"": ""apparel"", ""lvl1"": ""apparel > skirts""}",60,skirts,https://storage.googleapis.com/landingpage-al/91366442_0.jpg,"[""denim"", ""high-waist"", ""mini"", ""fashion-forward""]",true,Dark Blue High-Waist Mini Skirt,948,0.78
apparel-sample-data-2295677000,"[""black""]","Introducing our chic black mini skirt adorned with playful ruffles in vibrant shades of yellow, pink, purple, and blue. Crafted from stretchy material for a comfortable fit, this stylish piece is perfect for a variety of occasions, easily pairing with both casual and dressy tops.","{""lvl0"": ""bottoms"", ""lvl1"": ""bottoms > skirts""}",75,skirts,https://storage.googleapis.com/landingpage-al/91360650_0.jpg,"[""embroidered"", ""fitted"", ""colorful""]",true,Black embroidered mini skirt,982,0.3
apparel-sample-data-2295676000,"[""black"", ""brown""]","Discover the charm of our black fringe midi skirt, crafted from a soft material with a flattering high waistline. The playful fringe detailing adds a touch of whimsy, while the chic silhouette completes casual or night-out ensembles perfectly.","{""lvl0"": ""bottoms"", ""lvl1"": ""bottoms > skirts""}",65,skirts,https://storage.googleapis.com/landingpage-al/91360523_0.jpg,"[""black"", ""suede"", ""fringe"", ""casual"", ""western""]",true,Black Fringe Midi Skirt,987,0.15
apparel-sample-data-2295648000,"[""red""]","Discover stylish versatility with our red faux leather mini skirt. Crafted from shiny PU material, it features a convenient zipper closure, embodying a contemporary look that's perfect for various occasions.","{""lvl0"": ""bottomwear"", ""lvl1"": ""bottomwear > skirts""}",65,skirts,https://storage.googleapis.com/landingpage-al/91340376_0.jpg,"[""pu"", ""mini"", ""red"", ""faux leather""]",true,Red faux leather mini skirt,879,0.56
apparel-sample-data-2295644000,"[""brown""]","Add sophistication to your wardrobe with our brown faux suede midi skirt. Featuring a sleek side zipper closure and a versatile neutral hue, this skirt complements various styles, making it an essential piece for any occasion.","{""lvl0"": ""bottoms"", ""lvl1"": ""bottoms > skirts""}",60,skirts,https://storage.googleapis.com/landingpage-al/91339438_0.jpg,"[""faux"", ""suede"", ""neutral"", ""versatile""]",true,Brown Faux Suede Midi Skirt,987,0.68
apparel-sample-data-2295640000,"[""blue""]","Discover a stylish addition to your wardrobe with our blue denim mini skirt. Designed with a flattering high waist and featuring a row of five functional front buttons, this skirt combines practicality with a chic appearance. Complete with a convenient zipper closure for ease of wear, it's perfect for both casual outings and special occasions.","{""lvl0"": ""bottoms"", ""lvl1"": ""bottoms > skirts""}",45,skirts,https://storage.googleapis.com/landingpage-al/91338723_0.jpg,"[""denim"", ""button-front"", ""high-waist"", ""mini""]",true,Blue Denim Mini Skirt,879,0.79
apparel-sample-data-2295633000,"[""black"", ""white""]","Discover effortless style with our Black and White Striped Midi Skirt. Crafted from soft knit material, this skirt features a relaxed, flowy fit and elegant thin stripes, making it a versatile addition to your wardrobe for both casual and semi-formal occasions.","{""lvl0"": ""bottoms"", ""lvl1"": ""bottoms > skirts""}",45,skirts,https://storage.googleapis.com/landingpage-al/91336724_0.jpg,"[""striped"", ""casual"", ""flowy""]",true,Black and White Striped Midi Skirt,892,0.39
apparel-sample-data-2295618000,"[""grey""]","Discover the charm of our grey ruffled mini skirt, crafted from a soft cotton-polyester blend. The flowy, loose fit ensures comfort, while the elegant ruffle detail at the hem adds a playful touch. The tie at the waist allows for an adjustable fit, making this skirt a versatile addition to your wardrobe, perfect for casual outings or relaxed days.","{""lvl0"": ""bottoms"", ""lvl1"": ""bottoms > skirts""}",45,skirts,https://storage.googleapis.com/landingpage-al/91329048_1.jpg,"[""multicolor"", ""ruffle"", ""casual"", ""comfortable""]",true,Grey Ruffled Mini Skirt,984,0.82
apparel-sample-data-2295612000,"[""gray"", ""blue"", ""black""]","Embrace a stylish look with our plaid wrap mini skirt, designed with a chic gray and blue fabric. This piece features a flattering loose fit and a trendy black belt, making it perfect for both casual and semi-formal occasions.","{""lvl0"": ""bottoms"", ""lvl1"": ""bottoms > skirts""}",45,skirts,https://storage.googleapis.com/landingpage-al/91326408_0.jpg,"[""plaid"", ""wrap style"", ""loose fit"", ""multicolor""]",true,Plaid Wrap Mini Skirt,892,0.55
apparel-sample-data-2295611000,"[""black"", ""pink""]","Embrace vibrant style with our floral print pencil skirt. Crafted from a stretchy material, this knee-length design features an eye-catching black and pink floral pattern complemented by green leaves. The skirt has a convenient side zipper closure that ensures a precise fit, making it a perfect choice for both casual and formal occasions.","{""lvl0"": ""bottoms"", ""lvl1"": ""bottoms > skirts""}",75,skirts,https://storage.googleapis.com/landingpage-al/91326407_0.jpg,"[""floral"", ""pencil"", ""versatile"", ""knee-length""]",true,Floral Print Pencil Skirt,980,0.51
apparel-sample-data-2295609000,"[""white"", ""blue""]","Discover the charm of our white lace mini skirt, featuring a delicate blue lace overlay adorned with a floral pattern. Its tiered design and scalloped edge create a playful yet elegant silhouette, perfect for pairing with a white shirt and black pumps for a fashionable ensemble.","{""lvl0"": ""bottoms"", ""lvl1"": ""bottoms > skirts""}",75,skirts,https://storage.googleapis.com/landingpage-al/91326228_6.jpg,"[""multicolor"", ""embroidered"", ""floral"", ""chic""]",true,White and Blue Lace Mini Skirt,980,0.79
apparel-sample-data-2295607000,"[""black"", ""white""]","Discover the charm of our plaid mini skirt, a stylish blend of black and white that features a chic pattern of small squares and dots. Designed with a high waist and a convenient front zipper closure, this skirt is perfect for creating fashionable looks that stand out.","{""lvl0"": ""bottoms"", ""lvl1"": ""bottoms > skirts""}",80,skirts,https://storage.googleapis.com/landingpage-al/91325869_0.jpg,"[""plaid"", ""trendy"", ""high-waisted""]",true,Plaid mini skirt,890,0.28
apparel-sample-data-2295603000,"[""white"", ""pink"", ""yellow""]","Discover the charm of our White Lace Floral Midi Skirt, crafted from a lightweight fabric adorned with intricate crochet lace and a beautiful floral pattern. This piece features a fitted waistline, providing both comfort and style, while the delicate flowers in soft shades of pink and yellow add a touch of femininity. The midi length makes it a versatile choice for various occasions, ensuring you look effortlessly chic.","{""lvl0"": ""apparel"", ""lvl1"": ""apparel > skirts""}",75,skirts,https://storage.googleapis.com/landingpage-al/91324670_0.jpg,"[""floral"", ""lace"", ""delicate"", ""midi-length""]",true,White Lace Floral Midi Skirt,980,0.41
apparel-sample-data-2295599000,"[""black"", ""white""]","Discover the versatile charm of our black and white plaid mini skirt. Designed with a flattering high waist, this stylish skirt features a chic white belt and a practical front pocket, making it the perfect choice for both casual outings and fashionable events.","{""lvl0"": ""bottoms"", ""lvl1"": ""bottoms > skirts""}",45,skirts,https://storage.googleapis.com/landingpage-al/91323739_0.jpg,"[""plaid"", ""high waist"", ""chic""]",true,Plaid Mini Skirt,978,0.91
apparel-sample-data-2295597000,"[""black"", ""white""]","Discover a stylish blend of modern design and classic elegance with our black and white star pattern skirt. Crafted from shiny material, this chic piece features a convenient side zipper and is perfect for pairing with black tops and pumps for a polished look.","{""lvl0"": ""bottoms"", ""lvl1"": ""bottoms > skirts""}",75,skirts,https://storage.googleapis.com/landingpage-al/91323545_1.jpg,"[""multicolor"", ""patterned"", ""elegant""]",true,Black and White Star Pattern Skirt,982,0.6
apparel-sample-data-2295591000,"[""black""]","Discover the charm of our black mini skirt, featuring a striking red and white zigzag pattern along the hem. Designed with a high waist and a comfortable, wide elasticized band at the top, this skirt pairs beautifully with a white shirt and a statement black belt for a stylish look.","{""lvl0"": ""bottoms"", ""lvl1"": ""bottoms > skirts""}",65,skirts,https://storage.googleapis.com/landingpage-al/91321974_0.jpg,"[""embroidered"", ""suede"", ""stylish""]",true,Black Embroidered Mini Skirt,879,0.11
apparel-sample-data-2295590000,"[""black"", ""red""]","Discover the charm of our black and red floral mini skirt, crafted from a soft, flowy material for ultimate comfort. This high-waisted piece beautifully accentuates your silhouette and pairs wonderfully with a crop top for a stylish outfit.","{""lvl0"": ""bottoms"", ""lvl1"": ""bottoms > skirts""}",45,skirts,https://storage.googleapis.com/landingpage-al/91321293_0.jpg,"[""black"", ""floral"", ""high-waist"", ""mini"", ""flowy""]",true,Black and Red Floral Mini Skirt,890,0.39
apparel-sample-data-2295588000,"[""black"", ""white""]","Discover the sophisticated style of our Black and White Jacquard Pencil Skirt. This chic piece features a subtle pattern of black and white dots, a convenient side zipper, and a tasteful front slit, making it perfect for both professional and casual outings. Pair it effortlessly with your favorite tops for a polished look.","{""lvl0"": ""bottoms"", ""lvl1"": ""bottoms > skirts""}",80,skirts,https://storage.googleapis.com/landingpage-al/91319702_0.jpg,"[""black"", ""jacquard"", ""elegant""]",true,Black and White Jacquard Pencil Skirt,960,0.21
apparel-sample-data-2295587000,"[""red""]","Discover the charm of our red midi skirt, designed with a playful polka dot pattern. Crafted from a stretchy material for comfort, it features a unique cutout in the middle, falling just above the knee for a stylish silhouette. This versatile piece pairs effortlessly with various tops and footwear, making it a must-have addition to your wardrobe.","{""lvl0"": ""bottoms"", ""lvl1"": ""bottoms > skirts""}",45,skirts,https://storage.googleapis.com/landingpage-al/91319195_0.jpg,"[""knitted"", ""modern"", ""fashionable""]",true,Red Midi Skirt with Polka Dots,892,0.5
apparel-sample-data-2295585000,"[""blue"", ""black""]","Discover a stylish addition to your wardrobe with our blue and black wrap-around skirt. Crafted from soft, woven fabric, it features a chic belted waist and an eye-catching buckle. This mini skirt offers a playful silhouette, making it perfect for paired with your favorite tops and accessories.","{""lvl0"": ""bottoms"", ""lvl1"": ""bottoms > skirts""}",75,skirts,https://storage.googleapis.com/landingpage-al/91317994_0.jpg,"[""belted"", ""knit"", ""trendy""]",true,Blue and Black Wrap-Around Skirt,980,0.23
apparel-sample-data-2295584000,"[""black"", ""gold""]","Step into style with our stunning black and gold sequin dress. This sleeveless design features a chic black skirt adorned with shimmering gold sequins, complemented by a matching black top that exudes sophistication. Perfect for special occasions, this knee-length dress is completed with a convenient back zipper for effortless wear.","{""lvl0"": ""apparel"", ""lvl1"": ""apparel > skirts""}",150,skirts,https://storage.googleapis.com/landingpage-al/91317662_0.jpg,"[""black"", ""fringe"", ""tweed"", ""dressy""]",true,Black and Gold Sequin Dress,890,0.54
apparel-sample-data-2295578000,"[""black""]","Discover the charm of our black ruffle skirt, crafted from stretchy material for a comfortable fit. Its layered design and playful ruffles at the bottom make it a versatile choice for swimwear or as a stylish cover-up.","{""lvl0"": ""bottoms"", ""lvl1"": ""bottoms > skirts""}",45,skirts,https://storage.googleapis.com/landingpage-al/91314971_0.jpg,"[""black"", ""layered"", ""ruffled"", ""beachwear""]",true,Black Ruffle Skirt,980,0.86
apparel-sample-data-2295562000,"[""black""]","Discover the sleek charm of our black faux suede mini skirt. Designed with a side zipper and a practical front pocket, this stylish piece combines comfort with a chic silhouette, perfect for elevating any casual or semi-formal outfit.","{""lvl0"": ""bottoms"", ""lvl1"": ""bottoms > skirts""}",70,skirts,https://storage.googleapis.com/landingpage-al/91304291_0.jpg,"[""black"", ""faux suede"", ""zipper"", ""stylish"", ""mini""]",true,Black Faux Suede Mini Skirt,980,0.84
apparel-sample-data-2295561000,"[""light blue""]","Discover the perfect blend of style and functionality with our light blue denim mini skirt. Crafted from durable denim, this skirt features five practical pockets and a secure button and zipper closure, making it an ideal choice for casual outings. Its A-line silhouette flatters every body type.","{""lvl0"": ""bottoms"", ""lvl1"": ""bottoms > skirts""}",65,skirts,https://storage.googleapis.com/landingpage-al/91304163_0.jpg,"[""denim"", ""a-line"", ""casual""]",true,Light Blue Denim Mini Skirt,980,0.16
apparel-sample-data-2293424000,"[""blue""]","Discover the charm of our blue paperbag midi skirt, crafted from lightweight material for ultimate comfort. Featuring a stylish drawstring waist and a flowy silhouette, this skirt offers a relaxed fit that pairs beautifully with various tops for any casual occasion.","{""lvl0"": ""bottoms"", ""lvl1"": ""bottoms > skirts""}",60,skirts,https://storage.googleapis.com/landingpage-al/91433904_0.jpg,"[""paperbag"", ""midi"", ""casual""]",true,Blue paperbag midi skirt,980,0.02
apparel-sample-data-2293421000,"[""black"", ""white""]","Discover a striking black and white striped skirt featuring vibrant beaded accents that add a pop of color to your ensemble. Crafted from a shiny material, this skirt has a fitted waistline, perfect for a polished look on any occasion.","{""lvl0"": ""clothing"", ""lvl1"": ""clothing > skirts""}",85,skirts,https://storage.googleapis.com/landingpage-al/91433186_0.jpg,"[""striped"", ""embellished"", ""elegant"", ""fitted""]",true,Black and White Striped Skirt,890,0.42
apparel-sample-data-2293418000,"[""black""]","Discover the sophistication of our black leather wrap skirt. Crafted from smooth, shiny leather, this stylish piece features a chic wrap design with a side buckle, making it an ideal addition to your wardrobe for a polished look.","{""lvl0"": ""apparel"", ""lvl1"": ""apparel > skirts""}",150,skirts,https://storage.googleapis.com/landingpage-al/91431422_0.jpg,"[""leather"", ""wrap"", ""modern""]",true,Black Leather Wrap Skirt,950,0.12
apparel-sample-data-2293416000,"[""blue""]","Discover the allure of our blue wrap midi skirt, crafted from a lustrous material that offers a flattering silhouette and a stylish slit at the front. Perfectly paired with a crop top for an effortlessly chic outfit, this skirt is a versatile addition to your wardrobe.","{""lvl0"": ""apparel"", ""lvl1"": ""apparel > skirts""}",75,skirts,https://storage.googleapis.com/landingpage-al/91430225_0.jpg,"[""blue"", ""midi"", ""wrap"", ""sophisticated""]",true,Blue Wrap Midi Skirt,984,0.5
apparel-sample-data-2293415000,"[""black""]","Discover the perfect blend of style and comfort with our black fitted textured knit skirt. Tailored with a sleek silhouette and high waist, this piece showcases a unique stretch fabric that enhances your natural shape, making it an ideal choice for both casual and polished occasions.","{""lvl0"": ""bottoms"", ""lvl1"": ""bottoms > skirts""}",55,skirts,https://storage.googleapis.com/landingpage-al/91429871_0.jpg,"[""textured"", ""fitted"", ""high-waist""]",true,Black Fitted Textured Knit Skirt,980,0.73
apparel-sample-data-2293414000,"[""black"", ""white"", ""green""]","Discover a blend of elegance and comfort with our floral pleated midi skirt. Adorned with a striking black background, the skirt boasts vibrant white flowers and lush green leaves, crafted from sheer pleated chiffon for a light and feminine feel. Perfectly tailored to a midi length, it offers versatility for any occasion.","{""lvl0"": ""bottoms"", ""lvl1"": ""bottoms > skirts""}",75,skirts,https://storage.googleapis.com/landingpage-al/91429119_0.jpg,"[""floral"", ""pleated"", ""chiffon"", ""feminine"", ""midi""]",true,Floral Pleated Midi Skirt,982,0.21
apparel-sample-data-2293412000,"[""blue""]","Discover the sophistication of our blue mid-length skirt suit, designed for modern elegance. The skirt features a stylish side slit, complemented by a matching jacket that showcases the same refined details. Perfect for professional settings or evening events, this ensemble offers a polished look with every wear.","{""lvl0"": ""apparel"", ""lvl1"": ""apparel > skirts""}",150,skirts,https://storage.googleapis.com/landingpage-al/91428555_0.jpg,"[""blue"", ""fashionable"", ""versatile""]",true,Blue Mid-Length Skirt Suit,982,0.78
apparel-sample-data-2293410000,"[""pink""]","Discover a chic addition to your wardrobe with our Pink Wrap Midi Skirt. Crafted from stretchy material for comfort, it features a stylish side slit that enhances movement and flair. This skirt pairs beautifully with various tops, making it perfect for both casual outings and upscale events.","{""lvl0"": ""apparel"", ""lvl1"": ""apparel > skirts""}",75,skirts,https://storage.googleapis.com/landingpage-al/91428248_0.jpg,"[""multicolor"", ""midi"", ""wrap"", ""stylish"", ""versatile""]",true,Pink Wrap Midi Skirt,982,0.34
apparel-sample-data-2293409000,"[""red"", ""burgundy""]","Discover a beautiful red velvet skirt that adds a touch of sophistication to any outfit. This mid-length design features a luxurious texture, perfect for both casual and formal occasions. Pair it with your favorite top for a stylish ensemble.","{""lvl0"": ""bottoms"", ""lvl1"": ""bottoms > skirts""}",75,skirts,https://storage.googleapis.com/landingpage-al/91428097_0.jpg,"[""multicolor"", ""velvet"", ""elegant""]",true,Red Velvet Skirt,890,0.59
apparel-sample-data-2293397000,"[""tan"", ""brown"", ""black""]","Discover the perfect combination of comfort and style with our leopard print midi skirt. Crafted from stretchy material, this high-waisted skirt features a flattering fit that gracefully extends down to the knees. The mix of tan, brown, and black colors creates a versatile look suitable for various occasions.","{""lvl0"": ""bottoms"", ""lvl1"": ""bottoms > skirts""}",75,skirts,https://storage.googleapis.com/landingpage-al/91421578_0.jpg,"[""multicolor"", ""scuba"", ""pencil"", ""leopard"", ""print"", ""high-waist"", ""flattering""]",true,Leopard Print Midi Skirt,890,0.27
apparel-sample-data-2293396000,"[""black"", ""white""]","Add a touch of contemporary style to your wardrobe with this black and white zigzag patterned skirt. Crafted from stretchy fabric for a comfortable fit, this high-waisted piece effortlessly combines fashion and comfort, making it a versatile addition to any outfit.","{""lvl0"": ""bottoms"", ""lvl1"": ""bottoms > skirts""}",75,skirts,https://storage.googleapis.com/landingpage-al/91419706_0.jpg,"[""black"", ""zigzag"", ""high waist"", ""stretchy"", ""fashionable""]",true,Black and White Zigzag Skirt,890,0.44
apparel-sample-data-2293386000,"[""navy blue"", ""light blue"", ""white""]","Discover a stylish addition to your wardrobe with our multicolored striped knit skirt. Crafted from a comfortable blend of cotton and polyester, this skirt features an eye-catching design with alternating dark and light stripes in navy blue, light blue, and white. The high waist and elasticized band ensure a flattering fit, making it versatile enough to pair with a range of tops and footwear for various occasions.","{""lvl0"": ""bottoms"", ""lvl1"": ""bottoms > skirts""}",65,skirts,https://storage.googleapis.com/landingpage-al/91410757_0.jpg,"[""striped"", ""textured"", ""pencil"", ""casual"", ""fashionable""]",true,Multicolored Striped Knit Skirt,890,0.45
apparel-sample-data-2293369000,"[""black"", ""green""]","Introduce a vibrant touch to your wardrobe with this black and green striped skirt. This stylish piece is designed to offer a comfortable mid-length fit, perfect for casual outings or dressed-up occasions alike.","{""lvl0"": ""clothing"", ""lvl1"": ""clothing > skirts""}",45,skirts,https://storage.googleapis.com/landingpage-al/91402402_0.jpg,"[""striped"", ""multicolor"", ""casual""]",true,Black and Green Striped Skirt,879,0.02
apparel-sample-data-2293358000,"[""white""]","This stunning white lace skirt showcases intricate detailing that adds a touch of sophistication to your outfit. Its versatile mid-length design makes it perfect for both casual and formal occasions, effortlessly elevating your wardrobe.","{""lvl0"": ""bottoms"", ""lvl1"": ""bottoms > skirts""}",75,skirts,https://storage.googleapis.com/landingpage-al/91399817_0.jpg,"[""lace"", ""elegant"", ""multicolor""]",true,Elegant White Lace Skirt,890,0.39
apparel-sample-data-2293352000,"[""white""]","Embrace effortless sophistication with our white off-the-shoulder crop top paired with a fitted midi skirt featuring a chic side slit. The ruffled design of the crop top adds a touch of femininity, making this ensemble perfect for both casual outings and special occasions.","{""lvl0"": ""clothing"", ""lvl1"": ""clothing > skirts""}",75,skirts,https://storage.googleapis.com/landingpage-al/91396546_0.jpg,"[""fitted"", ""elegant"", ""versatile""]",true,White Off-the-Shoulder Crop Top with Midi Skirt,980,0.3
apparel-sample-data-2293348000,"[""black""]","Discover sophistication with our black lace midi skirt. Crafted from stretchy material, this high-waisted design hugs your figure beautifully and features an intricate lace pattern. Perfect for both casual outings and elegant occasions, it falls gracefully just above the knee for a flattering silhouette.","{""lvl0"": ""apparel"", ""lvl1"": ""apparel > skirts""}",75,skirts,https://storage.googleapis.com/landingpage-al/91393159_0.jpg,"[""black"", ""lace"", ""elegant"", ""fitted"", ""high-waisted""]",true,Black Lace Midi Skirt,982,0.44
apparel-sample-data-2293346000,"[""black""]","Discover the perfect blend of comfort and style with our black knit midi skirt. Crafted from stretchy knit material, this skirt features a flattering high waist and a chic midi length that falls elegantly above the knee. This wardrobe staple can effortlessly transition from casual outings to more formal occasions, making it a versatile choice for any event.","{""lvl0"": ""bottoms"", ""lvl1"": ""bottoms > skirts""}",75,skirts,https://storage.googleapis.com/landingpage-al/91392223_0.jpg,"[""black"", ""ribbed"", ""versatile"", ""midi""]",true,Black Knit Midi Skirt,890,0.36
apparel-sample-data-2293339000,"[""grey"", ""white"", ""beige""]","Discover the charm of our pleated midi skirt featuring a delicate sheer overlay and stylish beige sash. This versatile piece combines elegance with comfort, perfect for both casual and formal outings.","{""lvl0"": ""apparel"", ""lvl1"": ""apparel > skirts""}",75,skirts,https://storage.googleapis.com/landingpage-al/91384491_0.jpg,"[""pleated"", ""sheer"", ""elegant""]",true,Pleated Midi Skirt with Sheer Overlay,940,0.41
apparel-sample-data-2293331000,"[""black""]","Discover the charm of our black suede skirt adorned with a whimsical star pattern and striking gold stars. The eye-catching gold zipper adds a touch of modern flair, making it a versatile piece perfect for pairing with your favorite tops and tights.","{""lvl0"": ""apparel"", ""lvl1"": ""apparel > skirts""}",85,skirts,https://storage.googleapis.com/landingpage-al/91378070_0.jpg,"[""multicolor"", ""leather"", ""suede-trimmed"", ""stylish""]",true,Black suede skirt with gold embellishments,980,0.37
apparel-sample-data-2293324000,"[""black""]","Discover the sophistication of our black pencil skirt, beautifully designed with a flowy, asymmetrical hemline. Crafted from soft, flowing material, this high-waisted skirt combines comfort and style, making it a versatile addition to your wardrobe.","{""lvl0"": ""bottoms"", ""lvl1"": ""bottoms > skirts""}",85,skirts,https://storage.googleapis.com/landingpage-al/91374597_0.jpg,"[""asymmetrical"", ""high-waisted"", ""elegant""]",true,Black Pencil Skirt,980,0.29
apparel-sample-data-2293313000,"[""pink""]","Discover the charm of our pink wrap skirt, crafted from stretchy material for an ideal fit. Designed with a high waist and a flowy silhouette, this piece pairs beautifully with bandeau tops or crop tops, making it a summer essential for any wardrobe.","{""lvl0"": ""apparel"", ""lvl1"": ""apparel > skirts""}",75,skirts,https://storage.googleapis.com/landingpage-al/91370453_0.jpg,"[""multicolor"", ""asymmetric"", ""flowy"", ""summer""]",true,Pink Wrap Skirt,980,0.55
apparel-sample-data-2293312000,"[""black""]","Discover the charm of our black bodycon midi skirt, designed with a high-waisted fit and crafted from stretchy material for comfort and style. This simple yet versatile piece effortlessly transitions from casual to formal occasions, making it a must-have in your wardrobe.","{""lvl0"": ""bottoms"", ""lvl1"": ""bottoms > skirts""}",45,skirts,https://storage.googleapis.com/landingpage-al/91370449_0.jpg,"[""black"", ""bodycon"", ""versatile""]",true,Black bodycon midi skirt,879,0.03
apparel-sample-data-2293298000,"[""gray""]","Discover the perfect blend of comfort and style with our gray ribbed midi skirt. Crafted from a stretchy knit material, this skirt ensures a flattering fit while its sleek, solid design effortlessly complements any outfit. Ideal for both casual and formal occasions, it falls just above the knee for a modern look.","{""lvl0"": ""bottoms"", ""lvl1"": ""bottoms > skirts""}",70,skirts,https://storage.googleapis.com/landingpage-al/91362181_0.jpg,"[""ribbed"", ""stretchy"", ""elegant""]",true,Gray Ribbed Midi Skirt,879,0.19
apparel-sample-data-2293295000,"[""mustard yellow""]","Unveil your style with our mustard yellow midi skirt, designed for both comfort and elegance. Crafted from stretchy material, this high-waisted piece offers versatility for any occasion—whether you choose to dress it up or keep it casual.","{""lvl0"": ""bottoms"", ""lvl1"": ""bottoms > skirts""}",45,skirts,https://storage.googleapis.com/landingpage-al/91359762_0.jpg,"[""multicolor"", ""versatile"", ""high-waisted"", ""fashion-forward""]",true,Mustard Yellow Midi Skirt,982,0.88
apparel-sample-data-2293288000,"[""black"", ""white""]","Discover the charm of our flared black and white midi skirt. Crafted from lightweight fabric, this skirt features an elegant floral pattern and a playful ruffled design, making it a versatile addition to your wardrobe. Perfect for pairing with a variety of tops for any occasion.","{""lvl0"": ""bottoms"", ""lvl1"": ""bottoms > skirts""}",80,skirts,https://storage.googleapis.com/landingpage-al/91354619_0.jpg,"[""appliqué"", ""floral"", ""flared"", ""lightweight""]",true,Flared Black and White Midi Skirt,982,0.39
apparel-sample-data-2293287000,"[""black"", ""white""]","Discover the chic appeal of our black and white draped skirt. With a sleek black base layered with a striking white top, this skirt is crafted from a comfortable blend of polyester and spandex. Its stylish design makes it a versatile choice for both casual outings and formal events.","{""lvl0"": ""bottoms"", ""lvl1"": ""bottoms > skirts""}",75,skirts,https://storage.googleapis.com/landingpage-al/91354307_0.jpg,"[""draped"", ""fashionable"", ""versatile""]",true,Black and White Draped Skirt,1324,0.6
apparel-sample-data-2293286000,"[""blue"", ""white""]","Discover a stylish addition to your wardrobe with this blue and white midi skirt, featuring a striking black and white abstract print. Designed with a high waist and a full, flowing silhouette, this skirt showcases a unique blend of shapes that draw the eye, making it perfect for both casual outings and more polished looks.","{""lvl0"": ""apparel"", ""lvl1"": ""apparel > skirts""}",75,skirts,https://storage.googleapis.com/landingpage-al/91353700_0.jpg,"[""printed"", ""twill"", ""midi"", ""stylish""]",true,Blue and White Abstract Printed Midi Skirt,890,0.49
apparel-sample-data-2293281000,"[""black""]","Discover the allure of our black satin mini skirt, crafted from smooth, shiny material that drapes beautifully. Its flowy silhouette adds a touch of femininity, making it an ideal choice for both casual and dressy occasions. Pair it effortlessly with your favorite tops and shoes for a chic, adaptable look.","{""lvl0"": ""bottoms"", ""lvl1"": ""bottoms > skirts""}",80,skirts,https://storage.googleapis.com/landingpage-al/91350441_0.jpg,"[""black"", ""mini"", ""versatile"", ""feminine""]",true,Black satin mini skirt,982,0.12
apparel-sample-data-2293278000,"[""dark blue""]","Discover sophistication with our dark blue velvet pleated skirt. Designed with a high waist and wide elastic band, this skirt combines comfort with style, featuring a smooth fabric that catches the light beautifully.","{""lvl0"": ""bottoms"", ""lvl1"": ""bottoms > skirts""}",75,skirts,https://storage.googleapis.com/landingpage-al/91349895_0.jpg,"[""blue"", ""velvet"", ""pleated"", ""elegant""]",true,Dark Blue Velvet Pleated Skirt,987,0.51
apparel-sample-data-2293269000,"[""black""]","Discover the perfect blend of style and comfort with our Classic Black Pencil Skirt. Crafted from stretchy material, it features a convenient side zipper and a tailored fit, making it suitable for both formal and casual occasions. This essential piece effortlessly adapts to your wardrobe needs.","{""lvl0"": ""bottoms"", ""lvl1"": ""bottoms > skirts""}",75,skirts,https://storage.googleapis.com/landingpage-al/91346266_0.jpg,"[""versatile"", ""black"", ""pencil"", ""classic""]",true,Classic Black Pencil Skirt,890,0.78
apparel-sample-data-2293260000,"[""blue""]","Discover style and individuality with our unique blue patchwork jean skirt. Crafted from high-quality denim, this skirt features an eye-catching design with panels of various colors and sizes, offering a chic and artistic flair to your ensemble.","{""lvl0"": ""bottoms"", ""lvl1"": ""bottoms > skirts""}",75,skirts,https://storage.googleapis.com/landingpage-al/91342495_0.jpg,"[""denim"", ""patchwork"", ""unique design""]",true,Unique Blue Patchwork Jean Skirt,980,0.18
apparel-sample-data-2293258000,"[""white"", ""black""]","Discover the elegance of our white pleated skirt, designed to add a stylish touch to your wardrobe. This mid-length piece features a delicate ruffled design and comes with a chic black buckle belt to accentuate your waist. Perfect for both casual and dressy occasions, it's a versatile addition that pairs beautifully with a white shirt for a polished look.","{""lvl0"": ""bottoms"", ""lvl1"": ""bottoms > skirts""}",75,skirts,https://storage.googleapis.com/landingpage-al/91341981_0.jpg,"[""mid-length"", ""eyelet"", ""fashionable"", ""pleated""]",true,White Pleated Skirt with Belt,920,0.34
apparel-sample-data-2293254000,"[""black"", ""white""]","Add a touch of sophistication to your wardrobe with our black and white floral pencil skirt. Crafted from a stretchy fabric for comfort, this knee-length skirt features a high waist and an elegant floral pattern adorned with contrasting black and white flowers alongside vibrant green leaves, making it a versatile choice for various occasions.","{""lvl0"": ""clothing"", ""lvl1"": ""clothing > skirts""}",75,skirts,https://storage.googleapis.com/landingpage-al/91340936_0.jpg,"[""floral"", ""high-waisted"", ""pencil skirt"", ""stretch""]",true,Black and White Floral Pencil Skirt,980,0.73
apparel-sample-data-2293253000,"[""black"", ""white"", ""gray""]","Discover the elegance of our plaid high-waisted skirt, featuring a stylish black and white checkered pattern. Crafted from a soft blend of polyester and cotton, this skirt boasts a unique box-pleated design that adds a sophisticated touch to any outfit. Perfect when paired with a sleek black top and tights for a cohesive look.","{""lvl0"": ""bottom wear"", ""lvl1"": ""bottom wear > skirts""}",89.99,skirts,https://storage.googleapis.com/landingpage-al/91340841_0.jpg,"[""black"", ""monochrome"", ""zip"", ""textured"", ""high waisted""]",true,Plaid high-waisted skirt,950,0.73
apparel-sample-data-2293248000,"[""gray""]","Discover the perfect blend of comfort and sophistication with our gray pencil skirt. Crafted from stretchy material, this knee-length piece features a side zipper closure and a sleek straight cut, making it an ideal addition to your wardrobe for both professional and casual settings.","{""lvl0"": ""bottoms"", ""lvl1"": ""bottoms > skirts""}",75,skirts,https://storage.googleapis.com/landingpage-al/91340066_0.jpg,"[""gray"", ""pencil"", ""vent"", ""sleek""]",true,Gray Pencil Skirt,983,0.72
apparel-sample-data-2293234000,"[""black""]","This black pencil skirt combines style and comfort with its stretchy fabric and high waist design. Its classic silhouette makes it an ideal choice for both casual and formal occasions, easily pairing with various tops for a chic look.","{""lvl0"": ""bottoms"", ""lvl1"": ""bottoms > skirts""}",75,skirts,https://storage.googleapis.com/landingpage-al/91337963_0.jpg,"[""black"", ""classic"", ""versatile""]",true,Black High Waist Pencil Skirt,987,0.83
apparel-sample-data-2293233000,"[""blue"", ""red"", ""white"", ""green"", ""yellow"", ""black""]","Discover a vibrant addition to your wardrobe with our multicolored striped knit skirt. Crafted from stretchy material to ensure a comfortable fit, this high-waist skirt features thin stripes in bold colors, making it a versatile option to pair with various tops and footwear for stylish outings.","{""lvl0"": ""apparel"", ""lvl1"": ""apparel > skirts""}",75,skirts,https://storage.googleapis.com/landingpage-al/91337735_0.jpg,"[""knitted"", ""midi"", ""vibrant"", ""high-waist""]",true,Multicolored striped high-waist skirt,924,0.41
apparel-sample-data-2293231000,"[""blue""]","Discover the charm of our blue pleated midi skirt, expertly crafted from lightweight chiffon for a comfortable wear. This high-waisted design falls gracefully just above the knee, showcasing evenly spaced pleats that create a flowy, feminine silhouette, ideal for versatile styling.","{""lvl0"": ""clothing"", ""lvl1"": ""clothing > skirts""}",85,skirts,https://storage.googleapis.com/landingpage-al/91336819_0.jpg,"[""blue"", ""high waist"", ""chiffon"", ""pleated"", ""feminine""]",true,Blue pleated midi skirt,980,0.11
apparel-sample-data-2293229000,"[""white""]","Discover the sophisticated charm of our white leather skirt, designed to make a statement. Crafted from high-quality leather with a unique knitted texture, it features a sleek silver zipper and a stylish belt with a silver buckle. A subtle slit at the front adds a touch of allure, making this piece perfect for various occasions.","{""lvl0"": ""bottoms"", ""lvl1"": ""bottoms > skirts""}",150,skirts,https://storage.googleapis.com/landingpage-al/91334480_0.jpg,"[""wrap-effect"", ""woven"", ""stretch-knit"", ""elegant""]",true,White Leather Skirt,890,0.55
apparel-sample-data-2293228000,"[""black"", ""white"", ""pink""]","Discover a beautiful blend of elegance and comfort with our floral print midi skirt. Crafted from a flowy material, this skirt features a high waistline and a charming floral pattern in black, white, and pink. Its midi length offers a sophisticated silhouette, making it a versatile piece for any occasion.","{""lvl0"": ""bottoms"", ""lvl1"": ""bottoms > skirts""}",75,skirts,https://storage.googleapis.com/landingpage-al/91334362_0.jpg,"[""floral"", ""pleated"", ""midi"", ""multicolor""]",true,Floral Print Midi Skirt,980,0.38
apparel-sample-data-2293225000,"[""blue"", ""green""]","Discover the charm of our floral printed mid-length skirt, featuring a vibrant blue and green design. Crafted from lightweight material, this flowing skirt is perfect for a variety of occasions. Pair it effortlessly with a black top and leggings for a stylish ensemble.","{""lvl0"": ""apparel"", ""lvl1"": ""apparel > skirts""}",65,skirts,https://storage.googleapis.com/landingpage-al/91332282_0.jpg,"[""floral"", ""lightweight"", ""flowing""]",true,Floral Printed Mid-Length Skirt,980,0.48
apparel-sample-data-2293221000,"[""white""]","Discover the charm of our white wrap skirt, designed with a sleek black belt. Crafted from shiny material, this piece offers a flowy silhouette that enhances your feminine allure, making it a perfect addition to any wardrobe.","{""lvl0"": ""bottoms"", ""lvl1"": ""bottoms > skirts""}",75,skirts,https://storage.googleapis.com/landingpage-al/91331486_0.jpg,"[""wrap"", ""flowy"", ""feminine""]",true,White Wrap Skirt,980,0.49
apparel-sample-data-2290357000,"[""white"", ""multicolor""]","Discover the charm of our floral print wrap-around maxi skirt, crafted from lightweight material for ultimate comfort. This versatile skirt pairs beautifully with a simple blouse and heels, making it an ideal choice for both casual and dressy occasions.","{""lvl0"": ""bottoms"", ""lvl1"": ""bottoms > skirts""}",75,skirts,https://storage.googleapis.com/landingpage-al/91436193_0.jpg,"[""floral"", ""lightweight"", ""elegant""]",true,Floral print wrap-around maxi skirt,879,0.84
apparel-sample-data-2290354000,"[""black""]","Discover the allure of this black floor-length skirt crafted from flowing material. Featuring a wide waistband, it offers comfort and style, gracefully falling to the ankles for a sophisticated silhouette perfect for any occasion.","{""lvl0"": ""bottoms"", ""lvl1"": ""bottoms > skirts""}",75,skirts,https://storage.googleapis.com/landingpage-al/91433746_0.jpg,"[""black"", ""long"", ""elegant"", ""flowy""]",true,Black Floor-Length Skirt,984,0.25
apparel-sample-data-2290351000,"[""black""]","Discover the allure of our black ruffled maxi skirt, designed to make a statement. Crafted from high-quality shiny material, this piece features multiple ruffles and edgy zippers, adding a unique distressed look that complements various styles.","{""lvl0"": ""bottoms"", ""lvl1"": ""bottoms > skirts""}",75,skirts,https://storage.googleapis.com/landingpage-al/91430820_0.jpg,"[""black"", ""ruffled"", ""distressed"", ""fashion-forward""]",true,Black Ruffled Maxi Skirt,980,0.69
apparel-sample-data-2290338000,"[""black""]","Discover the sophistication of our black pencil skirt, crafted from stretchy material for a comfortable and flattering slim fit. Ideal for pairing with your favorite tops, this versatile piece effortlessly transitions from day to night, making it a staple in any wardrobe.","{""lvl0"": ""bottoms"", ""lvl1"": ""bottoms > skirts""}",80,skirts,https://storage.googleapis.com/landingpage-al/91408110_0.jpg,"[""high-waisted"", ""slim fit"", ""elegant""]",true,Black Slim Fit Pencil Skirt,975,0.45
apparel-sample-data-2290336000,"[""yellow"", ""black"", ""green""]","Step into style with our floral printed maxi skirt, showcasing a vibrant pattern in yellow, black, and green hues. Crafted from a lightweight material for comfort and breathability, this skirt features a flowy silhouette and midi length that captures the essence of modern fashion.","{""lvl0"": ""bottoms"", ""lvl1"": ""bottoms > skirts""}",75,skirts,https://storage.googleapis.com/landingpage-al/91402006_0.jpg,"[""floral"", ""lightweight"", ""trendy"", ""midi length""]",true,Floral Printed Maxi Skirt,982,0.25
apparel-sample-data-2290328000,"[""black"", ""white""]","Discover the charm of our black and white striped maxi skirt. Crafted from flowing material, this skirt features an eye-catching ruffled design and a comfortable wide waistband. With its thin stripes and floor-length silhouette, it’s perfect for both casual outings and special occasions.","{""lvl0"": ""clothing"", ""lvl1"": ""clothing > skirts""}",75,skirts,https://storage.googleapis.com/landingpage-al/91388012_0.jpg,"[""ruffle"", ""pleated"", ""elegant"", ""floor-length""]",true,Black and White Striped Maxi Skirt,2340,0.38
apparel-sample-data-2290325000,"[""purple"", ""red"", ""orange""]","Discover the charm of our multicolored wrap skirt, designed for effortless movement and style. Made from lightweight material, this skirt features a flowing design with a high slit and a ruffled hemline, perfect for adding a touch of femininity to your wardrobe.","{""lvl0"": ""bottoms"", ""lvl1"": ""bottoms > skirts""}",75,skirts,https://storage.googleapis.com/landingpage-al/91384183_0.jpg,"[""multicolor"", ""printed"", ""wrap"", ""feminine""]",true,Multicolored wrap skirt,980,0.73
apparel-sample-data-2290318000,"[""white""]","Discover effortless style with our white high-waist wrap maxi skirt. Crafted from stretchy material for comfort, this versatile piece features a chic side slit, making it perfect for both casual outings and sophisticated events.","{""lvl0"": ""bottoms"", ""lvl1"": ""bottoms > skirts""}",75,skirts,https://storage.googleapis.com/landingpage-al/91367896_0.jpg,"[""stretchy"", ""high-waist"", ""wrap"", ""maxi"", ""fashion""]",true,White High-Waist Wrap Maxi Skirt,978,0.74
apparel-sample-data-2290317000,"[""burgundy""]","Discover the charm of our burgundy pleated maxi skirt, designed for comfort and elegance. This long, flowing skirt features a high-waisted silhouette crafted from soft, smooth material, perfect for any occasion.","{""lvl0"": ""apparel"", ""lvl1"": ""apparel > skirts""}",75,skirts,https://storage.googleapis.com/landingpage-al/91367269_0.jpg,"[""pleated"", ""burgundy"", ""elegant""]",true,Burgundy Pleated Maxi Skirt,893,0.77
apparel-sample-data-2290298000,"[""gray""]","Discover the perfect combination of comfort and style with our gray high-waist maxi skirt. Crafted from a stretchy, form-fitting material, this midi-length design flatters your silhouette, making it an ideal choice for both casual outings and chic events.","{""lvl0"": ""apparel"", ""lvl1"": ""apparel > skirts""}",75,skirts,https://storage.googleapis.com/landingpage-al/91347439_0.jpg,"[""gray"", ""maxi"", ""form-fitting"", ""stretchy"", ""high-waist""]",true,Gray High-Waist Maxi Skirt,985,0.21
apparel-sample-data-2290290000,"[""black"", ""red""]","Discover the charm of our floral lace overlay maxi skirt. This stunning piece showcases a delicate black and red design with a vibrant lace overlay in shades of red, yellow, blue, and green. Crafted from chiffon-like material, the skirt flows gracefully, making it an ideal choice for both casual and formal occasions.","{""lvl0"": ""bottoms"", ""lvl1"": ""bottoms > skirts""}",75,skirts,https://storage.googleapis.com/landingpage-al/91324476_0.jpg,"[""floral-lace"", ""elegant"", ""flowy""]",true,Floral Lace Overlay Maxi Skirt,890,0.46
apparel-sample-data-2290281000,"[""beige""]","Discover effortless style with our beige midi-length skirt, crafted from a soft, lightweight material. Featuring a high waist and wide elastic waistband, this skirt ensures a comfortable fit while offering a relaxed silhouette that’s ideal for casual outings.","{""lvl0"": ""bottoms"", ""lvl1"": ""bottoms > skirts""}",80,skirts,https://storage.googleapis.com/landingpage-al/91311732_0.jpg,"[""flowy"", ""lightweight"", ""comfortable""]",true,Beige flowy midi-length skirt,920,0.65
apparel-sample-data-2288354000,"[""white"", ""blue""]","Embrace effortless style with our striped knee length skirt. Crafted in a refreshing white and blue color palette, this skirt features a flowing design that gracefully moves with you. Perfect for casual outings or a day at the office.","{""lvl0"": ""bottoms"", ""lvl1"": ""bottoms > skirts""}",65,skirts,https://storage.googleapis.com/landingpage-al/91435470_0.jpg,"[""striped"", ""flowing"", ""blue"", ""lightweight""]",true,Striped Knee Length Skirt,890,0.41
apparel-sample-data-2288353000,"[""gold""]","Step into sophistication with our Gold Pleated Midi Skirt. Crafted from shiny material, this stunning skirt features a high waist and flared bottom, complemented by evenly spaced pleats that add a unique texture. Perfect for a variety of occasions, this piece seamlessly combines style and comfort.","{""lvl0"": ""bottoms"", ""lvl1"": ""bottoms > skirts""}",75,skirts,https://storage.googleapis.com/landingpage-al/91434721_0.jpg,"[""metallic"", ""pleated"", ""elegant"", ""versatile""]",true,Gold Pleated Midi Skirt,925,0.69
apparel-sample-data-2288340000,"[""black"", ""white""]","Discover sophistication with our black and white paisley print pencil skirt. Crafted from stretchy material, this skirt features a high waist, zipper closure, and a stylish front slit, making it an ideal choice for both professional and social settings.","{""lvl0"": ""apparel"", ""lvl1"": ""apparel > skirts""}",75,skirts,https://storage.googleapis.com/landingpage-al/91427528_0.jpg,"[""paisley"", ""elegant"", ""stretchy""]",true,Black and White Paisley Print Pencil Skirt,897,0.71
apparel-sample-data-2288330000,"[""black""]","Discover refined sophistication with our black pencil skirt, designed with a high waist and an elegant A-line silhouette. Adorned with five round buttons at the front and featuring a subtle front slit, this classic piece is versatile enough for both casual outings and formal events. Crafted from a comfortable cotton-polyester blend, it offers a flattering fit that accentuates your figure.","{""lvl0"": ""bottoms"", ""lvl1"": ""bottoms > skirts""}",85,skirts,https://storage.googleapis.com/landingpage-al/91420513_0.jpg,"[""black"", ""professional"", ""pencil"", ""elegant""]",true,Black Pencil Skirt,927,0.69
apparel-sample-data-2288320000,"[""black""]","Discover the timeless appeal of our black fitted pencil skirt. Crafted from stretchy material for added comfort, it features a flattering waistline, making it an essential piece that pairs effortlessly with various tops and shoes for any occasion.","{""lvl0"": ""bottoms"", ""lvl1"": ""bottoms > skirts""}",75,skirts,https://storage.googleapis.com/landingpage-al/91416213_0.jpg,"[""rib-knit"", ""elegant"", ""versatile""]",true,Black Fitted Pencil Skirt,980,0.48
apparel-sample-data-2288318000,"[""purple""]","Discover the charm of our Purple Ruffled Skirt, designed to impress with its unique blend of materials for comfort and style. The vibrant purple hue complemented by intricate ruffles at the bottom creates a stunning effect, making it suitable for a range of occasions from casual outings to special events.","{""lvl0"": ""bottoms"", ""lvl1"": ""bottoms > skirts""}",75,skirts,https://storage.googleapis.com/landingpage-al/91415418_0.jpg,"[""ruffled"", ""pencil"", ""purple"", ""fashionable""]",true,Purple Ruffled Skirt,980,0.88
apparel-sample-data-2288316000,"[""black"", ""white""]","Discover the perfect blend of style and comfort with our black and white pencil skirt. Crafted from knit material, this midi-length skirt features a chic print and a fitted waistline that flatters your silhouette, culminating in a refined flared bottom. Ideal for both professional settings and casual outings.","{""lvl0"": ""bottoms"", ""lvl1"": ""bottoms > skirts""}",75,skirts,https://storage.googleapis.com/landingpage-al/91414698_0.jpg,"[""black"", ""jacquard"", ""pencil"", ""elegant""]",true,Black and White Pencil Skirt,890,0.42
apparel-sample-data-2288315000,"[""black"", ""white""]","Discover the unique charm of our black and white asymmetrical skirt. Designed with a captivating color scheme, this skirt features a sleek black body complemented by a striking white diagonal stripe. Its flared silhouette adds an elegant touch, making it a versatile addition to any wardrobe.","{""lvl0"": ""bottoms"", ""lvl1"": ""bottoms > skirts""}",75,skirts,https://storage.googleapis.com/landingpage-al/91414643_0.jpg,"[""asymmetrical"", ""flared"", ""satin""]",true,Black and White Asymmetrical Skirt,890,0.76
apparel-sample-data-2288312000,"[""blue"", ""black"", ""white""]","Discover the charm of our pencil skirt featuring a striking blue and white paisley print. Designed with a front zipper closure, this piece is crafted from a comfortable blend of polyester and spandex, ensuring a flattering slim fit that's perfect for various occasions. The intricate paisley design adds a touch of sophistication to your ensemble.","{""lvl0"": ""bottoms"", ""lvl1"": ""bottoms > skirts""}",75,skirts,https://storage.googleapis.com/landingpage-al/91413983_0.jpg,"[""paisley-print"", ""pencil"", ""slim-fit"", ""blue"", ""black-and-white""]",true,Michael's Blue and White Paisley Pencil Skirt,894,0.43
apparel-sample-data-2288298000,"[""blue""]","Discover the perfect blend of style and comfort with our blue high waist denim pencil skirt. Made from durable denim, this midi-length skirt features a sleek front zipper closure, making it an ideal choice for both casual and polished outfits.","{""lvl0"": ""bottoms"", ""lvl1"": ""bottoms > skirts""}",75,skirts,https://storage.googleapis.com/landingpage-al/91410686_0.jpg,"[""denim"", ""pencil"", ""high waist""]",true,Blue High Waist Denim Pencil Skirt,920,0.46
apparel-sample-data-2288294000,"[""white""]","Discover the timeless appeal of our white denim skirt, crafted from soft corduroy. This stylish piece features a high waist and five sleek black buttons along the front, complemented by a subtle front slit for added flair. Perfect for casual outings or dressier occasions, this skirt effortlessly combines comfort and sophistication.","{""lvl0"": ""bottoms"", ""lvl1"": ""bottoms > skirts""}",75,skirts,https://storage.googleapis.com/landingpage-al/91410095_0.jpg,"[""button-front"", ""corduroy"", ""classic""]",true,White Denim Skirt,920,0.34
apparel-sample-data-2288291000,"[""maroon""]","Discover the charm of our maroon A-line midi skirt, designed with a flattering fitted waistline and a graceful flared bottom. Crafted from a soft blend of polyester and cotton, this versatile piece is perfect for both casual outings and formal events. The subtle white zipper adds a touch of sophistication to its overall look.","{""lvl0"": ""apparel"", ""lvl1"": ""apparel > skirts""}",75,skirts,https://storage.googleapis.com/landingpage-al/91409604_0.jpg,"[""a-line"", ""casual"", ""formal"", ""elegant""]",true,Maroon A-Line Midi Skirt,890,0.57
apparel-sample-data-2288287000,"[""blue""]","Discover the perfect blend of style and comfort with our blue denim pencil skirt. Crafted from high-quality denim with a dark wash, it features a mid-rise waist for a flattering fit. The front zipper closure and elegant front slit enhance its classic straight cut, making it an ideal choice for both casual and dressy occasions.","{""lvl0"": ""bottoms"", ""lvl1"": ""bottoms > skirts""}",75,skirts,https://storage.googleapis.com/landingpage-al/91408817_0.jpg,"[""denim"", ""pencil"", ""casual""]",true,Blue Denim Pencil Skirt,890,0.28
apparel-sample-data-2288280000,"[""black""]","Discover the charm of our black pencil skirt featuring a delicate floral pattern. Crafted from a comfortable blend of polyester and cotton, this skirt showcases a fitted waistline and a graceful flared bottom. Its mix of white, red, and green flowers elevates the classic style, making it perfect for pairing with a variety of tops and shoes for any occasion.","{""lvl0"": ""bottoms"", ""lvl1"": ""bottoms > skirts""}",75,skirts,https://storage.googleapis.com/landingpage-al/91407778_0.jpg,"[""floral"", ""versatile"", ""elegant""]",true,Black Floral Pencil Skirt,890,0.11
apparel-sample-data-2288278000,"[""blue"", ""white""]","Discover the charm of our blue and white tweed midi skirt, designed with a beautiful fringe hem and textured pattern. The fitted waistline ensures a flattering silhouette, making it a versatile choice for fall events, whether you're aiming for a casual outing or a more refined occasion.","{""lvl0"": ""apparel"", ""lvl1"": ""apparel > skirts""}",75,skirts,https://storage.googleapis.com/landingpage-al/91406751_0.jpg,"[""textured"", ""ruffled"", ""casual"", ""semi-formal""]",true,Blue and White Tweed Midi Skirt,890,0.33
apparel-sample-data-2288269000,"[""pink""]","Discover the charm of our pink knee-length skirt, designed for versatile styling. Perfect for both casual outings and semi-formal events, this skirt combines comfort with a flattering silhouette that complements any wardrobe.","{""lvl0"": ""bottoms"", ""lvl1"": ""bottoms > skirts""}",45,skirts,https://storage.googleapis.com/landingpage-al/91402707_0.jpg,"[""knee-length"", ""elegant"", ""casual""]",true,Pink knee-length skirt,982,0.75
apparel-sample-data-2288262000,"[""black"", ""white""]","Discover the charm of our black and white striped skirt, designed with a flowy silhouette that adds movement and grace to your outfit. This stylish piece pairs beautifully with a crisp white top and can be complemented with a chic belt for a polished look.","{""lvl0"": ""bottoms"", ""lvl1"": ""bottoms > skirts""}",65,skirts,https://storage.googleapis.com/landingpage-al/91402325_0.jpg,"[""multicolor"", ""flowy"", ""striped""]",true,Black and White Striped Skirt,982,0.72
apparel-sample-data-2288257000,"[""black"", ""white"", ""blue"", ""purple""]","Discover this charming floral printed knee-length skirt, crafted from silky material for a smooth, luxurious feel. The elegant black and white base, adorned with captivating blue and purple flowers, features delightful ruffles that add a playful touch to any outfit.","{""lvl0"": ""bottoms"", ""lvl1"": ""bottoms > skirts""}",75,skirts,https://storage.googleapis.com/landingpage-al/91402186_0.jpg,"[""floral"", ""elegant"", ""multicolor""]",true,Floral Printed Knee-Length Skirt,980,0.4
apparel-sample-data-2288247000,"[""light green""]","Discover effortless style with our light green pleated skirt featuring a scalloped edge. Crafted from a soft fabric, this knee-length skirt drapes beautifully and complements various tops, making it a versatile addition to your wardrobe.","{""lvl0"": ""bottoms"", ""lvl1"": ""bottoms > skirts""}",75,skirts,https://storage.googleapis.com/landingpage-al/91401863_0.jpg,"[""green"", ""pleated"", ""elegant""]",true,Light Green Pleated Skirt,884,0.3
apparel-sample-data-2288243000,"[""pink""]","Introducing our chic pink knee-length skirt, designed for versatility and comfort. Its vibrant hue and flattering silhouette make it an ideal choice for both casual outings and more polished looks. Pair it effortlessly with a variety of tops for any occasion.","{""lvl0"": ""bottoms"", ""lvl1"": ""bottoms > skirts""}",45,skirts,https://storage.googleapis.com/landingpage-al/91401784_0.jpg,"[""multicolor"", ""knee-length"", ""fashionable""]",true,Chic Pink Knee-Length Skirt,980,0.09
apparel-sample-data-2288241000,"[""white""]","Discover the perfect blend of comfort and style with our white midi skirt. Crafted from stretchy material, this skirt features a side zipper closure and a flared silhouette that gracefully enhances your figure, making it an ideal choice for both casual and formal occasions.","{""lvl0"": ""bottoms"", ""lvl1"": ""bottoms > skirts""}",75,skirts,https://storage.googleapis.com/landingpage-al/91401741_0.jpg,"[""flared"", ""stretchy"", ""comfortable""]",true,White Flared Midi Skirt,890,0.67
apparel-sample-data-2288234000,"[""black""]","Discover sophistication with our black pencil skirt. This stylish piece features a sleek silhouette that enhances your figure, making it ideal for both professional settings and evening outings. Pair it effortlessly with a variety of tops for versatile styling options.","{""lvl0"": ""bottoms"", ""lvl1"": ""bottoms > skirts""}",75,skirts,https://storage.googleapis.com/landingpage-al/91401619_0.jpg,"[""elegant"", ""pencil"", ""formal""]",true,Black Pencil Skirt,1024,0.35
apparel-sample-data-2288232000,"[""black""]","Discover the classic appeal of our black pencil skirt. Crafted from shiny material, this knee-length skirt features a sleek silhouette and a discreet zipper at the back, making it an ideal choice for both professional and evening wear.","{""lvl0"": ""bottoms"", ""lvl1"": ""bottoms > skirts""}",75,skirts,https://storage.googleapis.com/landingpage-al/91401594_0.jpg,"[""knee-length"", ""elegant"", ""pencil""]",true,Black pencil skirt,890,0.94
apparel-sample-data-2288225000,"[""white""]","Discover the charm of our white lace skirt, designed for a sophisticated look with its intricate lace detailing. Perfectly crafted for knee-length elegance, this skirt is a versatile addition to your wardrobe, suitable for both casual and formal occasions.","{""lvl0"": ""bottoms"", ""lvl1"": ""bottoms > skirts""}",75,skirts,https://storage.googleapis.com/landingpage-al/91401341_0.jpg,"[""lace"", ""elegant"", ""multicolor""]",true,White Lace Skirt,980,0.51
apparel-sample-data-2288224000,"[""black""]","Discover the sophisticated charm of our black mesh skirt. Designed with a sheer panel and a stylish black mesh overlay, this skirt features a sleek silver zipper on the left side, making it an elegant addition to your wardrobe, perfect for both casual and formal occasions.","{""lvl0"": ""bottoms"", ""lvl1"": ""bottoms > skirts""}",75,skirts,https://storage.googleapis.com/landingpage-al/91401313_0.jpg,"[""sheer"", ""elegant"", ""versatile""]",true,Black Mesh Skirt,890,0.08
apparel-sample-data-2288216000,"[""pink""]","Discover the charm of our pink knee-length skirt, a versatile addition to your wardrobe. Crafted with a comfortable fit, this skirt is perfect for casual outings or more polished occasions. Effortlessly style it with your favorite tops for a chic look.","{""lvl0"": ""apparel"", ""lvl1"": ""apparel > skirts""}",45,skirts,https://storage.googleapis.com/landingpage-al/91400948_0.jpg,"[""multicolor"", ""knee-length"", ""fashionable""]",true,Pink Knee-Length Skirt,890,0.05
apparel-sample-data-2288211000,"[""gray""]","Discover the perfect blend of style and versatility with our gray pencil skirt, adorned with a stylish pattern of black dots. Crafted from a luxurious woven fabric, this skirt features a high waist and a narrow hemline, making it an ideal choice for pairing with various tops and footwear for any occasion.","{""lvl0"": ""apparel"", ""lvl1"": ""apparel > skirts""}",75,skirts,https://storage.googleapis.com/landingpage-al/91400751_0.jpg,"[""knee-length"", ""elegant"", ""classic""]",true,Gray Pencil Skirt,895,0.94
apparel-sample-data-2288204000,"[""black""]","Discover the sophistication of our elegant black pencil skirt, crafted from a premium shiny material. Featuring a sleek design and discreet back zipper, this skirt is perfect for both professional and evening wear, effortlessly enhancing your silhouette.","{""lvl0"": ""women's clothing"", ""lvl1"": ""women's clothing > skirts""}",75,skirts,https://storage.googleapis.com/landingpage-al/91400519_0.jpg,"[""elegant"", ""pencil"", ""shiny""]",true,Elegant Black Pencil Skirt,987,0.93
apparel-sample-data-2288202000,"[""white"", ""orange"", ""coral""]","Discover a vibrant addition to your wardrobe with our knee-length skirt featuring a stunning white base adorned with a playful coral design. Perfect for various occasions, this skirt combines comfort with stylish flair.","{""lvl0"": ""bottoms"", ""lvl1"": ""bottoms > skirts""}",65,skirts,https://storage.googleapis.com/landingpage-al/91400465_0.jpg,"[""multicolor"", ""knee-length"", ""coral""]",true,White and Orange Knee-Length Skirt,890,0.31
apparel-sample-data-2288194000,"[""black""]","Discover the perfect blend of versatility and style with our chic black knee-length skirt. Crafted from high-quality materials, this skirt offers a flattering silhouette that pairs effortlessly with a variety of tops, making it an essential addition to your wardrobe.","{""lvl0"": ""bottoms"", ""lvl1"": ""bottoms > skirts""}",75,skirts,https://storage.googleapis.com/landingpage-al/91400146_0.jpg,"[""multicolor"", ""knee-length"", ""stylish""]",true,Chic Black Knee-Length Skirt,896,0.09
apparel-sample-data-2288193000,"[""red"", ""black""]","Discover a stylish addition to your wardrobe with our red and black plaid knee-length skirt. Crafted from a comfortable wool blend, this skirt features a bold plaid pattern and is complemented by a chic black belt at the waist, making it a versatile choice for both casual and semi-formal occasions.","{""lvl0"": ""bottoms"", ""lvl1"": ""bottoms > skirts""}",75,skirts,https://storage.googleapis.com/landingpage-al/91400078_0.jpg,"[""plaid"", ""knee-length"", ""casual"", ""multicolor""]",true,Red and Black Plaid Knee-Length Skirt,980,0.08
apparel-sample-data-2288190000,"[""beige""]","Discover the perfect blend of comfort and style with our beige high-waisted knit skirt. This knee-length piece features a stretchy knit fabric, a flattering zipper closure, and a flowy silhouette, making it a versatile addition to any wardrobe. Pair it effortlessly with your favorite tops for an elegant look.","{""lvl0"": ""bottoms"", ""lvl1"": ""bottoms > skirts""}",45,skirts,https://storage.googleapis.com/landingpage-al/91399978_0.jpg,"[""neutral"", ""flowy"", ""versatile""]",true,Beige High-Waisted Knit Skirt,987,0.48
apparel-sample-data-2288182000,"[""pink"", ""yellow"", ""green""]","Make a bold statement with our leopard print pleated midi skirt. Crafted from stretchy material, this skirt features a vibrant mix of pink, yellow, and green hues, ensuring a flattering silhouette for any occasion.","{""lvl0"": ""bottoms"", ""lvl1"": ""bottoms > skirts""}",45,skirts,https://storage.googleapis.com/landingpage-al/91399722_0.jpg,"[""pleated"", ""midi"", ""colorful"", ""leopard print""]",true,Leopard Print Pleated Midi Skirt,984,0.31
apparel-sample-data-2288173000,"[""black""]","Enhance your wardrobe with our stylish black pencil skirt. Crafted with a leather-like texture, it features a smooth zipper closure and a chic black belt adorned with a sleek silver buckle. Perfectly paired with a white blouse and black sweater for a sophisticated look.","{""lvl0"": ""apparel"", ""lvl1"": ""apparel > skirts""}",75,skirts,https://storage.googleapis.com/landingpage-al/91399530_0.jpg,"[""black"", ""pencil"", ""elegant""]",true,Black Pencil Skirt,900,0.78
apparel-sample-data-2288172000,"[""black""]","This black pencil skirt combines sophistication with a feminine flair. Made from stretchy material, it features a flattering high waistline and ruffled hem for a unique touch, making it ideal for versatile styling.","{""lvl0"": ""bottoms"", ""lvl1"": ""bottoms > skirts""}",75,skirts,https://storage.googleapis.com/landingpage-al/91399527_0.jpg,"[""multicolor"", ""knee-length"", ""elegant"", ""feminine""]",true,Black Pencil Skirt with Ruffled Hem,890,0.16
apparel-sample-data-2288165000,"[""green"", ""gold""]","Add a touch of sophistication to your wardrobe with our Green and Gold Floral Pleated Skirt. This exquisite piece features large pleats and a unique floral print, crafted from a shiny material that enhances its full silhouette. Perfect for both casual and formal occasions.","{""lvl0"": ""women's clothing"", ""lvl1"": ""women's clothing > skirts""}",75,skirts,https://storage.googleapis.com/landingpage-al/91399204_0.jpg,"[""floral"", ""pleated"", ""elegant""]",true,Green and Gold Floral Pleated Skirt,953,0.7
apparel-sample-data-2288162000,"[""black""]","Discover the perfect blend of style and comfort with our black knee-length skirt. Designed for versatility, this timeless piece can be dressed up or down, making it a staple in any wardrobe. Its flattering silhouette complements various outfits, ensuring you look great on any occasion.","{""lvl0"": ""bottoms"", ""lvl1"": ""bottoms > skirts""}",45,skirts,https://storage.googleapis.com/landingpage-al/91399114_0.jpg,"[""knee-length"", ""classic"", ""versatile""]",true,Black Knee-Length Skirt,894,0.82
apparel-sample-data-2288155000,"[""black"", ""white""]","Discover the perfect blend of style and comfort with our high waist flared skirt. Crafted from a flexible material that combines polyester and spandex, this skirt features a chic black exterior with a striking white zipper. The hemline, falling just above the knee, is complemented by a small side slit, making it a versatile choice for various occasions.","{""lvl0"": ""bottoms"", ""lvl1"": ""bottoms > skirts""}",75,skirts,https://storage.googleapis.com/landingpage-al/91398905_0.jpg,"[""multicolor"", ""high waist"", ""flared"", ""elegant""]",true,High Waist Flared Skirt,983,0.62
apparel-sample-data-2288154000,"[""beige"", ""black""]","Discover the perfect blend of style and comfort with our beige and black pleated skirt. Featuring elegant black buttons and a coordinating belt, this knee-length design is crafted from a soft cotton-polyester blend, offering both durability and a flattering silhouette for various occasions.","{""lvl0"": ""bottoms"", ""lvl1"": ""bottoms > skirts""}",75,skirts,https://storage.googleapis.com/landingpage-al/91398861_0.jpg,"[""knee-length"", ""pleated"", ""cotton-polyester blend""]",true,Beige and Black Pleated Skirt,964,0.58
apparel-sample-data-2288142000,"[""beige"", ""pink""]","Discover the charm of our beige and pink floral skirt, designed with a lightweight fabric for effortless movement. Its flowy silhouette adds an elegant touch, making it an ideal choice for casual outings or special occasions.","{""lvl0"": ""bottoms"", ""lvl1"": ""bottoms > skirts""}",75,skirts,https://storage.googleapis.com/landingpage-al/91396854_0.jpg,"[""floral"", ""lightweight"", ""feminine""]",true,Beige and Pink Floral Skirt,983,0.5
apparel-sample-data-2288136000,"[""gray""]","Discover versatility with our gray midi skirt, crafted from a stretchy material for a comfortable fit. With its simple design and knee-length silhouette, this skirt easily transitions from casual outings to more formal occasions.","{""lvl0"": ""bottoms"", ""lvl1"": ""bottoms > skirts""}",50,skirts,https://storage.googleapis.com/landingpage-al/91392670_0.jpg,"[""gray"", ""plus size"", ""midi"", ""stretch fabric""]",true,Gray Midi Skirt,876,0.36
apparel-sample-data-2288133000,"[""black""]","Discover sophistication with our black pleated midi skirt. Designed with a ruffled elastic waistband and crafted from flowy material, this high-waisted skirt effortlessly blends style and comfort for any occasion.","{""lvl0"": ""bottoms"", ""lvl1"": ""bottoms > skirts""}",75,skirts,https://storage.googleapis.com/landingpage-al/91391228_0.jpg,"[""pleated"", ""high-waisted"", ""elegant""]",true,Black Pleated Midi Skirt,987,0.95
apparel-sample-data-2288129000,"[""beige""]","Discover effortless style with our beige skirt, featuring a delicate side slit and captivating circle pattern. Crafted from soft, flowy material, this versatile piece is ideal for pairing with cozy sweaters or chic tops, making it a staple for any wardrobe.","{""lvl0"": ""bottoms"", ""lvl1"": ""bottoms > skirts""}",75,skirts,https://storage.googleapis.com/landingpage-al/91386601_0.jpg,"[""multicolor"", ""flowy"", ""elegant"", ""casual""]",true,Beige flowy skirt with circle pattern,876,0.57
apparel-sample-data-2288128000,"[""beige""]","Discover the charm of our beige skirt adorned with elegant black embroidery. This flowy design, crafted from lightweight material, is an ideal choice for warmer days. The combination of classic beige and detailed black embroidery ensures a sophisticated and timeless look.","{""lvl0"": ""clothing"", ""lvl1"": ""clothing > skirts""}",75,skirts,https://storage.googleapis.com/landingpage-al/91383432_0.jpg,"[""beige"", ""embroidery"", ""feminine"", ""lightweight"", ""timeless""]",true,Beige embroidered skirt,950,0.23
apparel-sample-data-2288127000,"[""purple"", ""black""]","This eye-catching purple and black plaid skirt features a flowy, loose fit crafted from comfortable woven material. The vibrant plaid pattern brings a stylish flair, making it a versatile addition to your wardrobe that can effortlessly transition from casual outings to more polished settings.","{""lvl0"": ""bottoms"", ""lvl1"": ""bottoms > skirts""}",45,skirts,https://storage.googleapis.com/landingpage-al/91381810_0.jpg,"[""plaid"", ""floral"", ""stylish""]",true,Purple and Black Plaid Skirt,980,0.08
apparel-sample-data-2288125000,"[""dark blue""]","Discover the perfect blend of style and comfort with our dark blue pencil skirt. Crafted from a thick wool material, this high-waisted design accentuates your silhouette while providing warmth for cooler days. Ideal for pairing with a sophisticated top and your favorite pumps for a polished look.","{""lvl0"": ""bottoms"", ""lvl1"": ""bottoms > skirts""}",80,skirts,https://storage.googleapis.com/landingpage-al/91381203_0.jpg,"[""ribbed"", ""high-waisted"", ""elegant""]",true,Dark Blue Pencil Skirt,980,0.57
apparel-sample-data-2288109000,"[""blue"", ""white""]","Discover a fresh look with our blue and white tulip skirt, crafted from stretchy material for a comfortable fit. Its flowy design elegantly complements any outfit, perfect for achieving a chic and effortless style whether you're out and about or enjoying a casual gathering.","{""lvl0"": ""bottoms"", ""lvl1"": ""bottoms > skirts""}",75,skirts,https://storage.googleapis.com/landingpage-al/91375459_0.jpg,"[""blue"", ""flowy"", ""tulip""]",true,Blue and White Flowing Tulip Skirt,987,0.49
apparel-sample-data-2288108000,"[""dark blue""]","Discover the refined charm of our dark blue velvet midi skirt. Crafted from soft, smooth fabric, this high-waisted design offers both comfort and sophistication, making it a versatile addition to your wardrobe.","{""lvl0"": ""bottoms"", ""lvl1"": ""bottoms > skirts""}",75,skirts,https://storage.googleapis.com/landingpage-al/91375255_1.jpg,"[""blue"", ""velvet"", ""high waist"", ""soft fabric""]",true,Dark Blue Velvet Midi Skirt,892,0.63
apparel-sample-data-2288104000,"[""brown"", ""red""]","Discover our exquisite brown high-waisted skirt featuring a vibrant red pleated design. Crafted from a comfortable blend of polyester and cotton, this skirt boasts a wide, flowing hemline that gracefully enhances your silhouette. Ideal for both casual outings and special occasions, this piece offers a chic and feminine essence.","{""lvl0"": ""apparel"", ""lvl1"": ""apparel > skirts""}",75,skirts,https://storage.googleapis.com/landingpage-al/91374152_0.jpg,"[""feminine"", ""pleated"", ""flowing"", ""high-waisted""]",true,Brown High-Waisted Pleated Skirt,876,0.12
apparel-sample-data-2288101000,"[""green""]","Discover the charm of our flared green skirt featuring a high waist design. Crafted from stretchy material, this knee-length piece offers both comfort and flair, making it an ideal choice for versatile styling.","{""lvl0"": ""bottoms"", ""lvl1"": ""bottoms > skirts""}",75,skirts,https://storage.googleapis.com/landingpage-al/91373830_0.jpg,"[""pleated"", ""stretchy"", ""flared""]",true,Flared green skirt,892,0.26
apparel-sample-data-2288100000,"[""white"", ""black""]","This knee-length skirt features a stylish white body with a sophisticated black trim, creating a striking contrast. Crafted for comfort and style, it's perfect for both casual outings and formal events, lending an elegant touch to any ensemble.","{""lvl0"": ""bottoms"", ""lvl1"": ""bottoms > skirts""}",75,skirts,https://storage.googleapis.com/landingpage-al/91373671_0.jpg,"[""multicolor"", ""knee-length"", ""elegant""]",true,Knee-Length Skirt with Black Trim,987,0.6
apparel-sample-data-2288099000,"[""black"", ""gray""]","Discover the allure of our Black and Grey Lace Skirt, a sophisticated piece featuring a delicate lace overlay atop a comfortable stretchy material. With a high waist design, it offers a flattering fit that seamlessly pairs with various tops for both casual and chic occasions.","{""lvl0"": ""bottoms"", ""lvl1"": ""bottoms > skirts""}",85,skirts,https://storage.googleapis.com/landingpage-al/91373445_0.jpg,"[""gray"", ""knee-length"", ""lace"", ""high-waist"", ""stretchy""]",true,Black and Grey Lace Skirt,980,0.25
apparel-sample-data-2288087000,"[""black""]","Discover the sophisticated appeal of our black pencil skirt. Crafted from a durable blend of polyester and spandex, this skirt features a fitted waistline and a sleek straight cut, making it an excellent choice for professional settings.","{""lvl0"": ""bottoms"", ""lvl1"": ""bottoms > skirts""}",75,skirts,https://storage.googleapis.com/landingpage-al/91367014_0.jpg,"[""stretch"", ""pencil"", ""professional""]",true,Black Pencil Skirt,932,0.33
apparel-sample-data-2288084000,"[""black"", ""white""]","Discover the charm of our floral print midi skirt, designed in a classic black and white palette. Featuring a contemporary slit on the side, this stylish skirt combines comfort and elegance, making it a versatile addition to your wardrobe.","{""lvl0"": ""bottoms"", ""lvl1"": ""bottoms > skirts""}",75,skirts,https://storage.googleapis.com/landingpage-al/91361807_0.jpg,"[""floral"", ""midi"", ""pencil"", ""stylish""]",true,Floral Print Midi Skirt,890,0.3
apparel-sample-data-2288082000,"[""black"", ""white""]","Add a touch of charm to your wardrobe with our knee-length skirt featuring a stunning black background adorned with elegant white floral prints and vibrant green leaves. Crafted from luxurious silk, this flirty skirt beautifully combines style and comfort, making it an ideal choice for both casual outings and special occasions.","{""lvl0"": ""bottoms"", ""lvl1"": ""bottoms > skirts""}",85,skirts,https://storage.googleapis.com/landingpage-al/91359893_0.jpg,"[""floral"", ""silk"", ""feminine"", ""knee-length""]",true,Floral Print Knee-Length Skirt,942,0.94
apparel-sample-data-2288081000,"[""black""]","Discover the charm of our classic black leather mini skirt, crafted from high-quality leather for a smooth texture. Featuring a functional front zipper closure, this skirt seamlessly transitions from casual outings to formal events, making it a versatile addition to your wardrobe.","{""lvl0"": ""bottom wear"", ""lvl1"": ""bottom wear > skirts""}",89.99,skirts,https://storage.googleapis.com/landingpage-al/91359612_0.jpg,"[""leather"", ""classic"", ""versatile""]",true,Classic Black Leather Mini Skirt,876,0.84
apparel-sample-data-2288078000,"[""black""]","Discover the perfect blend of comfort and style with our black flowy skirt. Crafted from soft fabric, this casual piece drapes beautifully, making it an ideal choice for relaxed outings or everyday wear.","{""lvl0"": ""bottoms"", ""lvl1"": ""bottoms > skirts""}",45,skirts,https://storage.googleapis.com/landingpage-al/91357856_0.jpg,"[""casual"", ""flowy"", ""versatile""]",true,Black Flowy Skirt,890,0.35
apparel-sample-data-2288074000,"[""black""]","Discover the allure of our black faux suede midi skirt, featuring a stylish ruffled hem and a convenient side zipper closure. Perfect for versatile styling, this skirt blends comfort and sophistication effortlessly.","{""lvl0"": ""bottoms"", ""lvl1"": ""bottoms > skirts""}",75,skirts,https://storage.googleapis.com/landingpage-al/91357412_0.jpg,"[""black"", ""faux suede"", ""flounce"", ""midi length""]",true,Black Faux Suede Midi Skirt,890,0.47
apparel-sample-data-2288072000,"[""black""]","Discover the charm of our black wrap dress, crafted from high-quality fabric. This sleeveless design features a flattering v-neckline and a tie at the waist, allowing for an adjustable fit. With its midi length, this dress offers a stylish silhouette perfect for various occasions.","{""lvl0"": ""apparel"", ""lvl1"": ""apparel > skirts""}",85,skirts,https://storage.googleapis.com/landingpage-al/91356833_0.jpg,"[""blue"", ""wrap"", ""versatile"", ""sleeveless""]",true,Black Wrap Dress,890,0.3
apparel-sample-data-2288063000,"[""black""]","Discover the versatile charm of our classic black pencil skirt, designed with a flattering fit and crafted from stretchy material for comfort. The essential zipper closure adds practicality to this timeless piece, ideal for both professional and casual settings.","{""lvl0"": ""bottoms"", ""lvl1"": ""bottoms > skirts""}",75,skirts,https://storage.googleapis.com/landingpage-al/91354355_0.jpg,"[""blue"", ""plus"", ""knit"", ""pencil"", ""business""]",true,Classic Black Pencil Skirt,987,0.75
apparel-sample-data-2288060000,"[""beige""]","Discover the perfect blend of comfort and style with our beige knee-length skirt. Crafted from soft, woven fabric, its straight cut offers a minimalist look that transitions effortlessly from day to night. Pair it with a cream top for a chic ensemble that's suitable for any occasion.","{""lvl0"": ""apparel"", ""lvl1"": ""apparel > skirts""}",75,skirts,https://storage.googleapis.com/landingpage-al/91354132_0.jpg,"[""natural"", ""textured"", ""a-line"", ""versatile""]",true,Beige Knee-Length Skirt,987,0.61
apparel-sample-data-2288056000,"[""gray"", ""dark gray""]","Discover the perfect blend of comfort and style with our gray knee-length knit skirt. Designed with a dark gray elastic waistband, this skirt features a stretchy knit material that offers a flowy A-line silhouette. Ideal for both casual outings and more formal events, it's a versatile addition to your wardrobe.","{""lvl0"": ""bottoms"", ""lvl1"": ""bottoms > skirts""}",75,skirts,https://storage.googleapis.com/landingpage-al/91352533_0.jpg,"[""multicolor"", ""textured"", ""a-line"", ""versatile""]",true,Gray A-line Knit Skirt,980,0.18
apparel-sample-data-2288055000,"[""beige"", ""black""]","Discover the charm of our beige and black floral printed skirt, crafted from lightweight material for effortless movement and comfort. The delicate floral design adds a touch of sophistication, making it a versatile choice for various occasions. Pair it seamlessly with a simple top for an understated yet stylish look.","{""lvl0"": ""bottoms"", ""lvl1"": ""bottoms > skirts""}",75,skirts,https://storage.googleapis.com/landingpage-al/91352011_0.jpg,"[""floral"", ""lightweight"", ""elegant""]",true,Beige and Black Floral Printed Skirt,890,0.44
apparel-sample-data-2288052000,"[""black"", ""brown""]","Discover the charm of our black pleated skirt, featuring a stylish brown belt that cinches at the waist for a flattering fit. This versatile piece pairs beautifully with a variety of tops, making it an essential for both casual outings and more formal occasions.","{""lvl0"": ""bottoms"", ""lvl1"": ""bottoms > skirts""}",75,skirts,https://storage.googleapis.com/landingpage-al/91351004_0.jpg,"[""pleated"", ""elegant"", ""casual""]",true,Black Pleated Skirt with Brown Belt,940,0.31
apparel-sample-data-2288041000,"[""black"", ""gray""]","Introducing our charming polka dot pencil skirt, tailored for a stylish silhouette. This high-waisted design features a playful pattern of small black dots on a sophisticated gray backdrop, crafted from a stretchy material for ultimate comfort and ease of movement.","{""lvl0"": ""bottoms"", ""lvl1"": ""bottoms > skirts""}",75,skirts,https://storage.googleapis.com/landingpage-al/91349672_0.jpg,"[""polka dot"", ""pencil skirt"", ""high waist"", ""stretchy""]",true,Polka Dot Pencil Skirt,982,0.86
apparel-sample-data-2288030000,"[""gray"", ""black""]","Discover the charm of our elegant grey and black lace skirt. Crafted with a delicate grey lace overlay and adorned with a sophisticated black lace trim, this knee-length skirt combines style with grace, perfectly suited for both casual outings and formal occasions.","{""lvl0"": ""bottoms"", ""lvl1"": ""bottoms > skirts""}",75,skirts,https://storage.googleapis.com/landingpage-al/91349115_0.jpg,"[""lace"", ""elegant"", ""gray"", ""knee-length""]",true,Elegant Grey and Black Lace Skirt,987,0.01
apparel-sample-data-2288027000,"[""beige""]","This beige pencil skirt offers a sleek silhouette that seamlessly combines style and comfort. Designed for versatility, it pairs effortlessly with a variety of tops, making it a staple addition to your wardrobe.","{""lvl0"": ""apparel"", ""lvl1"": ""apparel > skirts""}",75,skirts,https://storage.googleapis.com/landingpage-al/91348727_0.jpg,"[""pencil"", ""beige"", ""elegant""]",true,Beige Pencil Skirt,890,0.34
apparel-sample-data-2288026000,"[""black"", ""gray""]","Introducing our black and grey striped skirt featuring a delicate floral pattern. This stylish piece boasts a pleated design and a sleek silver zipper at the front, making it a versatile addition to any wardrobe.","{""lvl0"": ""bottoms"", ""lvl1"": ""bottoms > skirts""}",75,skirts,https://storage.googleapis.com/landingpage-al/91348685_0.jpg,"[""pleated"", ""floral"", ""striped""]",true,Black and Grey Striped Floral Skirt,984,0.5
apparel-sample-data-2288018000,"[""brown""]","Discover the charm of our brown velvet midi-length skirt, designed with a stylish pleated detail that adds movement to your look. Perfectly tailored to fall just above the knee, this skirt offers both comfort and elegance, making it an ideal match for a variety of tops.","{""lvl0"": ""apparel"", ""lvl1"": ""apparel > skirts""}",75,skirts,https://storage.googleapis.com/landingpage-al/91348465_0.jpg,"[""velvet"", ""pleated"", ""midi-length""]",true,Brown Velvet Midi-Length Skirt,890,0.18
apparel-sample-data-2288013000,"[""black""]","Discover the sleek sophistication of our black pencil skirt. Crafted from stretchy material, it features a comfortable shiny black elastic band at the top. Ideal for both professional settings and casual outings, this skirt enhances any outfit with its classic silhouette.","{""lvl0"": ""bottoms"", ""lvl1"": ""bottoms > skirts""}",75,skirts,https://storage.googleapis.com/landingpage-al/91347835_0.jpg,"[""black"", ""pencil"", ""stylish""]",true,Black Pencil Skirt,932,0.22
apparel-sample-data-2288011000,"[""green"", ""white""]","Step into a world of comfort and style with our green and white flowing skirt. Designed for effortless movement, this knee-length piece offers a chic silhouette, perfect for both casual outings and dressier occasions.","{""lvl0"": ""bottoms"", ""lvl1"": ""bottoms > skirts""}",75,skirts,https://storage.googleapis.com/landingpage-al/91347648_0.jpg,"[""flowing"", ""knee-length"", ""elegant"", ""green""]",true,Green and White Flowing Skirt,876,0.8
apparel-sample-data-2288000000,"[""black""]","Our black pencil skirt offers a sleek silhouette, perfectly designed to highlight your figure. Crafted from high-quality material, this versatile piece can be paired with various tops, making it a staple for any wardrobe.","{""lvl0"": ""bottoms"", ""lvl1"": ""bottoms > skirts""}",75,skirts,https://storage.googleapis.com/landingpage-al/91346472_0.jpg,"[""black"", ""pencil"", ""tailored"", ""elegant""]",true,Black Pencil Skirt,980,0.5
apparel-sample-data-2287988000,"[""black""]","Discover the versatility of our black pencil skirt, crafted from a comfortable polyester-spandex blend. This classic piece features a fitted waistline and a straight cut that gracefully tapers towards the hem, making it an ideal choice for both professional settings and casual outings.","{""lvl0"": ""bottoms"", ""lvl1"": ""bottoms > skirts""}",75,skirts,https://storage.googleapis.com/landingpage-al/91344378_0.jpg,"[""black"", ""pencil"", ""professional"", ""casual""]",true,Black Pencil Skirt,980,0.27
apparel-sample-data-2287980000,"[""black"", ""white""]","Discover the charm of our floral print midi skirt, designed with a captivating black and white floral pattern. Its flowy silhouette adds a touch of femininity to any outfit, making it an ideal choice for both casual and semi-formal occasions.","{""lvl0"": ""clothing"", ""lvl1"": ""clothing > skirts""}",75,skirts,https://storage.googleapis.com/landingpage-al/91341228_0.jpg,"[""floral"", ""feminine"", ""flowy""]",true,Floral Print Midi Skirt,984,0.55
apparel-sample-data-2287975000,"[""black""]","Discover the timeless appeal of our black pencil skirt, crafted from stretchy material for a comfortable fit. Its classic design and fitted waistline make it an ideal choice for various occasions, easily styled for both casual and formal looks.","{""lvl0"": ""apparel"", ""lvl1"": ""apparel > skirts""}",80,skirts,https://storage.googleapis.com/landingpage-al/91338726_0.jpg,"[""black"", ""pencil"", ""versatile"", ""fitted""]",true,Black Pencil Skirt,982,0.4
apparel-sample-data-2287971000,"[""black""]","Discover sophistication with our black knee-length skirt, featuring a charming ruffled design. Crafted from sheer material, this skirt includes a tulle lining for added volume and depth. The layered ruffles, possibly crafted from lace or net, add a unique touch to elevate your look. Complete with a discreet zipper closure at the back for a seamless finish.","{""lvl0"": ""bottoms"", ""lvl1"": ""bottoms > skirts""}",85,skirts,https://storage.googleapis.com/landingpage-al/91336012_0.jpg,"[""high-waist"", ""multicolor"", ""elegant"", ""ruffled""]",true,Black Ruffled Knee-Length Skirt,876,0.05
apparel-sample-data-2287970000,"[""grey""]","Discover the perfect blend of comfort and style with our grey pleated knee-length skirt. Crafted from soft knit material, this skirt features a loose fit that gracefully falls just above the knee. Its solid grey color offers versatility, making it an excellent choice for a variety of outfits.","{""lvl0"": ""bottoms"", ""lvl1"": ""bottoms > skirts""}",75,skirts,https://storage.googleapis.com/landingpage-al/91336010_0.jpg,"[""knit"", ""pleated"", ""versatile""]",true,Grey Pleated Knee-Length Skirt,980,0.94
apparel-sample-data-2287969000,"[""red"", ""black""]","Discover a captivating red and black floral skirt that showcases a high waist and a long, flowing silhouette. Crafted from a comfortable blend of cotton and polyester, this piece features a striking mix of colors and a prominent floral design, making it a perfect choice for a variety of occasions.","{""lvl0"": ""bottoms"", ""lvl1"": ""bottoms > skirts""}",75,skirts,https://storage.googleapis.com/landingpage-al/91335841_0.jpg,"[""red"", ""black"", ""floral"", ""versatile""]",true,Red and Black Floral Skirt,980,0.41
apparel-sample-data-2287962000,"[""black""]","Introducing our black fitted midi skirt, designed for effortless style. Crafted from stretchy material, this skirt features a fitted waistline and a playful fringe hem that brings texture and movement to any outfit, making it a versatile addition to your wardrobe.","{""lvl0"": ""bottoms"", ""lvl1"": ""bottoms > skirts""}",75,skirts,https://storage.googleapis.com/landingpage-al/91332084_0.jpg,"[""textured"", ""ruffled"", ""elegant""]",true,Black Fitted Midi Skirt,902,0.49
apparel-sample-data-2287959000,"[""navy blue""]","Discover the perfect blend of style and comfort with our navy blue pencil skirt. Crafted from stretchy material, this high-waisted skirt offers a sleek silhouette that transitions effortlessly from casual outings to professional environments. Pair it with your favorite top for a polished look.","{""lvl0"": ""apparel"", ""lvl1"": ""apparel > skirts""}",75,skirts,https://storage.googleapis.com/landingpage-al/91330611_0.jpg,"[""blue"", ""stretch"", ""pencil"", ""versatile""]",true,Navy Blue Pencil Skirt,980,0.42
apparel-sample-data-2287954000,"[""black"", ""blue""]","Discover a chic blend of comfort and style with our geometric print A-line skirt. Designed with a flattering high waist and a zipper closure, this midi-length skirt is crafted from a soft polyester-spandex blend. The eye-catching geometric print features a harmonious mix of triangles and diamonds in shades of black, blue, and red, making it an ideal choice for various occasions.","{""lvl0"": ""bottoms"", ""lvl1"": ""bottoms > skirts""}",75,skirts,https://storage.googleapis.com/landingpage-al/91329988_0.jpg,"[""printed"", ""a-line"", ""casual"", ""vibrant""]",true,Geometric Print A-line Skirt,980,0.25
apparel-sample-data-2287949000,"[""blue""]","Discover the perfect blend of comfort and style with our blue high-waist midi skirt. Crafted from stretchy material, this form-fitting design accentuates your curves while providing ease of movement. A must-have addition to your wardrobe for versatile fashion choices.","{""lvl0"": ""clothing"", ""lvl1"": ""clothing > skirts""}",75,skirts,https://storage.googleapis.com/landingpage-al/91327673_0.jpg,"[""solid"", ""midi"", ""form-fitting"", ""elegant""]",true,Blue High-Waist Midi Skirt,890,0.82
apparel-sample-data-2287948000,"[""beige"", ""gray"", ""black""]","Discover our beige pencil skirt, crafted from a comfortable blend of polyester and cotton. This knee-length piece features a side zipper closure, offering both style and ease. Perfectly paired with a classic gray blazer and sheer black pantyhose, it embodies sophistication for any occasion.","{""lvl0"": ""bottoms"", ""lvl1"": ""bottoms > skirts""}",80,skirts,https://storage.googleapis.com/landingpage-al/91327662_0.jpg,"[""multicolor"", ""petite"", ""pencil"", ""classic""]",true,Beige Pencil Skirt,980,0.32
apparel-sample-data-2287943000,"[""dark gray""]","Discover sophistication with our dark gray pencil skirt. Crafted from a stretchy fabric for a flattering fit, this high-waisted design offers both comfort and style, making it an essential addition to your wardrobe.","{""lvl0"": ""apparel"", ""lvl1"": ""apparel > skirts""}",75,skirts,https://storage.googleapis.com/landingpage-al/91325029_0.jpg,"[""multicolor"", ""ponte"", ""elegant""]",true,Dark Gray Pencil Skirt,982,0.62
apparel-sample-data-2287942000,"[""brown""]","Discover the perfect blend of comfort and style with our brown high-waisted midi skirt. Crafted from stretchy, form-fitting fabric, this versatile piece hugs your silhouette beautifully, making it an ideal choice for various occasions.","{""lvl0"": ""bottoms"", ""lvl1"": ""bottoms > skirts""}",75,skirts,https://storage.googleapis.com/landingpage-al/91324744_0.jpg,"[""natural"", ""stretch"", ""pencil"", ""form-fitting""]",true,Brown High-Waisted Midi Skirt,982,0.01
apparel-sample-data-2287939000,"[""yellow""]","Discover the charm of our yellow ruffled skirt, designed with a fitted waistline and crafted from soft material. This knee-length piece features delightful ruffles at the hem, adding a playful touch to your wardrobe, perfect for various occasions.","{""lvl0"": ""bottoms"", ""lvl1"": ""bottoms > skirts""}",55,skirts,https://storage.googleapis.com/landingpage-al/91319569_0.jpg,"[""yellow"", ""ruffle"", ""wrap"", ""fashionable""]",true,Yellow Ruffled Skirt,980,0.72
apparel-sample-data-2287935000,"[""black""]","Discover the sophistication of our black pencil skirt, crafted from luxurious satin for a refined look. With a sleek silhouette and a shiny finish, it effortlessly complements both casual and formal outfits.","{""lvl0"": ""bottoms"", ""lvl1"": ""bottoms > skirts""}",75,skirts,https://storage.googleapis.com/landingpage-al/91317809_0.jpg,"[""black"", ""taffeta"", ""pencil"", ""elegant""]",true,Black Pencil Skirt,980,0.74
apparel-sample-data-2287933000,"[""red"", ""black""]","Discover the striking design of our red and black knee length skirt. Crafted from shiny material, this skirt features a stylish mix of colors and a side slit, making it a versatile addition to any wardrobe. Perfectly paired with a classic black top for an effortlessly chic look.","{""lvl0"": ""bottoms"", ""lvl1"": ""bottoms > skirts""}",75,skirts,https://storage.googleapis.com/landingpage-al/91317437_0.jpg,"[""red"", ""knee length"", ""elegant"", ""casual""]",true,Red and Black Knee Length Skirt,945,0.18
apparel-sample-data-2287930000,"[""black"", ""grey""]","Discover the perfect blend of elegance and versatility with our black and grey midi skirt. Crafted from a comfortable polyester-spandex blend, this skirt features a unique grey pleated design and a stylish zipper closure. Ideal for both casual and formal occasions, it offers a flattering fit that enhances your silhouette.","{""lvl0"": ""clothing"", ""lvl1"": ""clothing > skirts""}",75,skirts,https://storage.googleapis.com/landingpage-al/91315712_0.jpg,"[""metallic"", ""jacquard"", ""a-line"", ""elegant""]",true,Black and Grey Midi Skirt,982,0.82
apparel-sample-data-2287927000,"[""black""]","Discover the timeless appeal of our Classic Black Pencil Skirt. Crafted from stretchy material, this skirt features a fitted waistline that offers comfort and style, making it an ideal choice for both professional and casual occasions.","{""lvl0"": ""bottoms"", ""lvl1"": ""bottoms > skirts""}",75,skirts,https://storage.googleapis.com/landingpage-al/91313702_0.jpg,"[""black"", ""pencil"", ""versatile""]",true,Classic Black Pencil Skirt,980,0.88
apparel-sample-data-2287922000,"[""black"", ""white""]","Discover the sophisticated appeal of our black and white striped pencil skirt. Crafted from a comfortable blend of polyester and cotton, this midi-length skirt features a fitted waistline and a discreet zipper closure at the back, making it an ideal choice for both office wear and after-hours gatherings.","{""lvl0"": ""bottoms"", ""lvl1"": ""bottoms > skirts""}",75,skirts,https://storage.googleapis.com/landingpage-al/91311167_0.jpg,"[""striped"", ""pencil"", ""elegant""]",true,Black and White Striped Pencil Skirt,980,0.33
apparel-sample-data-2287919000,"[""brown"", ""black""]","Discover our chic brown and black striped midi skirt, crafted from soft, high-quality fabric. The delicate thin stripes create a sophisticated look, making it an ideal choice for both casual and formal occasions.","{""lvl0"": ""apparel"", ""lvl1"": ""apparel > skirts""}",75,skirts,https://storage.googleapis.com/landingpage-al/91310661_0.jpg,"[""striped"", ""fitted"", ""sophisticated""]",true,Brown and Black Striped Midi Skirt,982,0.34
apparel-sample-data-2287910000,"[""black""]","Discover the perfect blend of sophistication and comfort with our black high-waist pencil skirt. Crafted from stretchy material, this wrap skirt features a chic white zipper and a stylish side slit, ideal for embodying modern elegance in any setting.","{""lvl0"": ""bottoms"", ""lvl1"": ""bottoms > skirts""}",75,skirts,https://storage.googleapis.com/landingpage-al/91304151_0.jpg,"[""black"", ""asymmetric"", ""pencil"", ""stylish""]",true,Black High-Waist Pencil Skirt,980,0.44
apparel-sample-data-2285142000,"[""brown"", ""green""]","Discover effortless style with our brown shorts featuring a chic green stripe. Crafted from soft, lightweight material, these shorts offer a comfortable drawstring waist and versatility, making them perfect for leisurely weekends or casual outings.","{""lvl0"": ""clothing"", ""lvl1"": ""clothing > trousers""}",45,pants,https://storage.googleapis.com/landingpage-al/91437675_1.jpg,"[""casual"", ""lightweight"", ""versatile"", ""comfortable""]",true,Brown shorts with green stripe,932,0.78
apparel-sample-data-2285135000,"[""black""]","Discover the perfect balance of comfort and style with our black wide-leg pants. Crafted from stretchy material, these pants feature a chic cropped length and are complemented by a sleek white belt that sits gracefully at the natural waistline, making them a versatile addition to any wardrobe.","{""lvl0"": ""bottoms"", ""lvl1"": ""bottoms > pants""}",85,pants,https://storage.googleapis.com/landingpage-al/91431878_0.jpg,"[""black"", ""high-waist"", ""wide-leg"", ""comfortable"", ""stylish""]",true,Black Wide-Leg Pants with White Belt,879,0.91
apparel-sample-data-2285131000,"[""red""]","Discover our chic red wide-leg pants, crafted from a luxurious shiny material that captures attention effortlessly. Perfect for any occasion, these pants offer a modern silhouette with a flattering fit, ideal for making a fashion statement.","{""lvl0"": ""bottoms"", ""lvl1"": ""bottoms > pants""}",85,pants,https://storage.googleapis.com/landingpage-al/91429898_0.jpg,"[""flared"", ""wide-leg"", ""elegant"", ""modern""]",true,Chic Red Wide-Leg Pants,984,1
apparel-sample-data-2285123000,"[""black""]","Step into the spotlight with our black flared sequin pants, designed to add a touch of glamour to any outfit. Crafted from shiny material, these pants feature a flattering flared silhouette that elevates your style while ensuring comfort. Perfect for special occasions or a night out.","{""lvl0"": ""bottoms"", ""lvl1"": ""bottoms > pants""}",150,pants,https://storage.googleapis.com/landingpage-al/91422465_0.jpg,"[""black"", ""sequined"", ""flared"", ""elegant""]",true,Black Flared Sequin Pants,987,0.01
apparel-sample-data-2285103000,"[""dark gray""]","Discover our dark gray tailored straight-leg pants, designed for both comfort and style. Crafted from a blend of polyester and spandex, these pants offer a flattering fit with a classic straight cut. The subtle zipper closure adds a touch of sophistication, making them a versatile addition to your wardrobe.","{""lvl0"": ""bottoms"", ""lvl1"": ""bottoms > trousers""}",75,pants,https://storage.googleapis.com/landingpage-al/91409862_0.jpg,"[""gray"", ""tailored"", ""straight-leg"", ""comfortable""]",true,Dark Gray Tailored Straight-Leg Pants,894,0.87
apparel-sample-data-2285101000,"[""black""]","Discover the perfect blend of comfort and style with our black wide-leg trousers. Crafted from stretchy material for a flattering silhouette, these pants offer a straight cut ideal for various occasions, providing an effortlessly chic look.","{""lvl0"": ""apparel"", ""lvl1"": ""apparel > trousers""}",75,pants,https://storage.googleapis.com/landingpage-al/91408863_0.jpg,"[""black"", ""petite"", ""pull-on"", ""trendy"", ""versatile""]",true,Black Wide-Leg Trousers,890,0.27
apparel-sample-data-2285099000,"[""black""]","Discover the perfect blend of comfort and style with our stylish black wide-leg pants. Crafted from stretchy material, these pants feature a loose fit that enhances breathability while a shiny belt with a gold buckle adds a touch of elegance. Perfect for various occasions, these pants offer effortless versatility.","{""lvl0"": ""bottoms"", ""lvl1"": ""bottoms > pants""}",75,pants,https://storage.googleapis.com/landingpage-al/91407788_0.jpg,"[""black"", ""fashionable"", ""loose-fit"", ""versatile""]",true,Stylish Black Wide-Leg Pants,982,0.28
apparel-sample-data-2285093000,"[""gray""]","Discover comfort and style with our gray flared pants, designed for a loose fit and crafted from a soft cotton-polyester blend. These versatile pants feature a button and zipper closure, alongside a convenient front pocket, making them ideal for both work and casual outings.","{""lvl0"": ""bottoms"", ""lvl1"": ""bottoms > pants""}",85,pants,https://storage.googleapis.com/landingpage-al/91397136_0.jpg,"[""gray"", ""wool-blend"", ""flared"", ""business casual""]",true,Gray Flared Pants,879,0.72
apparel-sample-data-2285091000,"[""gray""]","Discover the appeal of our gray wide-leg pants, crafted from a soft wool flannel for unmatched comfort. Featuring a loose fit and drawstring waist, these pants provide both style and ease, making them perfect for casual outings or relaxed days at home.","{""lvl0"": ""apparel"", ""lvl1"": ""apparel > pants""}",75,pants,https://storage.googleapis.com/landingpage-al/91396003_3.jpg,"[""comfortable"", ""loose_fit"", ""versatile"", ""multicolor""]",true,Gray Wide-Leg Pants,950,0.84
apparel-sample-data-2285086000,"[""brown"", ""black""]","Discover comfort and style with our plaid wide-leg trousers. Crafted from a durable woven material, these pants feature a striking brown and black checkered pattern and a relaxed loose fit, making them perfect for both casual and sophisticated outfits.","{""lvl0"": ""bottoms"", ""lvl1"": ""bottoms > trousers""}",80,pants,https://storage.googleapis.com/landingpage-al/91390515_0.jpg,"[""multicolor"", ""plaid"", ""comfortable""]",true,Plaid wide-leg trousers,980,0.47
apparel-sample-data-2285083000,"[""khaki""]","Discover ultimate comfort with our khaki relaxed-fit pants. Crafted from lightweight material, these versatile trousers offer a laid-back style perfect for any occasion. Their neutral tone allows for easy pairing with various tops, making them a staple for your wardrobe.","{""lvl0"": ""bottoms"", ""lvl1"": ""bottoms > trousers""}",60,pants,https://storage.googleapis.com/landingpage-al/91387015_0.jpg,"[""relaxed-fit"", ""lightweight"", ""versatile""]",true,Khaki Relaxed-Fit Pants,890,0.56
apparel-sample-data-2285075000,"[""black""]","Discover stylish comfort with our black wide-leg cropped pants. Crafted from a stretchy material, these pants feature a flattering wide waistband and an ankle-baring cut, making them a versatile choice for both casual outings and chic gatherings.","{""lvl0"": ""bottoms"", ""lvl1"": ""bottoms > pants""}",75,pants,https://storage.googleapis.com/landingpage-al/91379810_0.jpg,"[""black"", ""wide-leg"", ""comfortable"", ""cropped""]",true,Black Wide-Leg Cropped Pants,980,0.4
apparel-sample-data-2285064000,"[""black""]","Discover the charm of our high waist polka dot trousers, designed for effortless style and comfort. Crafted from a flowy chiffon material, these loose-fitting black pants feature playful white polka dots that add a touch of whimsy to your outfit. Ideal for pairing with fitted tops for a balanced look.","{""lvl0"": ""apparel"", ""lvl1"": ""apparel > trousers""}",80,pants,https://storage.googleapis.com/landingpage-al/91373317_0.jpg,"[""flared"", ""chiffon"", ""comfortable"", ""stylish""]",true,High Waist Polka Dot Trousers,980,0.9
apparel-sample-data-2285055000,"[""white""]","Add a touch of sophistication to your wardrobe with our floral print wide-leg pants. Crafted from stretchy material, these high-waisted, cropped pants ensure both comfort and style. Perfect for a variety of occasions, they combine elegance with a contemporary flair.","{""lvl0"": ""bottoms"", ""lvl1"": ""bottoms > pants""}",75,pants,https://storage.googleapis.com/landingpage-al/91369923_0.jpg,"[""floral"", ""stretchy"", ""wide-leg"", ""trendy""]",true,Floral Print Wide-Leg Pants,932,0.11
apparel-sample-data-2285052000,"[""black""]","Discover the perfect blend of comfort and style with our black wide-leg capri pants. Crafted from soft, stretchy material, these pants feature a wide waistband that ensures a flattering fit around the hips and thighs, making them an ideal choice for both casual and elevated looks.","{""lvl0"": ""bottoms"", ""lvl1"": ""bottoms > pants""}",45,pants,https://storage.googleapis.com/landingpage-al/91366203_0.jpg,"[""comfortable"", ""stylish"", ""wide-leg""]",true,Black Wide-Leg Capri Pants,876,0.17
apparel-sample-data-2285048000,"[""black""]","Discover effortless style with our black wide-leg pants. Crafted from stretchy crepe material for comfort, these pants feature a loose, flowing silhouette that pairs perfectly with cropped tops or tucked-in blouses. Ideal for both casual and semi-formal occasions.","{""lvl0"": ""bottoms"", ""lvl1"": ""bottoms > pants""}",85,pants,https://storage.googleapis.com/landingpage-al/91363566_0.jpg,"[""black"", ""crepe"", ""wide-leg"", ""comfortable""]",true,Black Wide-Leg Pants,890,0.11
apparel-sample-data-2285047000,"[""black""]","Discover the sophistication of our elegant black wide-leg pants. Designed for a relaxed silhouette, these pants feature a cropped ankle length and a shiny finish, complemented by a wide waistband for comfort and style.","{""lvl0"": ""bottoms"", ""lvl1"": ""bottoms > pants""}",85,pants,https://storage.googleapis.com/landingpage-al/91363392_0.jpg,"[""black"", ""wide"", ""leg"", ""cropped"", ""elegant""]",true,Elegant Black Wide-Leg Pants,980,0.57
apparel-sample-data-2285044000,"[""dark blue""]","Discover the perfect blend of comfort and style with our dark blue flowing pants. Crafted from soft, lightweight fabric, these pants feature a relaxed fit with cuffed ankles and an adjustable drawstring waist, making them ideal for any casual outing or lounging at home.","{""lvl0"": ""apparel"", ""lvl1"": ""apparel > pants""}",65,pants,https://storage.googleapis.com/landingpage-al/91361035_0.jpg,"[""blue"", ""loose-fit"", ""drawstring-waist"", ""comfortable""]",true,Dark Blue Flowing Pants,980,0.63
apparel-sample-data-2285028000,"[""black""]","Discover a stylish addition to your wardrobe with our black wide-leg pants. Crafted from stretchy material, these pants feature a chic side slit that enhances their contemporary design while ensuring a comfortable, loose fit. Perfect for dressing up or down.","{""lvl0"": ""bottoms"", ""lvl1"": ""bottoms > pants""}",75,pants,https://storage.googleapis.com/landingpage-al/91347920_1.jpg,"[""black"", ""wide-leg"", ""casual"", ""modern""]",true,Black Wide-Leg Pants,948,0.06
apparel-sample-data-2285023000,"[""brown""]","Discover your go-to casual style with our brown wide-leg shorts. Designed for comfort, these shorts feature a relaxed fit and a drawstring waist adorned with a shimmering metallic thread for a touch of sophistication. The unique flared silhouette from the knee to the ankle ensures a modern, laid-back look that's perfect for any occasion.","{""lvl0"": ""bottoms"", ""lvl1"": ""bottoms > pants""}",55,pants,https://storage.googleapis.com/landingpage-al/91342727_0.jpg,"[""multicolor"", ""curve"", ""self-tie"", ""comfortable"", ""casual""]",true,Brown Wide-Leg Shorts,890,0.2
apparel-sample-data-2285022000,"[""blue""]","Discover the comfort of our blue wide-leg shorts, designed for a flowing and relaxed fit. Crafted from soft, lightweight material, these cropped shorts feature a wide waistband that enhances your silhouette, making them ideal for warm-weather outings.","{""lvl0"": ""bottoms"", ""lvl1"": ""bottoms > pants""}",45,pants,https://storage.googleapis.com/landingpage-al/91341525_0.jpg,"[""blue"", ""culottes"", ""lightweight"", ""comfortable""]",true,Blue Wide-Leg Shorts,932,0.31
apparel-sample-data-2285018000,"[""khaki""]","Discover the ultimate in casual comfort with our khaki relaxed-fit pants. Crafted from soft, stretchy material, these pants feature a drawstring waist, ensuring a perfect fit for all-day wear. Designed to be worn loose and baggy, they embody effortless style for your everyday outings.","{""lvl0"": ""bottoms"", ""lvl1"": ""bottoms > pants""}",55,pants,https://storage.googleapis.com/landingpage-al/91339454_0.jpg,"[""relaxed fit"", ""casual"", ""comfortable""]",true,Khaki relaxed-fit pants,950,0.48
apparel-sample-data-2285007000,"[""dark blue""]","Discover the perfect blend of comfort and style with our dark blue high-waist trousers. Crafted from a soft cotton-polyester blend, these trousers feature a refined straight cut with front pleats and a stylish cuffed bottom. The practical zipper closure and sleek design make them an excellent choice for any professional setting.","{""lvl0"": ""bottoms"", ""lvl1"": ""bottoms > trousers""}",75,pants,https://storage.googleapis.com/landingpage-al/91328031_0.jpg,"[""blue"", ""high-waist"", ""flare"", ""professional""]",true,Dark Blue High-Waist Trousers,930,0.85
apparel-sample-data-2284993000,"[""gray"", ""white""]","Discover comfort and style with our gray and white ombre wide-leg pants. Crafted from soft material, these loose-fitting pants feature a fold-over design and a versatile waistband, making them an ideal choice for a relaxed yet chic look.","{""lvl0"": ""bottoms"", ""lvl1"": ""bottoms > pants""}",75,pants,https://storage.googleapis.com/landingpage-al/91318898_0.jpg,"[""gray"", ""loose fit"", ""comfortable"", ""ombre""]",true,Gray and White Ombre Wide-Leg Pants,982,0.82
apparel-sample-data-2284991000,"[""white""]","Discover comfort and style with our white wide-leg pants. Crafted from lightweight material, these cropped pants feature a creased front, offering a chic silhouette that complements a variety of tops. Ideal for both casual outings and dressier events.","{""lvl0"": ""bottoms"", ""lvl1"": ""bottoms > pants""}",75,pants,https://storage.googleapis.com/landingpage-al/91318498_0.jpg,"[""multicolor"", ""tailored"", ""wide-leg"", ""cropped""]",true,White Wide-Leg Pants,982,0.41
apparel-sample-data-2284984000,"[""black""]","Discover the charm of our black wide-leg pants crafted from a shiny material that beautifully reflects light. Designed with a relaxed fit and cropped length, these flowy pants taper towards the ankle and feature a convenient front zipper closure, making them perfect for both casual and sophisticated occasions.","{""lvl0"": ""bottoms"", ""lvl1"": ""bottoms > pants""}",85,pants,https://storage.googleapis.com/landingpage-al/91310735_0.jpg,"[""black"", ""wide-leg"", ""flowy"", ""fashionable""]",true,Black Wide-Leg Pants,930,0.01
apparel-sample-data-2282992000,"[""blue"", ""indigo""]","Discover comfort and style with our blue relaxed-fit denim pants. Designed with a drawstring waist and side pocket, these cropped pants are perfect for casual outings or lounging at home.","{""lvl0"": ""apparel"", ""lvl1"": ""apparel > bottoms""}",70,pants,https://storage.googleapis.com/landingpage-al/91437395_0.jpg,"[""blue"", ""relaxed-fit"", ""denim"", ""casual""]",true,Blue Relaxed-Fit Denim Pants,980,0.85
apparel-sample-data-2282989000,"[""black""]","Discover the perfect blend of comfort and style with our denim straight-leg pants. Crafted from high-quality denim, these pants promise a flattering fit while providing tummy control. Ideal for both casual and semi-formal occasions, they effortlessly complement a variety of outfits.","{""lvl0"": ""apparel"", ""lvl1"": ""apparel > pants""}",75,pants,https://storage.googleapis.com/landingpage-al/91436055_0.jpg,"[""denim"", ""tummy-control"", ""straight-leg"", ""versatile""]",true,Denim Straight-Leg Pants,980,0.41
apparel-sample-data-2282976000,"[""olive green""]","Discover the perfect blend of comfort and style with our olive green relaxed-fit pants. Designed with a soft, lightweight fabric, these pants feature a drawstring waistband that offers a customizable fit for various body types. Ideal for casual outings, they make an excellent addition to your wardrobe.","{""lvl0"": ""bottoms"", ""lvl1"": ""bottoms > pants""}",45,pants,https://storage.googleapis.com/landingpage-al/91424713_0.jpg,"[""green"", ""comfortable"", ""relaxed-fit""]",true,Olive Green Relaxed-Fit Pants,987,0.63
apparel-sample-data-2282973000,"[""beige""]","Discover comfort during warm weather with our beige linen straight-leg pants. Designed with a relaxed fit and a drawstring waist, these lightweight and breathable pants offer a casual yet stylish look, perfect for any laid-back occasion.","{""lvl0"": ""apparel"", ""lvl1"": ""apparel > pants""}",75,pants,https://storage.googleapis.com/landingpage-al/91417168_0.jpg,"[""multicolor"", ""linen"", ""comfortable"", ""relaxed fit""]",true,Beige Linen Straight-Leg Pants,880,0.49
apparel-sample-data-2282969000,"[""black""]","Discover the perfect blend of comfort and style with our modern black straight-leg pants. Crafted from stretchy fabric, these pants feature a contemporary zipper detail on the front, adding a stylish twist to a classic look. Ideal for everyday wear or casual outings, they offer versatility and an effortlessly chic silhouette.","{""lvl0"": ""apparel"", ""lvl1"": ""apparel > pants""}",65,pants,https://storage.googleapis.com/landingpage-al/91413544_0.jpg,"[""stretchy"", ""modern"", ""casual""]",true,Modern Black Straight-Leg Pants,920,0.79
apparel-sample-data-2282966000,"[""dark blue""]","Discover the perfect blend of style and comfort with our dark blue classic fit jeans. Crafted from durable denim, these jeans feature a zipper fly closure and cuffed ankles, designed to provide a flattering silhouette and versatile wear for everyday fashion.","{""lvl0"": ""bottoms"", ""lvl1"": ""bottoms > pants""}",75,pants,https://storage.googleapis.com/landingpage-al/91412547_0.jpg,"[""blue"", ""classic-fit"", ""denim"", ""cuffed""]",true,Dark Blue Classic Fit Jeans,984,0.5
apparel-sample-data-2282956000,"[""dark blue""]","Discover our dark blue straight-leg pants, designed for comfort and style. Crafted from a blend of cotton and polyester, these pants feature a zipper closure and a button at the waistband for a secure fit. The sleek, modern cut makes them a versatile addition to any wardrobe, easily paired with different tops for a variety of looks.","{""lvl0"": ""bottoms"", ""lvl1"": ""bottoms > pants""}",75,pants,https://storage.googleapis.com/landingpage-al/91409489_0.jpg,"[""blue"", ""modern"", ""straight-leg""]",true,Dark Blue Straight-Leg Pants,987,0.86
apparel-sample-data-2282954000,"[""black""]","Discover our black fitted leggings, crafted from a flexible stretch-cotton blend that adapts to your movements. These versatile leggings are perfect for any occasion, effortlessly pairing with your favorite tucked-in tops for a polished look.","{""lvl0"": ""bottoms"", ""lvl1"": ""bottoms > pants""}",50,pants,https://storage.googleapis.com/landingpage-al/91408942_0.jpg,"[""black"", ""stretch-cotton"", ""fitted"", ""versatile""]",true,Black Fitted Leggings,980,0.63
apparel-sample-data-2282953000,"[""black""]","Designed for comfort and style, our black straight-leg plus size pants feature a contoured waistband and stretchy material. Perfect for versatile outfit pairings, these pants ensure a flattering fit that moves with you throughout the day.","{""lvl0"": ""apparel"", ""lvl1"": ""apparel > pants""}",75,pants,https://storage.googleapis.com/landingpage-al/91408718_0.jpg,"[""black"", ""stretch"", ""plus size"", ""straight leg""]",true,Black Straight-Leg Plus Size Pants,900,0.66
apparel-sample-data-2282939000,"[""black""]","Discover the perfect blend of style and comfort with our black cropped straight-leg pants. Designed with a stretchy fabric and a wide waistband, these pants provide ease of movement while maintaining a polished look. Ideal for casual or slightly dressy occasions, they pair effortlessly with a variety of tops.","{""lvl0"": ""bottoms"", ""lvl1"": ""bottoms > pants""}",75,pants,https://storage.googleapis.com/landingpage-al/91387529_0.jpg,"[""black"", ""stretch"", ""cropped"", ""comfortable""]",true,Black Cropped Straight-Leg Pants,982,0.27
apparel-sample-data-2282934000,"[""maroon""]","Discover sophistication with our maroon straight-leg pants. Crafted with a sleek slim fit and made from a glossy material, these trousers feature a stylish front zipper detail, perfect for both casual and formal occasions.","{""lvl0"": ""bottoms"", ""lvl1"": ""bottoms > pants""}",75,pants,https://storage.googleapis.com/landingpage-al/91374779_0.jpg,"[""slim fit"", ""shiny"", ""stylish""]",true,Maroon Straight-Leg Pants,983,0.14
apparel-sample-data-2282917000,"[""black""]","Discover effortless style with our black straight-leg pants. Crafted from a soft cotton-polyester blend, these pants offer a comfortable fit with a flattering high waist and elegant wide leg. The classic zipper closure and cuffed hems add a touch of sophistication, making them perfect for relaxed outings or casual gatherings.","{""lvl0"": ""apparel"", ""lvl1"": ""apparel > bottoms"", ""lvl2"": ""apparel > bottoms > pants""}",75,pants,https://storage.googleapis.com/landingpage-al/91347701_1.jpg,"[""high-waisted"", ""trouser"", ""casual"", ""comfortable""]",true,Black Straight-Leg Pants,930,0.67
apparel-sample-data-2282915000,"[""black""]","Discover the perfect blend of comfort and style with our black straight-leg pants. Crafted from stretchy polyester, these trousers offer a comfortable fit without compromising on versatility. The straight cut provides a timeless look, making them an ideal choice for both casual and formal occasions.","{""lvl0"": ""clothing"", ""lvl1"": ""clothing > pants""}",55,pants,https://storage.googleapis.com/landingpage-al/91346891_0.jpg,"[""black"", ""polyester"", ""straight-leg"", ""trousers"", ""comfortable""]",true,Black Straight-Leg Pants,890,0.06
apparel-sample-data-2282910000,"[""black""]","Discover these trendy black shorts featuring a unique pleated design. With a high waist and wide leg silhouette, they deliver a stylish finish suitable for a variety of occasions, making them a versatile addition to your wardrobe.","{""lvl0"": ""bottoms"", ""lvl1"": ""bottoms > pants""}",75,pants,https://storage.googleapis.com/landingpage-al/91344790_0.jpg,"[""high waist"", ""wide leg"", ""trendy""]",true,Trendy Black Pleated Shorts,983,0.73
apparel-sample-data-2282909000,"[""black""]","Discover the perfect blend of style and comfort with our black high waist skinny jeans. Crafted from quality denim, these jeans feature a flattering skinny fit with a classic zipper and button closure, making them ideal for any casual occasion.","{""lvl0"": ""apparel"", ""lvl1"": ""apparel > pants""}",75,pants,https://storage.googleapis.com/landingpage-al/91342958_0.jpg,"[""black"", ""high waist"", ""skinny fit"", ""denim""]",true,Black High Waist Skinny Jeans,980,0.78
apparel-sample-data-2282908000,"[""gray"", ""white""]","Discover a blend of comfort and style with our gray and white pinstripe pants. Designed with a loose fit and crafted from a soft cotton blend, these trousers feature subtle stripes that add a touch of sophistication to your casual looks.","{""lvl0"": ""bottoms"", ""lvl1"": ""bottoms > pants""}",75,pants,https://storage.googleapis.com/landingpage-al/91342697_0.jpg,"[""gray"", ""pinstripe"", ""comfortable"", ""loose fit""]",true,Gray and White Pinstripe Pants,890,0.4
apparel-sample-data-2282903000,"[""beige""]","Discover the perfect blend of comfort and style with our beige relaxed fit sweatpants. Designed with a drawstring waist and a secure zipper closure, these sweatpants are crafted from a soft, stretchy material, ensuring ease of movement. Ideal for casual outings or lounging at home, they offer versatility for any occasion.","{""lvl0"": ""apparel"", ""lvl1"": ""apparel > pants""}",50,pants,https://storage.googleapis.com/landingpage-al/91339495_0.jpg,"[""comfortable"", ""versatile"", ""casual""]",true,Beige Relaxed Fit Sweatpants,932,0.31
apparel-sample-data-2282901000,"[""black""]","Discover the perfect blend of comfort and style with our black high-waisted leggings. Crafted from stretchy material for optimal movement, these leggings feature a sleek silver zipper detail along the side, making them a versatile choice for both casual and chic outfits.","{""lvl0"": ""bottoms"", ""lvl1"": ""bottoms > pants""}",45,pants,https://storage.googleapis.com/landingpage-al/91338527_0.jpg,"[""black"", ""stretch"", ""high-waisted"", ""sleek""]",true,Black High-Waisted Leggings,876,0.13
apparel-sample-data-2282898000,"[""black""]","Discover comfort and style with our black straight-leg pants. Constructed from a stretchy material, these versatile trousers offer a flattering straight cut that is perfect for any occasion. Designed to fit comfortably at the waist and elegantly tailored to the ankle, they strike the perfect balance between casual and chic.","{""lvl0"": ""bottoms"", ""lvl1"": ""bottoms > trousers""}",75,pants,https://storage.googleapis.com/landingpage-al/91336952_0.jpg,"[""stretchy"", ""black"", ""ankle-length"", ""straight-leg""]",true,Black Straight-Leg Pants,987,0.19
apparel-sample-data-2282895000,"[""brown"", ""black""]","Discover comfort and style with our brown and black loose-fit pants. Crafted from a soft knit material, these pants offer a relaxed silhouette perfect for casual outings. Pair them effortlessly with a variety of tops for a laid-back look.","{""lvl0"": ""apparel"", ""lvl1"": ""apparel > pants""}",75,pants,https://storage.googleapis.com/landingpage-al/91332473_0.jpg,"[""gray"", ""comfortable"", ""loose-fit"", ""casual""]",true,Brown and Black Loose-Fit Pants,892,0.73
apparel-sample-data-2282893000,"[""black""]","Discover the perfect blend of style and comfort with our black capri pants. Crafted from stretchy material, these pants feature a convenient side zipper closure and are designed to be worn at the waist, making them ideal for everyday wear or casual outings.","{""lvl0"": ""bottoms"", ""lvl1"": ""bottoms > pants""}",65,pants,https://storage.googleapis.com/landingpage-al/91329631_0.jpg,"[""black"", ""stretchy"", ""casual"", ""comfortable""]",true,Black Capri Pants,980,0.36
apparel-sample-data-2282892000,"[""black""]","Discover the perfect blend of style and comfort with our classic black straight-leg pants. Crafted from a shiny material, these trousers feature a flattering straight cut and are designed with a front zipper and a stylish black belt for a secure fit. Ideal for both casual and formal occasions.","{""lvl0"": ""bottoms"", ""lvl1"": ""bottoms > trousers""}",75,pants,https://storage.googleapis.com/landingpage-al/91329071_0.jpg,"[""black"", ""tummy-control"", ""straight-leg"", ""versatile""]",true,Classic Black Straight-Leg Pants,980,0.02
apparel-sample-data-2282891000,"[""khaki"", ""light brown""]","Discover the perfect balance of comfort and style with our khaki straight-leg pants. Crafted from light brown material, these trousers offer a relaxed fit that can be effortlessly paired with a variety of tops. Their neutral tone makes them a versatile addition to any wardrobe.","{""lvl0"": ""bottoms"", ""lvl1"": ""bottoms > pants""}",75,pants,https://storage.googleapis.com/landingpage-al/91328739_0.jpg,"[""brown"", ""relaxed fit"", ""custom"", ""stretch"", ""versatile""]",true,Khaki Straight-Leg Pants,980,0.97
apparel-sample-data-2282887000,"[""dark brown""]","Discover comfort and style with our dark brown straight-leg pants. Crafted from a soft cotton and polyester blend, these pants feature a relaxed fit and slight sheen, making them perfect for both casual and polished outfits. Designed to be worn with a belt, they pair effortlessly with long-sleeved tops and closed-toe shoes for a refined look.","{""lvl0"": ""bottoms"", ""lvl1"": ""bottoms > pants""}",75,pants,https://storage.googleapis.com/landingpage-al/91326244_0.jpg,"[""relaxed fit"", ""dark brown"", ""cotton blend"", ""versatile""]",true,Dark Brown Straight-Leg Pants,890,0.63
apparel-sample-data-2282883000,"[""dark red"", ""burgundy""]","Discover the perfect blend of comfort and professionalism with our dark red straight-leg pants. Crafted from stretchy material, these beautifully tailored pants feature a sleek zipper closure, making them an ideal choice for business or formal settings.","{""lvl0"": ""bottoms"", ""lvl1"": ""bottoms > pants""}",65,pants,https://storage.googleapis.com/landingpage-al/91324973_0.jpg,"[""petite"", ""workwear"", ""straight-leg"", ""burgundy""]",true,Dark Red Straight-Leg Pants,987,0.61
apparel-sample-data-2282881000,"[""black"", ""white""]","Discover the ultimate in comfort with our black and white striped leggings. Designed with a soft, stretchy fabric, these leggings feature a convenient drawstring waistband for a personalized fit. Ideal for everyday wear, they offer versatility and style, making them a perfect choice for various occasions.","{""lvl0"": ""bottoms"", ""lvl1"": ""bottoms > leggings""}",45,pants,https://storage.googleapis.com/landingpage-al/91317214_0.jpg,"[""comfortable"", ""stretchy"", ""black and white"", ""versatile""]",true,Black and White Striped Leggings,890,0.21
apparel-sample-data-2282877000,"[""purple""]","Step into style with our vibrant purple straight-leg jeans. Crafted from high-quality denim, these classic fit jeans feature a five-pocket design, making them both functional and fashionable. Perfect for casual outings or laid-back weekends.","{""lvl0"": ""bottoms"", ""lvl1"": ""bottoms > pants""}",75,pants,https://storage.googleapis.com/landingpage-al/91314115_0.jpg,"[""multicolor"", ""five-pocket"", ""casual"", ""classic fit""]",true,Purple Straight-Leg Jeans,1023,0.38
apparel-sample-data-2282875000,"[""black""]","Discover the effortless style of our black wide-leg pants. Crafted from a comfortable cotton blend, these cropped pants feature a relaxed fit, making them perfect for both casual outings and sophisticated ensembles. Pair them with a classic white shirt for a polished look.","{""lvl0"": ""bottoms"", ""lvl1"": ""bottoms > pants""}",85,pants,https://storage.googleapis.com/landingpage-al/91312730_1.jpg,"[""black"", ""cotton blend"", ""wide-leg"", ""casual""]",true,Black Wide-Leg Pants,987,0.35
apparel-sample-data-2281489000,"[""black""]","Discover the perfect blend of comfort and style with our black skinny jeans. Crafted from high-quality denim, these jeans feature a sleek skinny fit and a chic gold zipper pull, making them a versatile addition to your wardrobe.","{""lvl0"": ""bottoms"", ""lvl1"": ""bottoms > pants""}",75,pants,https://storage.googleapis.com/landingpage-al/91435052_0.jpg,"[""black"", ""skinny"", ""denim"", ""stretch""]",true,Black Skinny Jeans,980,0.39
apparel-sample-data-2281485000,"[""black""]","Discover the perfect blend of style and comfort with our black high-waisted skinny pants. Crafted from a sleek, shiny material, these pants feature a tapered leg design for a contemporary look. Ideal for both casual outings and dressed-up occasions.","{""lvl0"": ""bottoms"", ""lvl1"": ""bottoms > pants""}",75,pants,https://storage.googleapis.com/landingpage-al/91434440_0.jpg,"[""black"", ""skinny"", ""high waist"", ""modern""]",true,Black high-waisted skinny pants,982,0.97
apparel-sample-data-2281484000,"[""black""]","Discover the comfort of our black stretchy leggings, crafted with a flexible material for effortless movement. These leggings are designed for a relaxed fit, making them ideal for casual outings or lounging at home.","{""lvl0"": ""apparel"", ""lvl1"": ""apparel > pants""}",45,pants,https://storage.googleapis.com/landingpage-al/91433560_1.jpg,"[""stretchy"", ""comfortable"", ""casual""]",true,Black Stretchy Leggings,880,0.1
apparel-sample-data-2281479000,"[""black""]","Introducing our black high-waisted velvet pants, designed for both comfort and style. These trousers feature a straight leg and are crafted from a soft velvet material, making them perfect for any casual or semi-formal occasion. Enjoy a relaxed fit that adds a touch of elegance to your wardrobe.","{""lvl0"": ""bottoms"", ""lvl1"": ""bottoms > trousers""}",75,pants,https://storage.googleapis.com/landingpage-al/91425157_0.jpg,"[""black"", ""velvet"", ""high-waisted"", ""relaxed-fit""]",true,Black High-Waisted Velvet Pants,980,0.79
apparel-sample-data-2281477000,"[""black""]","Discover the perfect blend of comfort and style with our black skinny pants. Crafted from high-quality denim, these pants feature a sleek straight cut that flatters all body types. Ideal for a casual outing or a polished look, they offer both versatility and modern appeal.","{""lvl0"": ""bottoms"", ""lvl1"": ""bottoms > pants""}",80,pants,https://storage.googleapis.com/landingpage-al/91422454_0.jpg,"[""black"", ""cotton-blend"", ""corduroy"", ""skinny""]",true,Black Skinny Pants,980,0.83
apparel-sample-data-2281474000,"[""black""]","Discover the perfect blend of comfort and style with our black skinny jeans. Designed with a high waist and crafted from premium denim, these jeans feature a sleek skinny fit with a convenient button and zipper closure. Ideal for a sophisticated and contemporary look.","{""lvl0"": ""bottoms"", ""lvl1"": ""bottoms > pants""}",75,pants,https://storage.googleapis.com/landingpage-al/91420274_0.jpg,"[""high-rise"", ""skinny fit"", ""denim"", ""stylish""]",true,Black Skinny Jeans,980,0.96
apparel-sample-data-2281471000,"[""black""]","Discover the perfect blend of style and comfort with our black skinny pants. Crafted from soft velveteen denim, they offer a chic high-rise fit that flatters your silhouette. Ideal for any casual or smart-casual outfit, they can easily be paired with your favorite top.","{""lvl0"": ""clothing"", ""lvl1"": ""clothing > bottoms""}",75,pants,https://storage.googleapis.com/landingpage-al/91418346_0.jpg,"[""black"", ""high-rise"", ""skinny"", ""velveteen""]",true,Black Skinny Pants,980,0.19
apparel-sample-data-2281464000,"[""black""]","Discover the perfect blend of style and functionality with our black high-performance pants. Featuring a durable, stretchy material, these pants are crafted for high-impact activities, ensuring comfort and support during your workouts. The iconic white adidas logo adds a classic touch, making them suitable for both exercise and casual wear.","{""lvl0"": ""apparel"", ""lvl1"": ""apparel > bottoms"", ""lvl2"": ""apparel > bottoms > pants""}",75,pants,https://storage.googleapis.com/landingpage-al/91412453_0.jpg,"[""black"", ""high-performance"", ""stretchy"", ""activewear""]",true,Black high-performance pants,982,0.25
apparel-sample-data-2281457000,"[""black""]","Discover the ultimate in comfort and style with our black leggings featuring a unique gray and white heathered print. Crafted from stretchy spandex, these leggings offer a ribbed texture and a snug fit, making them ideal for all types of workout activities and casual wear.","{""lvl0"": ""bottoms"", ""lvl1"": ""bottoms > pants""}",45,pants,https://storage.googleapis.com/landingpage-al/91409594_0.jpg,"[""black"", ""jacquard"", ""comfortable"", ""activewear""]",true,Black Heathered Leggings,1023,0.55
apparel-sample-data-2281449000,"[""brown""]","Discover the chic allure of our brown leopard print skinny pants. Crafted from a soft, stretchy material, these pants feature a straight cut and a striking leopard pattern with small brown spots on a darker brown background, perfect for adding a touch of sophistication to your casual outfits.","{""lvl0"": ""bottoms"", ""lvl1"": ""bottoms > pants""}",85,pants,https://storage.googleapis.com/landingpage-al/91407492_0.jpg,"[""brown"", ""textured"", ""casual"", ""leopard print""]",true,Brown Leopard Print Skinny Pants,987,0.24
apparel-sample-data-2281448000,"[""black"", ""white""]","Discover the perfect blend of style and comfort with our black and white skinny jeggings. Crafted from stretchy material, these pants ensure a flattering fit and versatile wear. Ideal for pairing with both casual and dressy tops, they redefine your everyday wardrobe.","{""lvl0"": ""bottoms"", ""lvl1"": ""bottoms > pants""}",75,pants,https://storage.googleapis.com/landingpage-al/91407431_0.jpg,"[""black"", ""stretch"", ""skinny"", ""jeggings""]",true,Black and White Skinny Jeggings,980,0.33
apparel-sample-data-2281443000,"[""gold""]","Step out in style with our gold metallic cropped pants. Crafted from a shiny material with a striking metallic finish, these pants feature a high waistline and a wide leg design. The gold zipper on the side adds a trendy touch, making these the perfect choice for a fashion-forward ensemble.","{""lvl0"": ""bottoms"", ""lvl1"": ""bottoms > pants""}",85,pants,https://storage.googleapis.com/landingpage-al/91406224_0.jpg,"[""metallic"", ""herringbone"", ""stylish""]",true,Gold Metallic Cropped Pants,980,0.98
apparel-sample-data-2281434000,"[""blue""]","Discover our blue high-waist skinny pants designed for a sleek silhouette. Crafted from shiny, stretchable material, these trousers provide a snug fit around the hips and thighs, perfect for adding a chic touch to any outfit.","{""lvl0"": ""bottoms"", ""lvl1"": ""bottoms > pants""}",75,pants,https://storage.googleapis.com/landingpage-al/91388674_0.jpg,"[""blue"", ""high waist"", ""skinny fit"", ""stretch""]",true,Blue High-Waist Skinny Pants,980,0.33
apparel-sample-data-2281432000,"[""khaki"", ""tan""]","Discover the perfect blend of comfort and style with our khaki capri pants. Crafted from lightweight material, these pants feature a drawstring waistband and a straight cut, designed for a relaxed fit that allows for ease of movement. The light tan hue makes them a versatile addition to your wardrobe, suitable for casual outings or laid-back days.","{""lvl0"": ""bottoms"", ""lvl1"": ""bottoms > pants""}",75,pants,https://storage.googleapis.com/landingpage-al/91385488_0.jpg,"[""natural"", ""lightweight"", ""relaxed fit"", ""capri""]",true,Khaki Capri Pants,980,0.62
apparel-sample-data-2281429000,"[""light khaki""]","Discover the perfect combination of style and comfort with our light khaki skinny pants. Crafted from a stretchy material, these pants feature a classic 5-pocket design, a flattering straight leg cut, and a darker wash on the thighs and knees. Ideal for casual outings and everyday wear, they provide both flexibility and a fashionable look, secured with a reliable zipper and button closure.","{""lvl0"": ""apparel"", ""lvl1"": ""apparel > pants""}",45,pants,https://storage.googleapis.com/landingpage-al/91379939_0.jpg,"[""multicolor"", ""jeggings"", ""stretchy"", ""casual""]",true,Light Khaki Skinny Pants,980,0.38
apparel-sample-data-2281421000,"[""gray""]","Discover comfort with our gray sweatpants, designed with a stylish green and yellow zigzag pattern along the sides. Featuring a flexible drawstring waist and ribbed cuffs, these pants provide a relaxed fit, perfect for lounging or casual outings.","{""lvl0"": ""bottoms"", ""lvl1"": ""bottoms > pants""}",45,pants,https://storage.googleapis.com/landingpage-al/91368753_0.jpg,"[""quilted"", ""lounge"", ""casual""]",true,Gray Sweatpants with Zigzag Pattern,890,0.27
apparel-sample-data-2281419000,"[""black""]","Discover a bold addition to your wardrobe with our black camouflage skinny jeans. Designed with a fitted silhouette, these jeans feature a stylish zipper and button closure, complemented by eye-catching silver studs for an edgy touch. Perfect for making a statement, whether you're out for casual outings or weekend adventures.","{""lvl0"": ""bottoms"", ""lvl1"": ""bottoms > pants""}",89.99,pants,https://storage.googleapis.com/landingpage-al/91367409_0.jpg,"[""denim"", ""camouflage"", ""embellished"", ""trendy""]",true,Black Camouflage Skinny Jeans,952,0.25
apparel-sample-data-2281413000,"[""red""]","Introducing our stylish red skinny pants, designed with a modern, fashionable appeal. These pants are crafted from stretchy material for a comfortable fit, featuring a sleek zipper and a functional pocket, making them versatile for various occasions.","{""lvl0"": ""bottoms"", ""lvl1"": ""bottoms > pants""}",75,pants,https://storage.googleapis.com/landingpage-al/91361811_0.jpg,"[""red"", ""stylish"", ""stretch"", ""casual""]",true,Stylish Red Skinny Pants,982,0.46
apparel-sample-data-2281411000,"[""black""]","Discover the perfect blend of style and comfort with our black distressed skinny jeans. These jeans feature a chic white lace-up front, complemented by a classic silver zipper and button closure. Crafted from high-quality denim, they offer a flattering fit and a versatile look suitable for any occasion.","{""lvl0"": ""bottoms"", ""lvl1"": ""bottoms > pants""}",75,pants,https://storage.googleapis.com/landingpage-al/91361705_0.jpg,"[""black"", ""denim"", ""distressed"", ""casual""]",true,Black distressed skinny jeans,892,0.82
apparel-sample-data-2281396000,"[""black""]","Discover the perfect blend of comfort and style with our black high-waisted skinny jeans. Crafted from durable denim with a stylish distressed finish, these jeans feature a snug fit that flatters your silhouette while providing a stretchy texture for all-day wear.","{""lvl0"": ""bottom wear"", ""lvl1"": ""bottom wear > pants""}",75,pants,https://storage.googleapis.com/landingpage-al/91342399_0.jpg,"[""high-waisted"", ""skinny"", ""distressed"", ""stylish""]",true,Black High-Waisted Skinny Jeans,982,0.06
apparel-sample-data-2281392000,"[""black""]","Discover the perfect blend of comfort and style with our Lyla high-waisted skinny jeans. Crafted from high-quality stretchy denim, these jeans embrace your silhouette with a flattering fit, making them a versatile addition to your wardrobe.","{""lvl0"": ""bottoms"", ""lvl1"": ""bottoms > pants""}",75,pants,https://storage.googleapis.com/landingpage-al/91341239_0.jpg,"[""stretchy"", ""skinny fit"", ""denim"", ""high waisted""]",true,Lyla High-Waisted Skinny Jeans,894,0.47
apparel-sample-data-2281391000,"[""dark blue""]","Discover the perfect blend of comfort and style with our dark blue high-waisted pants. Crafted from a luxurious cashmere-silk blend, these fitted trousers feature a shiny finish, a secure zipper closure, and a chic wide leg design, making them a versatile addition to your wardrobe.","{""lvl0"": ""clothing"", ""lvl1"": ""clothing > trousers""}",150,pants,https://storage.googleapis.com/landingpage-al/91341160_0.jpg,"[""high-waisted"", ""fitted"", ""wide leg"", ""elegant""]",true,Dark Blue High-Waisted Pants,982,0.4
apparel-sample-data-2281388000,"[""black""]","Discover the perfect blend of comfort and style with our black stretch leggings. Crafted from a flexible material, these leggings offer a fitted silhouette designed for relaxed wear, making them an ideal choice for both casual and active settings.","{""lvl0"": ""apparel"", ""lvl1"": ""apparel > pants""}",40,pants,https://storage.googleapis.com/landingpage-al/91339452_0.jpg,"[""black"", ""fitted"", ""stretch""]",true,Black Stretch Leggings,980,0.48
apparel-sample-data-2281384000,"[""dark maroon"", ""brown""]","Discover the perfect blend of style and comfort with our dark maroon skinny pants. Designed with a flattering high waist and crafted from soft, breathable material, these pants feature a sleek zipper closure and pair flawlessly with various tops for a polished look.","{""lvl0"": ""clothing"", ""lvl1"": ""clothing > pants""}",75,pants,https://storage.googleapis.com/landingpage-al/91336609_1.jpg,"[""skinny"", ""chino"", ""high-waisted"", ""elegant""]",true,Dark Maroon Skinny Pants,890,0.58
apparel-sample-data-2281381000,"[""black""]","Discover the perfect blend of style and comfort with our black skinny leggings. Crafted from a stretchy material, these leggings feature a unique zipper detail on the side, adding a fashionable touch to your look. Ideal for both casual and chic occasions, they provide a sleek fit that pairs beautifully with a variety of tops.","{""lvl0"": ""bottoms"", ""lvl1"": ""bottoms > pants""}",45,pants,https://storage.googleapis.com/landingpage-al/91335513_0.jpg,"[""black"", ""elastic"", ""skinny"", ""fashionable""]",true,Black Skinny Leggings with Zipper Detail,897,0.97
apparel-sample-data-2281379000,"[""green""]","Discover our stylish green high-waisted jeans, designed for a flattering fit that hugs through the thighs and knees. Featuring a trendy distressed look, these jeans are perfect for adding a touch of flair to your casual wardrobe. Pair them effortlessly with your favorite tops for an elevated everyday style.","{""lvl0"": ""bottoms"", ""lvl1"": ""bottoms > pants""}",75,pants,https://storage.googleapis.com/landingpage-al/91334830_0.jpg,"[""high waist"", ""distressed"", ""fashionable""]",true,Green High-Waisted Jeans,982,0.15
apparel-sample-data-2281375000,"[""dark red""]","Discover our stylish dark red straight-cut pants, featuring a subtle pattern of small dots in a complementary shade. Crafted from a comfortable blend of cotton and polyester, these pants provide a polished look suitable for everyday wear.","{""lvl0"": ""bottoms"", ""lvl1"": ""bottoms > pants""}",78,pants,https://storage.googleapis.com/landingpage-al/91329585_0.jpg,"[""red"", ""ankle"", ""everyday"", ""straight-cut""]",true,Dark Red Straight-Cut Pants,943,0.28
apparel-sample-data-2281374000,"[""black""]","Discover the perfect blend of style and comfort with our black high-rise skinny jeans. Crafted from premium denim, these jeans feature a straight fit that enhances your silhouette while offering all-day wearability. Ideal for casual outings, they can be paired easily with a variety of tops for a chic look.","{""lvl0"": ""bottoms"", ""lvl1"": ""bottoms > pants""}",75,pants,https://storage.googleapis.com/landingpage-al/91329446_0.jpg,"[""black"", ""high-rise"", ""skinny"", ""denim"", ""casual""]",true,Black High-Rise Skinny Jeans,980,0.82
apparel-sample-data-2281372000,"[""deep red""]","Step out in style with our Deep Red Skinny Pants, designed for versatility and comfort. Made from a stretchy material, these high-waisted pants feature a modern wide leg, perfect for dressing up or down for any occasion.","{""lvl0"": ""bottoms"", ""lvl1"": ""bottoms > pants""}",75,pants,https://storage.googleapis.com/landingpage-al/91328508_0.jpg,"[""red"", ""pintucked"", ""trendy""]",true,Deep Red Skinny Pants,987,0.1
apparel-sample-data-2281366000,"[""dark khaki""]","Discover comfort and style with our dark khaki relaxed fit pants, crafted from a durable cotton/polyester blend. Featuring a straight cut and plain front, these versatile pants are designed for a laid-back look without compromising on quality.","{""lvl0"": ""bottoms"", ""lvl1"": ""bottoms > pants""}",75,pants,https://storage.googleapis.com/landingpage-al/91326452_0.jpg,"[""multicolor"", ""relaxed fit"", ""casual""]",true,Dark Khaki Relaxed Fit Pants,980,0.55
apparel-sample-data-2281357000,"[""black""]","Discover the perfect blend of style and comfort with our black skinny jeans. Crafted from high-quality denim, these jeans feature a classic five-pocket design and a sleek skinny fit. The button and zipper closure ensure a secure fit, making them an ideal choice for any casual outfit.","{""lvl0"": ""bottoms"", ""lvl1"": ""bottoms > pants""}",75,pants,https://storage.googleapis.com/landingpage-al/91310186_0.jpg,"[""black"", ""skinny"", ""classic fit"", ""denim""]",true,Black Skinny Jeans,982,0.9
apparel-sample-data-2279888000,"[""black""]","Discover the perfect blend of comfort and style with our black high-waisted leggings. Crafted from a stretchy material, these leggings are designed for a snug fit that hugs your legs perfectly. Ideal for both workout and casual wear, they provide flexibility and support, meeting your lifestyle needs effortlessly.","{""lvl0"": ""bottoms"", ""lvl1"": ""bottoms > leggings""}",45,leggings,https://storage.googleapis.com/landingpage-al/91437334_0.jpg,"[""black"", ""high-waist"", ""ribbed"", ""comfortable"", ""stretchy""]",true,Black High-Waisted Leggings,982,0.23
